User_ID,Latitude,Longitude,Altitude,Date,Time,Timestamp
IND-USR-001,17.688787,83.217947,243.0,2026-08-02,06:16:00,2026-08-02 06:16:00
IND-USR-001,17.689391,83.224592,57.6,2026-08-02,06:21:00,2026-08-02 06:21:00
IND-USR-001,17.685863,83.217563,822.3,2026-08-02,06:35:00,2026-08-02 06:35:00
IND-USR-001,17.693117,83.22157,243.4,2026-08-02,06:50:00,2026-08-02 06:50:00
IND-USR-001,17.684922,83.22067,774.7,2026-08-02,06:57:00,2026-08-02 06:57:00
IND-USR-001,17.684946,83.216637,687.9,2026-08-02,07:17:00,2026-08-02 07:17:00
IND-USR-001,17.687768,83.210847,727.3,2026-08-02,07:25:00,2026-08-02 07:25:00
IND-USR-001,17.6799,83.216251,946.2,2026-08-02,07:42:00,2026-08-02 07:42:00
IND-USR-001,17.682749,83.219757,478.8,2026-08-02,07:58:00,2026-08-02 07:58:00
IND-USR-001,16.502568,80.642351,477.5,2026-08-02,08:09:00,2026-08-02 08:09:00
IND-USR-001,16.512063,80.647097,898.5,2026-08-02,08:13:00,2026-08-02 08:13:00
IND-USR-001,16.50647,80.642301,439.8,2026-08-02,08:31:00,2026-08-02 08:31:00
IND-USR-001,16.504022,80.648444,212.2,2026-08-02,08:40:00,2026-08-02 08:40:00
IND-USR-001,16.501596,80.649503,55.7,2026-08-02,08:53:00,2026-08-02 08:53:00
IND-USR-001,16.503797,80.646833,475.2,2026-08-02,09:04:00,2026-08-02 09:04:00
IND-USR-001,16.503793,80.655409,278.6,2026-08-02,09:21:00,2026-08-02 09:21:00
IND-USR-001,16.506146,80.643769,806.3,2026-08-02,09:23:00,2026-08-02 09:23:00
IND-USR-001,16.50949,80.643117,135.9,2026-08-02,09:38:00,2026-08-02 09:38:00
IND-USR-001,16.507035,80.640161,693.9,2026-08-02,09:48:00,2026-08-02 09:48:00
IND-USR-001,16.500887,80.648787,354.0,2026-08-02,10:02:00,2026-08-02 10:02:00
IND-USR-001,16.509154,80.648685,58.1,2026-08-02,10:16:00,2026-08-02 10:16:00
IND-USR-001,16.505737,80.646796,193.0,2026-08-02,10:35:00,2026-08-02 10:35:00
IND-USR-001,16.500286,80.645121,281.3,2026-08-02,10:54:00,2026-08-02 10:54:00
IND-USR-001,16.504357,80.652228,484.0,2026-08-02,11:08:00,2026-08-02 11:08:00
IND-USR-001,16.507574,80.640948,272.9,2026-08-02,11:27:00,2026-08-02 11:27:00
IND-USR-001,16.507496,80.64646,130.9,2026-08-02,11:32:00,2026-08-02 11:32:00
IND-USR-001,16.503492,80.650447,380.3,2026-08-02,11:37:00,2026-08-02 11:37:00
IND-USR-001,16.510324,80.651725,534.4,2026-08-02,11:49:00,2026-08-02 11:49:00
IND-USR-001,16.502843,80.646763,719.7,2026-08-02,12:02:00,2026-08-02 12:02:00
IND-USR-001,16.507525,80.651902,576.3,2026-08-02,12:10:00,2026-08-02 12:10:00
IND-USR-001,16.504283,80.647257,480.1,2026-08-02,12:24:00,2026-08-02 12:24:00
IND-USR-001,16.501775,80.643215,46.6,2026-08-02,12:27:00,2026-08-02 12:27:00
IND-USR-001,16.50945,80.653425,765.7,2026-08-02,12:39:00,2026-08-02 12:39:00
IND-USR-001,16.505912,80.652014,439.6,2026-08-02,12:57:00,2026-08-02 12:57:00
IND-USR-001,16.507647,80.64542,141.4,2026-08-02,13:15:00,2026-08-02 13:15:00
IND-USR-001,16.507646,80.654152,162.8,2026-08-02,13:27:00,2026-08-02 13:27:00
IND-USR-001,16.506057,80.654259,568.1,2026-08-02,13:38:00,2026-08-02 13:38:00
IND-USR-001,16.495721,80.651288,788.6,2026-08-02,13:56:00,2026-08-02 13:56:00
IND-USR-001,16.506548,80.646804,470.5,2026-08-02,14:15:00,2026-08-02 14:15:00
IND-USR-001,16.506567,80.64005,291.8,2026-08-02,14:35:00,2026-08-02 14:35:00
IND-USR-001,16.505321,80.649428,356.3,2026-08-02,14:37:00,2026-08-02 14:37:00
IND-USR-001,16.512112,80.645927,931.1,2026-08-02,14:42:00,2026-08-02 14:42:00
IND-USR-001,16.502966,80.645993,299.2,2026-08-02,15:02:00,2026-08-02 15:02:00
IND-USR-001,16.509862,80.649315,571.1,2026-08-02,15:04:00,2026-08-02 15:04:00
IND-USR-001,16.504081,80.650053,919.0,2026-08-02,15:14:00,2026-08-02 15:14:00
IND-USR-001,16.506588,80.651875,553.0,2026-08-02,15:34:00,2026-08-02 15:34:00
IND-USR-001,16.503392,80.646689,558.5,2026-08-02,15:37:00,2026-08-02 15:37:00
IND-USR-001,16.504632,80.642146,502.8,2026-08-02,15:44:00,2026-08-02 15:44:00
IND-USR-001,16.507384,80.649044,148.9,2026-08-02,15:58:00,2026-08-02 15:58:00
IND-USR-001,16.50622,80.647062,39.7,2026-08-02,16:07:00,2026-08-02 16:07:00
IND-USR-001,16.500539,80.646317,189.3,2026-08-02,16:12:00,2026-08-02 16:12:00
IND-USR-001,16.504829,80.644791,304.9,2026-08-02,16:28:00,2026-08-02 16:28:00
IND-USR-001,16.505555,80.649616,398.2,2026-08-02,16:34:00,2026-08-02 16:34:00
IND-USR-001,16.513745,80.648698,395.8,2026-08-02,16:42:00,2026-08-02 16:42:00
IND-USR-001,16.50723,80.647702,830.4,2026-08-02,16:59:00,2026-08-02 16:59:00
IND-USR-001,16.498525,80.647894,673.4,2026-08-02,17:02:00,2026-08-02 17:02:00
IND-USR-001,16.506441,80.657853,204.9,2026-08-02,17:20:00,2026-08-02 17:20:00
IND-USR-001,16.505431,80.649206,948.2,2026-08-02,17:32:00,2026-08-02 17:32:00
IND-USR-001,16.506061,80.643325,503.9,2026-08-02,17:49:00,2026-08-02 17:49:00
IND-USR-001,16.510771,80.651008,909.3,2026-08-02,18:01:00,2026-08-02 18:01:00
IND-USR-001,16.509364,80.644362,867.4,2026-08-02,18:17:00,2026-08-02 18:17:00
IND-USR-001,16.511811,80.642393,523.5,2026-08-02,18:29:00,2026-08-02 18:29:00
IND-USR-001,16.508547,80.656762,583.5,2026-08-02,18:39:00,2026-08-02 18:39:00
IND-USR-001,16.502238,80.645735,909.9,2026-08-02,18:47:00,2026-08-02 18:47:00
IND-USR-001,16.506599,80.645986,534.6,2026-08-02,18:57:00,2026-08-02 18:57:00
IND-USR-001,17.680597,83.218774,895.0,2026-08-02,19:06:00,2026-08-02 19:06:00
IND-USR-001,17.682551,83.220394,734.9,2026-08-02,19:17:00,2026-08-02 19:17:00
IND-USR-001,17.683122,83.2247,658.8,2026-08-02,19:25:00,2026-08-02 19:25:00
IND-USR-001,17.683667,83.217212,308.0,2026-08-02,19:42:00,2026-08-02 19:42:00
IND-USR-001,17.690054,83.213577,536.9,2026-08-02,19:55:00,2026-08-02 19:55:00
IND-USR-001,17.68771,83.223729,280.5,2026-08-02,20:05:00,2026-08-02 20:05:00
IND-USR-001,17.68037,83.219239,646.0,2026-08-02,20:25:00,2026-08-02 20:25:00
IND-USR-001,17.68784,83.221627,852.0,2026-08-02,20:39:00,2026-08-02 20:39:00
IND-USR-001,17.681852,83.213218,779.3,2026-08-02,20:53:00,2026-08-02 20:53:00
IND-USR-001,17.688888,83.219688,283.0,2026-08-02,20:59:00,2026-08-02 20:59:00
IND-USR-001,17.687802,83.219886,908.0,2026-08-02,21:10:00,2026-08-02 21:10:00
IND-USR-001,17.68408,83.219429,335.6,2026-08-02,21:14:00,2026-08-02 21:14:00
IND-USR-001,17.687972,83.215643,626.6,2026-08-02,21:30:00,2026-08-02 21:30:00
IND-USR-001,17.694263,83.220395,211.1,2026-08-02,21:47:00,2026-08-02 21:47:00
IND-USR-001,17.682035,83.221126,264.9,2026-08-02,22:06:00,2026-08-02 22:06:00
IND-USR-001,17.682901,83.221648,664.4,2026-08-02,22:25:00,2026-08-02 22:25:00
IND-USR-001,17.691434,83.215217,112.7,2026-08-02,22:31:00,2026-08-02 22:31:00
IND-USR-001,17.690654,83.220151,234.9,2026-08-02,22:51:00,2026-08-02 22:51:00
IND-USR-001,17.690088,83.226087,639.6,2026-08-02,22:54:00,2026-08-02 22:54:00
IND-USR-001,17.685818,83.215485,222.1,2026-08-02,23:12:00,2026-08-02 23:12:00
IND-USR-001,17.683242,83.215237,59.3,2026-08-02,23:21:00,2026-08-02 23:21:00
IND-USR-001,17.686492,83.219865,320.5,2026-08-02,23:36:00,2026-08-02 23:36:00
IND-USR-001,17.687907,83.221809,104.5,2026-08-02,23:53:00,2026-08-02 23:53:00
IND-USR-001,17.686852,83.224314,14.9,2026-08-02,23:59:00,2026-08-02 23:59:00
IND-USR-001,17.685741,83.229381,929.2,2026-08-03,00:18:00,2026-08-03 00:18:00
IND-USR-001,17.689303,83.215071,392.5,2026-08-03,00:25:00,2026-08-03 00:25:00
IND-USR-001,17.682516,83.22043,458.8,2026-08-03,00:42:00,2026-08-03 00:42:00
IND-USR-001,17.685906,83.221356,720.6,2026-08-03,00:50:00,2026-08-03 00:50:00
IND-USR-001,17.688693,83.218209,311.9,2026-08-03,01:01:00,2026-08-03 01:01:00
IND-USR-001,17.683413,83.212441,863.5,2026-08-03,01:04:00,2026-08-03 01:04:00
IND-USR-001,17.685014,83.221926,623.2,2026-08-03,01:08:00,2026-08-03 01:08:00
IND-USR-001,17.687656,83.213517,513.0,2026-08-03,01:17:00,2026-08-03 01:17:00
IND-USR-002,17.687493,83.220041,839.3,2026-08-01,06:15:00,2026-08-01 06:15:00
IND-USR-002,17.683265,83.219115,887.9,2026-08-01,06:22:00,2026-08-01 06:22:00
IND-USR-002,17.687033,83.213928,947.3,2026-08-01,06:25:00,2026-08-01 06:25:00
IND-USR-002,17.688231,83.220743,750.7,2026-08-01,06:39:00,2026-08-01 06:39:00
IND-USR-002,17.691132,83.222715,890.4,2026-08-01,06:46:00,2026-08-01 06:46:00
IND-USR-002,17.681289,83.214749,834.1,2026-08-01,06:57:00,2026-08-01 06:57:00
IND-USR-002,17.68886,83.220555,290.5,2026-08-01,06:59:00,2026-08-01 06:59:00
IND-USR-002,17.68886,83.233911,882.7,2026-08-01,07:04:00,2026-08-01 07:04:00
IND-USR-002,17.689084,83.223042,277.5,2026-08-01,07:16:00,2026-08-01 07:16:00
IND-USR-002,17.690616,83.221106,502.9,2026-08-01,07:35:00,2026-08-01 07:35:00
IND-USR-002,17.685539,83.221536,810.0,2026-08-01,07:41:00,2026-08-01 07:41:00
IND-USR-002,17.683709,83.217553,266.5,2026-08-01,07:57:00,2026-08-01 07:57:00
IND-USR-002,16.504259,80.648327,320.8,2026-08-01,08:02:00,2026-08-01 08:02:00
IND-USR-002,16.515459,80.640531,619.4,2026-08-01,08:18:00,2026-08-01 08:18:00
IND-USR-002,16.508945,80.641549,23.2,2026-08-01,08:25:00,2026-08-01 08:25:00
IND-USR-002,16.504312,80.652356,753.3,2026-08-01,08:37:00,2026-08-01 08:37:00
IND-USR-002,16.506457,80.643689,643.9,2026-08-01,08:57:00,2026-08-01 08:57:00
IND-USR-002,16.503339,80.650718,175.0,2026-08-01,09:05:00,2026-08-01 09:05:00
IND-USR-002,16.503279,80.648866,787.4,2026-08-01,09:19:00,2026-08-01 09:19:00
IND-USR-002,16.506382,80.645394,318.3,2026-08-01,09:37:00,2026-08-01 09:37:00
IND-USR-002,16.514776,80.650536,639.1,2026-08-01,09:51:00,2026-08-01 09:51:00
IND-USR-002,16.498099,80.648746,932.8,2026-08-01,09:58:00,2026-08-01 09:58:00
IND-USR-002,16.503553,80.65141,314.2,2026-08-01,10:15:00,2026-08-01 10:15:00
IND-USR-002,16.50303,80.647541,16.4,2026-08-01,10:24:00,2026-08-01 10:24:00
IND-USR-002,16.50822,80.651463,231.4,2026-08-01,10:38:00,2026-08-01 10:38:00
IND-USR-002,16.501399,80.646662,906.8,2026-08-01,10:48:00,2026-08-01 10:48:00
IND-USR-002,16.5043,80.645387,557.5,2026-08-01,10:59:00,2026-08-01 10:59:00
IND-USR-002,16.513262,80.64962,20.7,2026-08-01,11:19:00,2026-08-01 11:19:00
IND-USR-002,16.501156,80.651671,661.2,2026-08-01,11:32:00,2026-08-01 11:32:00
IND-USR-002,16.514689,80.65213,637.7,2026-08-01,11:35:00,2026-08-01 11:35:00
IND-USR-002,16.500123,80.646063,298.4,2026-08-01,11:51:00,2026-08-01 11:51:00
IND-USR-002,16.511268,80.645169,654.9,2026-08-01,12:05:00,2026-08-01 12:05:00
IND-USR-002,16.507975,80.651099,658.9,2026-08-01,12:16:00,2026-08-01 12:16:00
IND-USR-002,16.502492,80.647762,355.5,2026-08-01,12:27:00,2026-08-01 12:27:00
IND-USR-002,16.493235,80.643902,216.0,2026-08-01,12:36:00,2026-08-01 12:36:00
IND-USR-002,16.50519,80.643009,459.5,2026-08-01,12:42:00,2026-08-01 12:42:00
IND-USR-002,16.51273,80.642279,712.9,2026-08-01,12:58:00,2026-08-01 12:58:00
IND-USR-002,16.50444,80.648523,400.9,2026-08-01,13:11:00,2026-08-01 13:11:00
IND-USR-002,16.511965,80.642257,868.0,2026-08-01,13:30:00,2026-08-01 13:30:00
IND-USR-002,16.510853,80.648041,763.9,2026-08-01,13:49:00,2026-08-01 13:49:00
IND-USR-002,16.502274,80.649848,726.1,2026-08-01,13:57:00,2026-08-01 13:57:00
IND-USR-002,16.506996,80.645599,504.0,2026-08-01,14:01:00,2026-08-01 14:01:00
IND-USR-002,16.506479,80.646459,671.5,2026-08-01,14:19:00,2026-08-01 14:19:00
IND-USR-002,16.506654,80.650649,872.2,2026-08-01,14:23:00,2026-08-01 14:23:00
IND-USR-002,16.512544,80.643049,68.1,2026-08-01,14:28:00,2026-08-01 14:28:00
IND-USR-002,16.514732,80.640192,858.7,2026-08-01,14:47:00,2026-08-01 14:47:00
IND-USR-002,16.505593,80.650353,548.3,2026-08-01,14:55:00,2026-08-01 14:55:00
IND-USR-002,16.507324,80.645509,164.7,2026-08-01,15:01:00,2026-08-01 15:01:00
IND-USR-002,16.505368,80.646028,425.3,2026-08-01,15:19:00,2026-08-01 15:19:00
IND-USR-002,16.503843,80.651398,683.9,2026-08-01,15:27:00,2026-08-01 15:27:00
IND-USR-002,16.507628,80.645228,95.5,2026-08-01,15:44:00,2026-08-01 15:44:00
IND-USR-002,16.509798,80.649229,428.8,2026-08-01,16:02:00,2026-08-01 16:02:00
IND-USR-002,16.509451,80.650519,436.2,2026-08-01,16:05:00,2026-08-01 16:05:00
IND-USR-002,16.502884,80.645759,400.5,2026-08-01,16:23:00,2026-08-01 16:23:00
IND-USR-002,16.509189,80.650441,64.3,2026-08-01,16:43:00,2026-08-01 16:43:00
IND-USR-002,16.506116,80.648469,642.4,2026-08-01,16:59:00,2026-08-01 16:59:00
IND-USR-002,16.511311,80.645634,689.9,2026-08-01,17:10:00,2026-08-01 17:10:00
IND-USR-002,16.508388,80.647191,249.2,2026-08-01,17:24:00,2026-08-01 17:24:00
IND-USR-002,16.505329,80.652395,711.1,2026-08-01,17:26:00,2026-08-01 17:26:00
IND-USR-002,16.509502,80.651254,78.6,2026-08-01,17:46:00,2026-08-01 17:46:00
IND-USR-002,16.511422,80.648084,333.9,2026-08-01,18:01:00,2026-08-01 18:01:00
IND-USR-002,16.508928,80.646759,518.7,2026-08-01,18:05:00,2026-08-01 18:05:00
IND-USR-002,16.507497,80.647479,888.5,2026-08-01,18:08:00,2026-08-01 18:08:00
IND-USR-002,16.506588,80.650381,937.0,2026-08-01,18:12:00,2026-08-01 18:12:00
IND-USR-002,16.502927,80.65637,39.8,2026-08-01,18:29:00,2026-08-01 18:29:00
IND-USR-002,16.502176,80.643143,179.2,2026-08-01,18:44:00,2026-08-01 18:44:00
IND-USR-002,16.510832,80.651167,729.9,2026-08-01,18:50:00,2026-08-01 18:50:00
IND-USR-002,17.689296,83.221013,362.0,2026-08-01,19:05:00,2026-08-01 19:05:00
IND-USR-002,17.686751,83.214911,431.6,2026-08-01,19:19:00,2026-08-01 19:19:00
IND-USR-002,17.687103,83.215791,363.1,2026-08-01,19:33:00,2026-08-01 19:33:00
IND-USR-002,17.6907,83.217912,135.0,2026-08-01,19:52:00,2026-08-01 19:52:00
IND-USR-002,17.683498,83.217214,121.5,2026-08-01,20:05:00,2026-08-01 20:05:00
IND-USR-002,17.688452,83.216245,379.5,2026-08-01,20:24:00,2026-08-01 20:24:00
IND-USR-002,17.683511,83.219475,694.2,2026-08-01,20:30:00,2026-08-01 20:30:00
IND-USR-002,17.68778,83.216472,794.7,2026-08-01,20:39:00,2026-08-01 20:39:00
IND-USR-002,17.684916,83.219428,929.8,2026-08-01,20:41:00,2026-08-01 20:41:00
IND-USR-002,17.681008,83.21287,643.1,2026-08-01,20:57:00,2026-08-01 20:57:00
IND-USR-002,17.683926,83.217646,408.7,2026-08-01,21:16:00,2026-08-01 21:16:00
IND-USR-002,17.688044,83.224401,784.0,2026-08-01,21:30:00,2026-08-01 21:30:00
IND-USR-002,17.690231,83.21786,443.0,2026-08-01,21:39:00,2026-08-01 21:39:00
IND-USR-002,17.686724,83.21449,269.1,2026-08-01,21:45:00,2026-08-01 21:45:00
IND-USR-002,17.686726,83.217345,40.3,2026-08-01,21:50:00,2026-08-01 21:50:00
IND-USR-002,17.688091,83.215191,588.0,2026-08-01,22:05:00,2026-08-01 22:05:00
IND-USR-002,17.688877,83.224631,236.2,2026-08-01,22:07:00,2026-08-01 22:07:00
IND-USR-002,17.686365,83.220107,104.8,2026-08-01,22:11:00,2026-08-01 22:11:00
IND-USR-002,17.689561,83.216895,429.7,2026-08-01,22:14:00,2026-08-01 22:14:00
IND-USR-002,17.687696,83.21855,240.1,2026-08-01,22:17:00,2026-08-01 22:17:00
IND-USR-002,17.687191,83.215408,388.1,2026-08-01,22:20:00,2026-08-01 22:20:00
IND-USR-002,17.686898,83.220492,517.4,2026-08-01,22:29:00,2026-08-01 22:29:00
IND-USR-002,17.692605,83.222337,141.7,2026-08-01,22:32:00,2026-08-01 22:32:00
IND-USR-002,17.695413,83.215431,230.1,2026-08-01,22:43:00,2026-08-01 22:43:00
IND-USR-003,17.690289,83.219233,572.0,2026-08-10,06:20:00,2026-08-10 06:20:00
IND-USR-003,17.695559,83.215267,232.7,2026-08-10,06:32:00,2026-08-10 06:32:00
IND-USR-003,17.683441,83.216102,936.6,2026-08-10,06:38:00,2026-08-10 06:38:00
IND-USR-003,17.678304,83.216397,217.8,2026-08-10,06:56:00,2026-08-10 06:56:00
IND-USR-003,17.683763,83.219102,268.6,2026-08-10,07:07:00,2026-08-10 07:07:00
IND-USR-003,17.688167,83.226005,901.6,2026-08-10,07:26:00,2026-08-10 07:26:00
IND-USR-003,17.690602,83.216192,598.4,2026-08-10,07:33:00,2026-08-10 07:33:00
IND-USR-003,17.683206,83.220468,532.5,2026-08-10,07:48:00,2026-08-10 07:48:00
IND-USR-003,17.681519,83.225826,924.0,2026-08-10,07:51:00,2026-08-10 07:51:00
IND-USR-003,16.510918,80.646123,748.7,2026-08-10,08:05:00,2026-08-10 08:05:00
IND-USR-003,16.499347,80.653415,664.5,2026-08-10,08:17:00,2026-08-10 08:17:00
IND-USR-003,16.505742,80.652951,150.3,2026-08-10,08:32:00,2026-08-10 08:32:00
IND-USR-003,16.499822,80.645602,182.8,2026-08-10,08:46:00,2026-08-10 08:46:00
IND-USR-003,16.506221,80.648188,455.1,2026-08-10,09:05:00,2026-08-10 09:05:00
IND-USR-003,16.5044,80.650491,292.7,2026-08-10,09:14:00,2026-08-10 09:14:00
IND-USR-003,16.50193,80.64743,767.4,2026-08-10,09:20:00,2026-08-10 09:20:00
IND-USR-003,16.506681,80.650058,538.6,2026-08-10,09:23:00,2026-08-10 09:23:00
IND-USR-003,16.509046,80.643501,533.8,2026-08-10,09:38:00,2026-08-10 09:38:00
IND-USR-003,16.500064,80.653111,375.1,2026-08-10,09:44:00,2026-08-10 09:44:00
IND-USR-003,16.507529,80.645006,201.1,2026-08-10,09:54:00,2026-08-10 09:54:00
IND-USR-003,16.512405,80.648463,876.9,2026-08-10,09:58:00,2026-08-10 09:58:00
IND-USR-003,16.510917,80.64827,96.9,2026-08-10,10:11:00,2026-08-10 10:11:00
IND-USR-003,16.514443,80.655021,58.4,2026-08-10,10:19:00,2026-08-10 10:19:00
IND-USR-003,16.505204,80.651886,643.3,2026-08-10,10:33:00,2026-08-10 10:33:00
IND-USR-003,16.508782,80.653475,831.2,2026-08-10,10:36:00,2026-08-10 10:36:00
IND-USR-003,16.50234,80.650744,766.4,2026-08-10,10:44:00,2026-08-10 10:44:00
IND-USR-003,16.510434,80.640965,690.8,2026-08-10,11:04:00,2026-08-10 11:04:00
IND-USR-003,16.501467,80.639843,214.0,2026-08-10,11:23:00,2026-08-10 11:23:00
IND-USR-003,16.505122,80.65087,827.3,2026-08-10,11:31:00,2026-08-10 11:31:00
IND-USR-003,16.512209,80.648296,295.0,2026-08-10,11:43:00,2026-08-10 11:43:00
IND-USR-003,16.512714,80.64248,209.1,2026-08-10,11:45:00,2026-08-10 11:45:00
IND-USR-003,16.499386,80.647778,914.4,2026-08-10,11:53:00,2026-08-10 11:53:00
IND-USR-003,16.507736,80.647869,712.1,2026-08-10,11:58:00,2026-08-10 11:58:00
IND-USR-003,16.49793,80.647644,869.6,2026-08-10,12:15:00,2026-08-10 12:15:00
IND-USR-003,16.500982,80.650679,382.8,2026-08-10,12:23:00,2026-08-10 12:23:00
IND-USR-003,16.507666,80.64424,529.0,2026-08-10,12:32:00,2026-08-10 12:32:00
IND-USR-003,16.504145,80.643763,367.8,2026-08-10,12:43:00,2026-08-10 12:43:00
IND-USR-003,16.505949,80.651821,619.8,2026-08-10,13:02:00,2026-08-10 13:02:00
IND-USR-003,16.502257,80.650016,255.9,2026-08-10,13:13:00,2026-08-10 13:13:00
IND-USR-003,16.504079,80.644829,839.8,2026-08-10,13:31:00,2026-08-10 13:31:00
IND-USR-003,16.505772,80.643859,102.7,2026-08-10,13:47:00,2026-08-10 13:47:00
IND-USR-003,16.503985,80.643208,725.9,2026-08-10,14:04:00,2026-08-10 14:04:00
IND-USR-003,16.514059,80.648141,869.5,2026-08-10,14:16:00,2026-08-10 14:16:00
IND-USR-003,16.503401,80.648856,304.1,2026-08-10,14:29:00,2026-08-10 14:29:00
IND-USR-003,16.505751,80.647116,538.8,2026-08-10,14:32:00,2026-08-10 14:32:00
IND-USR-003,16.508657,80.65103,706.8,2026-08-10,14:41:00,2026-08-10 14:41:00
IND-USR-003,16.504078,80.645697,255.1,2026-08-10,14:43:00,2026-08-10 14:43:00
IND-USR-003,16.5051,80.638792,554.4,2026-08-10,15:03:00,2026-08-10 15:03:00
IND-USR-003,16.500139,80.653467,287.5,2026-08-10,15:18:00,2026-08-10 15:18:00
IND-USR-003,16.51278,80.647004,320.1,2026-08-10,15:26:00,2026-08-10 15:26:00
IND-USR-003,16.508506,80.649245,545.6,2026-08-10,15:40:00,2026-08-10 15:40:00
IND-USR-003,16.518516,80.652478,479.3,2026-08-10,15:49:00,2026-08-10 15:49:00
IND-USR-003,16.505688,80.644178,251.9,2026-08-10,16:01:00,2026-08-10 16:01:00
IND-USR-003,16.499774,80.648814,918.5,2026-08-10,16:18:00,2026-08-10 16:18:00
IND-USR-003,16.503175,80.642311,443.2,2026-08-10,16:35:00,2026-08-10 16:35:00
IND-USR-003,16.503614,80.643674,169.1,2026-08-10,16:48:00,2026-08-10 16:48:00
IND-USR-003,16.512949,80.651527,469.0,2026-08-10,17:07:00,2026-08-10 17:07:00
IND-USR-003,16.506168,80.65392,940.9,2026-08-10,17:26:00,2026-08-10 17:26:00
IND-USR-003,16.506509,80.644555,502.5,2026-08-10,17:29:00,2026-08-10 17:29:00
IND-USR-003,16.512292,80.650156,898.5,2026-08-10,17:33:00,2026-08-10 17:33:00
IND-USR-003,16.502051,80.647239,728.5,2026-08-10,17:36:00,2026-08-10 17:36:00
IND-USR-003,16.502698,80.642469,139.2,2026-08-10,17:51:00,2026-08-10 17:51:00
IND-USR-003,16.509905,80.655638,73.9,2026-08-10,18:00:00,2026-08-10 18:00:00
IND-USR-003,16.500606,80.650252,18.6,2026-08-10,18:06:00,2026-08-10 18:06:00
IND-USR-003,16.503597,80.646051,438.6,2026-08-10,18:24:00,2026-08-10 18:24:00
IND-USR-003,16.50383,80.644544,590.8,2026-08-10,18:27:00,2026-08-10 18:27:00
IND-USR-003,16.506394,80.644676,629.7,2026-08-10,18:44:00,2026-08-10 18:44:00
IND-USR-003,16.507282,80.647799,16.2,2026-08-10,18:46:00,2026-08-10 18:46:00
IND-USR-003,17.685844,83.21487,396.7,2026-08-10,19:05:00,2026-08-10 19:05:00
IND-USR-003,17.684493,83.221522,507.7,2026-08-10,19:07:00,2026-08-10 19:07:00
IND-USR-003,17.688804,83.21459,513.6,2026-08-10,19:17:00,2026-08-10 19:17:00
IND-USR-003,17.687197,83.221506,26.1,2026-08-10,19:28:00,2026-08-10 19:28:00
IND-USR-003,17.680122,83.220673,767.8,2026-08-10,19:43:00,2026-08-10 19:43:00
IND-USR-003,17.68415,83.220782,110.6,2026-08-10,19:50:00,2026-08-10 19:50:00
IND-USR-003,17.683747,83.21128,502.9,2026-08-10,19:55:00,2026-08-10 19:55:00
IND-USR-003,17.68029,83.218692,190.4,2026-08-10,20:04:00,2026-08-10 20:04:00
IND-USR-003,17.687839,83.214883,247.3,2026-08-10,20:22:00,2026-08-10 20:22:00
IND-USR-003,17.689354,83.211854,261.3,2026-08-10,20:35:00,2026-08-10 20:35:00
IND-USR-003,17.686536,83.213656,84.3,2026-08-10,20:49:00,2026-08-10 20:49:00
IND-USR-003,17.684193,83.21869,441.5,2026-08-10,21:03:00,2026-08-10 21:03:00
IND-USR-003,17.683358,83.216962,940.8,2026-08-10,21:12:00,2026-08-10 21:12:00
IND-USR-003,17.690825,83.216192,292.0,2026-08-10,21:21:00,2026-08-10 21:21:00
IND-USR-003,17.690143,83.213981,624.5,2026-08-10,21:25:00,2026-08-10 21:25:00
IND-USR-003,17.688919,83.224266,97.9,2026-08-10,21:28:00,2026-08-10 21:28:00
IND-USR-003,17.676913,83.215312,364.5,2026-08-10,21:42:00,2026-08-10 21:42:00
IND-USR-003,17.689108,83.217688,62.7,2026-08-10,21:59:00,2026-08-10 21:59:00
IND-USR-003,17.688285,83.216084,670.7,2026-08-10,22:01:00,2026-08-10 22:01:00
IND-USR-003,17.687146,83.217877,479.9,2026-08-10,22:05:00,2026-08-10 22:05:00
IND-USR-003,17.691471,83.219518,616.2,2026-08-10,22:20:00,2026-08-10 22:20:00
IND-USR-003,17.68815,83.216852,541.9,2026-08-10,22:32:00,2026-08-10 22:32:00
IND-USR-003,17.68485,83.21677,851.1,2026-08-10,22:37:00,2026-08-10 22:37:00
IND-USR-003,17.688378,83.216816,226.0,2026-08-10,22:40:00,2026-08-10 22:40:00
IND-USR-003,17.687959,83.226802,457.0,2026-08-10,23:00:00,2026-08-10 23:00:00
IND-USR-003,17.690284,83.217196,878.7,2026-08-10,23:03:00,2026-08-10 23:03:00
IND-USR-003,17.691605,83.216868,855.4,2026-08-10,23:13:00,2026-08-10 23:13:00
IND-USR-003,17.678648,83.214468,628.6,2026-08-10,23:33:00,2026-08-10 23:33:00
IND-USR-003,17.679317,83.217094,883.0,2026-08-10,23:40:00,2026-08-10 23:40:00
IND-USR-003,17.686874,83.225206,24.7,2026-08-10,23:52:00,2026-08-10 23:52:00
IND-USR-003,17.688108,83.217624,561.8,2026-08-11,00:00:00,2026-08-11 00:00:00
IND-USR-003,17.690118,83.209655,883.1,2026-08-11,00:14:00,2026-08-11 00:14:00
IND-USR-004,17.687742,83.221583,236.0,2026-08-05,06:20:00,2026-08-05 06:20:00
IND-USR-004,17.680886,83.223075,646.4,2026-08-05,06:34:00,2026-08-05 06:34:00
IND-USR-004,17.688154,83.216839,321.8,2026-08-05,06:53:00,2026-08-05 06:53:00
IND-USR-004,17.689331,83.227583,753.1,2026-08-05,06:59:00,2026-08-05 06:59:00
IND-USR-004,17.687527,83.219493,480.7,2026-08-05,07:03:00,2026-08-05 07:03:00
IND-USR-004,17.684963,83.215101,60.5,2026-08-05,07:16:00,2026-08-05 07:16:00
IND-USR-004,17.690121,83.215076,228.2,2026-08-05,07:31:00,2026-08-05 07:31:00
IND-USR-004,17.687086,83.216589,330.2,2026-08-05,07:35:00,2026-08-05 07:35:00
IND-USR-004,17.688716,83.219835,920.8,2026-08-05,07:49:00,2026-08-05 07:49:00
IND-USR-004,16.51035,80.64596,37.8,2026-08-05,08:01:00,2026-08-05 08:01:00
IND-USR-004,16.505121,80.644085,746.5,2026-08-05,08:11:00,2026-08-05 08:11:00
IND-USR-004,16.504423,80.649509,471.2,2026-08-05,08:27:00,2026-08-05 08:27:00
IND-USR-004,16.509228,80.644311,529.9,2026-08-05,08:40:00,2026-08-05 08:40:00
IND-USR-004,16.509678,80.653423,415.9,2026-08-05,08:54:00,2026-08-05 08:54:00
IND-USR-004,16.507854,80.655507,631.0,2026-08-05,09:14:00,2026-08-05 09:14:00
IND-USR-004,16.503105,80.643021,735.8,2026-08-05,09:18:00,2026-08-05 09:18:00
IND-USR-004,16.499085,80.653984,760.2,2026-08-05,09:29:00,2026-08-05 09:29:00
IND-USR-004,16.508817,80.647778,87.1,2026-08-05,09:33:00,2026-08-05 09:33:00
IND-USR-004,16.50732,80.643498,367.2,2026-08-05,09:39:00,2026-08-05 09:39:00
IND-USR-004,16.515983,80.648517,705.3,2026-08-05,09:45:00,2026-08-05 09:45:00
IND-USR-004,16.506638,80.650903,349.1,2026-08-05,09:57:00,2026-08-05 09:57:00
IND-USR-004,16.508124,80.648896,14.9,2026-08-05,10:01:00,2026-08-05 10:01:00
IND-USR-004,16.503038,80.649886,428.1,2026-08-05,10:12:00,2026-08-05 10:12:00
IND-USR-004,16.513728,80.653382,106.1,2026-08-05,10:22:00,2026-08-05 10:22:00
IND-USR-004,16.512573,80.645955,186.1,2026-08-05,10:26:00,2026-08-05 10:26:00
IND-USR-004,16.502242,80.647497,533.6,2026-08-05,10:42:00,2026-08-05 10:42:00
IND-USR-004,16.506423,80.652377,393.6,2026-08-05,11:00:00,2026-08-05 11:00:00
IND-USR-004,16.49943,80.654118,94.2,2026-08-05,11:02:00,2026-08-05 11:02:00
IND-USR-004,16.505568,80.646292,97.5,2026-08-05,11:21:00,2026-08-05 11:21:00
IND-USR-004,16.502152,80.641381,821.9,2026-08-05,11:33:00,2026-08-05 11:33:00
IND-USR-004,16.509493,80.648293,284.3,2026-08-05,11:35:00,2026-08-05 11:35:00
IND-USR-004,16.50104,80.64282,742.4,2026-08-05,11:49:00,2026-08-05 11:49:00
IND-USR-004,16.504857,80.654676,860.9,2026-08-05,12:08:00,2026-08-05 12:08:00
IND-USR-004,16.505162,80.641987,547.6,2026-08-05,12:17:00,2026-08-05 12:17:00
IND-USR-004,16.505217,80.646909,654.2,2026-08-05,12:24:00,2026-08-05 12:24:00
IND-USR-004,16.495412,80.647783,140.5,2026-08-05,12:31:00,2026-08-05 12:31:00
IND-USR-004,16.505276,80.650785,262.3,2026-08-05,12:42:00,2026-08-05 12:42:00
IND-USR-004,16.513596,80.652506,69.5,2026-08-05,12:48:00,2026-08-05 12:48:00
IND-USR-004,16.505124,80.643574,269.4,2026-08-05,13:03:00,2026-08-05 13:03:00
IND-USR-004,16.516493,80.648237,465.2,2026-08-05,13:14:00,2026-08-05 13:14:00
IND-USR-004,16.506256,80.647903,349.5,2026-08-05,13:18:00,2026-08-05 13:18:00
IND-USR-004,16.506992,80.647423,687.6,2026-08-05,13:27:00,2026-08-05 13:27:00
IND-USR-004,16.503905,80.645813,568.2,2026-08-05,13:44:00,2026-08-05 13:44:00
IND-USR-004,16.506069,80.645826,440.4,2026-08-05,13:52:00,2026-08-05 13:52:00
IND-USR-004,16.503349,80.648426,296.4,2026-08-05,13:58:00,2026-08-05 13:58:00
IND-USR-004,16.50518,80.654016,322.3,2026-08-05,14:12:00,2026-08-05 14:12:00
IND-USR-004,16.495596,80.652366,765.8,2026-08-05,14:26:00,2026-08-05 14:26:00
IND-USR-004,16.511184,80.639706,423.8,2026-08-05,14:38:00,2026-08-05 14:38:00
IND-USR-004,16.504829,80.646514,776.5,2026-08-05,14:53:00,2026-08-05 14:53:00
IND-USR-004,16.50057,80.644889,292.4,2026-08-05,14:59:00,2026-08-05 14:59:00
IND-USR-004,16.501758,80.655009,460.3,2026-08-05,15:07:00,2026-08-05 15:07:00
IND-USR-004,16.509943,80.653086,916.7,2026-08-05,15:14:00,2026-08-05 15:14:00
IND-USR-004,16.509087,80.643484,284.0,2026-08-05,15:26:00,2026-08-05 15:26:00
IND-USR-004,16.504102,80.649957,919.7,2026-08-05,15:43:00,2026-08-05 15:43:00
IND-USR-004,16.501311,80.650852,316.3,2026-08-05,15:52:00,2026-08-05 15:52:00
IND-USR-004,16.505239,80.646501,777.5,2026-08-05,16:02:00,2026-08-05 16:02:00
IND-USR-004,16.509044,80.649777,353.1,2026-08-05,16:16:00,2026-08-05 16:16:00
IND-USR-004,16.504756,80.652637,197.8,2026-08-05,16:36:00,2026-08-05 16:36:00
IND-USR-004,16.501876,80.650464,179.1,2026-08-05,16:55:00,2026-08-05 16:55:00
IND-USR-004,16.508572,80.646762,35.3,2026-08-05,17:14:00,2026-08-05 17:14:00
IND-USR-004,16.507505,80.642996,896.4,2026-08-05,17:30:00,2026-08-05 17:30:00
IND-USR-004,16.509896,80.64726,422.1,2026-08-05,17:38:00,2026-08-05 17:38:00
IND-USR-004,16.504109,80.652196,791.4,2026-08-05,17:49:00,2026-08-05 17:49:00
IND-USR-004,16.503383,80.642366,779.8,2026-08-05,17:53:00,2026-08-05 17:53:00
IND-USR-004,16.499973,80.650424,642.6,2026-08-05,18:08:00,2026-08-05 18:08:00
IND-USR-004,16.501078,80.655019,605.3,2026-08-05,18:14:00,2026-08-05 18:14:00
IND-USR-004,16.497872,80.654786,247.5,2026-08-05,18:23:00,2026-08-05 18:23:00
IND-USR-004,16.507044,80.647613,682.3,2026-08-05,18:29:00,2026-08-05 18:29:00
IND-USR-004,16.50402,80.649597,79.5,2026-08-05,18:43:00,2026-08-05 18:43:00
IND-USR-004,17.686649,83.222913,557.3,2026-08-05,19:00:00,2026-08-05 19:00:00
IND-USR-004,17.687257,83.219101,486.2,2026-08-05,19:19:00,2026-08-05 19:19:00
IND-USR-004,17.685346,83.218272,521.0,2026-08-05,19:34:00,2026-08-05 19:34:00
IND-USR-004,17.688031,83.211659,669.5,2026-08-05,19:47:00,2026-08-05 19:47:00
IND-USR-004,17.681407,83.221473,568.2,2026-08-05,20:06:00,2026-08-05 20:06:00
IND-USR-004,17.687483,83.217764,112.8,2026-08-05,20:10:00,2026-08-05 20:10:00
IND-USR-004,17.686874,83.21989,628.1,2026-08-05,20:19:00,2026-08-05 20:19:00
IND-USR-004,17.684641,83.215387,166.4,2026-08-05,20:32:00,2026-08-05 20:32:00
IND-USR-004,17.687583,83.214587,539.4,2026-08-05,20:35:00,2026-08-05 20:35:00
IND-USR-004,17.688433,83.21169,918.8,2026-08-05,20:49:00,2026-08-05 20:49:00
IND-USR-004,17.690917,83.22039,917.8,2026-08-05,21:01:00,2026-08-05 21:01:00
IND-USR-004,17.687824,83.222431,109.6,2026-08-05,21:16:00,2026-08-05 21:16:00
IND-USR-004,17.693462,83.222557,253.2,2026-08-05,21:21:00,2026-08-05 21:21:00
IND-USR-004,17.679437,83.213382,712.0,2026-08-05,21:39:00,2026-08-05 21:39:00
IND-USR-004,17.684301,83.218604,555.7,2026-08-05,21:58:00,2026-08-05 21:58:00
IND-USR-004,17.688871,83.215597,217.8,2026-08-05,22:18:00,2026-08-05 22:18:00
IND-USR-004,17.687547,83.215478,377.7,2026-08-05,22:31:00,2026-08-05 22:31:00
IND-USR-004,17.684354,83.212873,659.0,2026-08-05,22:51:00,2026-08-05 22:51:00
IND-USR-004,17.683107,83.213093,334.3,2026-08-05,22:57:00,2026-08-05 22:57:00
IND-USR-004,17.682897,83.222715,463.8,2026-08-05,22:59:00,2026-08-05 22:59:00
IND-USR-004,17.683002,83.22903,401.0,2026-08-05,23:10:00,2026-08-05 23:10:00
IND-USR-005,27.086373,93.606039,337.4,2026-08-02,06:06:00,2026-08-02 06:06:00
IND-USR-005,27.080967,93.608101,438.0,2026-08-02,06:18:00,2026-08-02 06:18:00
IND-USR-005,27.082097,93.605788,499.8,2026-08-02,06:26:00,2026-08-02 06:26:00
IND-USR-005,27.09464,93.604916,457.6,2026-08-02,06:39:00,2026-08-02 06:39:00
IND-USR-005,27.088997,93.602487,688.7,2026-08-02,06:55:00,2026-08-02 06:55:00
IND-USR-005,27.08426,93.612383,309.8,2026-08-02,07:11:00,2026-08-02 07:11:00
IND-USR-005,27.081892,93.61255,52.0,2026-08-02,07:22:00,2026-08-02 07:22:00
IND-USR-005,27.087231,93.60305,31.2,2026-08-02,07:27:00,2026-08-02 07:27:00
IND-USR-005,27.08693,93.60919,619.1,2026-08-02,07:39:00,2026-08-02 07:39:00
IND-USR-005,27.086887,93.599019,884.1,2026-08-02,07:46:00,2026-08-02 07:46:00
IND-USR-005,27.081491,93.60431,495.0,2026-08-02,07:55:00,2026-08-02 07:55:00
IND-USR-005,27.585802,91.861883,160.5,2026-08-02,08:14:00,2026-08-02 08:14:00
IND-USR-005,27.586811,91.854059,410.8,2026-08-02,08:33:00,2026-08-02 08:33:00
IND-USR-005,27.587621,91.861842,227.9,2026-08-02,08:49:00,2026-08-02 08:49:00
IND-USR-005,27.588339,91.863723,602.0,2026-08-02,09:03:00,2026-08-02 09:03:00
IND-USR-005,27.589436,91.861237,612.1,2026-08-02,09:10:00,2026-08-02 09:10:00
IND-USR-005,27.585819,91.852756,381.8,2026-08-02,09:25:00,2026-08-02 09:25:00
IND-USR-005,27.587818,91.860231,432.6,2026-08-02,09:33:00,2026-08-02 09:33:00
IND-USR-005,27.587186,91.854293,375.5,2026-08-02,09:48:00,2026-08-02 09:48:00
IND-USR-005,27.581776,91.863613,203.4,2026-08-02,09:56:00,2026-08-02 09:56:00
IND-USR-005,27.585942,91.862126,552.7,2026-08-02,10:00:00,2026-08-02 10:00:00
IND-USR-005,27.586213,91.859519,185.7,2026-08-02,10:19:00,2026-08-02 10:19:00
IND-USR-005,27.589853,91.857336,195.2,2026-08-02,10:31:00,2026-08-02 10:31:00
IND-USR-005,27.586484,91.857551,256.6,2026-08-02,10:36:00,2026-08-02 10:36:00
IND-USR-005,27.584362,91.858163,506.1,2026-08-02,10:53:00,2026-08-02 10:53:00
IND-USR-005,27.586989,91.857485,571.2,2026-08-02,11:05:00,2026-08-02 11:05:00
IND-USR-005,27.591123,91.855822,561.8,2026-08-02,11:19:00,2026-08-02 11:19:00
IND-USR-005,27.585353,91.857641,340.9,2026-08-02,11:32:00,2026-08-02 11:32:00
IND-USR-005,27.591888,91.860186,590.3,2026-08-02,11:48:00,2026-08-02 11:48:00
IND-USR-005,27.590227,91.853458,873.6,2026-08-02,11:59:00,2026-08-02 11:59:00
IND-USR-005,27.587168,91.862959,89.7,2026-08-02,12:19:00,2026-08-02 12:19:00
IND-USR-005,27.586429,91.863662,304.4,2026-08-02,12:25:00,2026-08-02 12:25:00
IND-USR-005,27.584031,91.865037,297.1,2026-08-02,12:34:00,2026-08-02 12:34:00
IND-USR-005,27.595296,91.857949,360.9,2026-08-02,12:41:00,2026-08-02 12:41:00
IND-USR-005,27.584318,91.865214,490.2,2026-08-02,12:47:00,2026-08-02 12:47:00
IND-USR-005,27.592418,91.857309,570.6,2026-08-02,13:02:00,2026-08-02 13:02:00
IND-USR-005,27.584419,91.858273,370.7,2026-08-02,13:22:00,2026-08-02 13:22:00
IND-USR-005,27.580722,91.855725,467.5,2026-08-02,13:29:00,2026-08-02 13:29:00
IND-USR-005,27.582083,91.856329,661.8,2026-08-02,13:48:00,2026-08-02 13:48:00
IND-USR-005,27.585961,91.860337,531.6,2026-08-02,13:55:00,2026-08-02 13:55:00
IND-USR-005,27.592302,91.855407,281.5,2026-08-02,14:12:00,2026-08-02 14:12:00
IND-USR-005,27.590037,91.858544,305.7,2026-08-02,14:19:00,2026-08-02 14:19:00
IND-USR-005,27.585902,91.862099,592.2,2026-08-02,14:35:00,2026-08-02 14:35:00
IND-USR-005,27.581609,91.86093,904.7,2026-08-02,14:48:00,2026-08-02 14:48:00
IND-USR-005,27.586766,91.86137,138.3,2026-08-02,15:05:00,2026-08-02 15:05:00
IND-USR-005,27.587257,91.869221,916.0,2026-08-02,15:19:00,2026-08-02 15:19:00
IND-USR-005,27.583549,91.857276,623.9,2026-08-02,15:37:00,2026-08-02 15:37:00
IND-USR-005,27.583607,91.857178,653.6,2026-08-02,15:52:00,2026-08-02 15:52:00
IND-USR-005,27.58355,91.864156,677.5,2026-08-02,16:07:00,2026-08-02 16:07:00
IND-USR-005,27.591782,91.857117,469.4,2026-08-02,16:23:00,2026-08-02 16:23:00
IND-USR-005,27.582771,91.861286,541.5,2026-08-02,16:27:00,2026-08-02 16:27:00
IND-USR-005,27.583891,91.861932,284.6,2026-08-02,16:36:00,2026-08-02 16:36:00
IND-USR-005,27.586912,91.853337,221.4,2026-08-02,16:46:00,2026-08-02 16:46:00
IND-USR-005,27.59229,91.866584,168.1,2026-08-02,16:57:00,2026-08-02 16:57:00
IND-USR-005,27.583649,91.857849,541.7,2026-08-02,17:13:00,2026-08-02 17:13:00
IND-USR-005,27.587243,91.860738,526.7,2026-08-02,17:30:00,2026-08-02 17:30:00
IND-USR-005,27.588734,91.867441,548.4,2026-08-02,17:35:00,2026-08-02 17:35:00
IND-USR-005,27.585392,91.856207,738.6,2026-08-02,17:45:00,2026-08-02 17:45:00
IND-USR-005,27.580583,91.856476,519.5,2026-08-02,17:58:00,2026-08-02 17:58:00
IND-USR-005,27.585967,91.866578,724.4,2026-08-02,18:01:00,2026-08-02 18:01:00
IND-USR-005,27.58403,91.860295,523.6,2026-08-02,18:17:00,2026-08-02 18:17:00
IND-USR-005,27.586034,91.864154,106.3,2026-08-02,18:32:00,2026-08-02 18:32:00
IND-USR-005,27.596208,91.857277,289.8,2026-08-02,18:41:00,2026-08-02 18:41:00
IND-USR-005,27.584142,91.863577,432.7,2026-08-02,18:44:00,2026-08-02 18:44:00
IND-USR-005,27.588828,91.866787,820.5,2026-08-02,18:57:00,2026-08-02 18:57:00
IND-USR-005,27.086736,93.603863,422.7,2026-08-02,19:01:00,2026-08-02 19:01:00
IND-USR-005,27.086763,93.609735,739.1,2026-08-02,19:06:00,2026-08-02 19:06:00
IND-USR-005,27.087682,93.607329,207.3,2026-08-02,19:15:00,2026-08-02 19:15:00
IND-USR-005,27.088667,93.609977,657.8,2026-08-02,19:35:00,2026-08-02 19:35:00
IND-USR-005,27.089929,93.607895,166.0,2026-08-02,19:50:00,2026-08-02 19:50:00
IND-USR-005,27.083732,93.605887,747.8,2026-08-02,19:56:00,2026-08-02 19:56:00
IND-USR-005,27.089226,93.602032,767.1,2026-08-02,20:04:00,2026-08-02 20:04:00
IND-USR-005,27.085875,93.603727,339.8,2026-08-02,20:24:00,2026-08-02 20:24:00
IND-USR-005,27.084515,93.610414,571.0,2026-08-02,20:34:00,2026-08-02 20:34:00
IND-USR-005,27.085164,93.605486,314.2,2026-08-02,20:41:00,2026-08-02 20:41:00
IND-USR-005,27.078961,93.608285,282.0,2026-08-02,20:52:00,2026-08-02 20:52:00
IND-USR-005,27.086982,93.613953,905.3,2026-08-02,21:02:00,2026-08-02 21:02:00
IND-USR-005,27.083169,93.606177,936.4,2026-08-02,21:20:00,2026-08-02 21:20:00
IND-USR-005,27.085398,93.61161,137.5,2026-08-02,21:25:00,2026-08-02 21:25:00
IND-USR-005,27.084019,93.606416,873.6,2026-08-02,21:40:00,2026-08-02 21:40:00
IND-USR-005,27.086832,93.606046,825.0,2026-08-02,21:50:00,2026-08-02 21:50:00
IND-USR-005,27.082614,93.606076,669.3,2026-08-02,21:56:00,2026-08-02 21:56:00
IND-USR-005,27.088695,93.601194,244.7,2026-08-02,22:02:00,2026-08-02 22:02:00
IND-USR-005,27.084932,93.6025,788.8,2026-08-02,22:14:00,2026-08-02 22:14:00
IND-USR-005,27.08918,93.599207,470.1,2026-08-02,22:28:00,2026-08-02 22:28:00
IND-USR-005,27.082164,93.606809,604.5,2026-08-02,22:48:00,2026-08-02 22:48:00
IND-USR-005,27.090662,93.605037,362.7,2026-08-02,23:03:00,2026-08-02 23:03:00
IND-USR-006,27.082179,93.612825,388.7,2026-08-02,06:04:00,2026-08-02 06:04:00
IND-USR-006,27.078608,93.596505,663.0,2026-08-02,06:14:00,2026-08-02 06:14:00
IND-USR-006,27.08616,93.603292,437.4,2026-08-02,06:27:00,2026-08-02 06:27:00
IND-USR-006,27.080315,93.608133,317.7,2026-08-02,06:44:00,2026-08-02 06:44:00
IND-USR-006,27.085375,93.603044,826.8,2026-08-02,06:46:00,2026-08-02 06:46:00
IND-USR-006,27.079279,93.60879,697.1,2026-08-02,06:50:00,2026-08-02 06:50:00
IND-USR-006,27.087001,93.604903,606.8,2026-08-02,07:06:00,2026-08-02 07:06:00
IND-USR-006,27.091787,93.60102,809.1,2026-08-02,07:19:00,2026-08-02 07:19:00
IND-USR-006,27.078298,93.602532,383.9,2026-08-02,07:38:00,2026-08-02 07:38:00
IND-USR-006,27.084218,93.606273,785.4,2026-08-02,07:53:00,2026-08-02 07:53:00
IND-USR-006,27.585135,91.860808,262.4,2026-08-02,08:10:00,2026-08-02 08:10:00
IND-USR-006,27.581094,91.865175,327.5,2026-08-02,08:21:00,2026-08-02 08:21:00
IND-USR-006,27.585771,91.863869,132.8,2026-08-02,08:41:00,2026-08-02 08:41:00
IND-USR-006,27.587471,91.861227,751.0,2026-08-02,08:58:00,2026-08-02 08:58:00
IND-USR-006,27.588379,91.861191,53.2,2026-08-02,09:01:00,2026-08-02 09:01:00
IND-USR-006,27.588671,91.864717,25.3,2026-08-02,09:17:00,2026-08-02 09:17:00
IND-USR-006,27.586886,91.862236,424.8,2026-08-02,09:24:00,2026-08-02 09:24:00
IND-USR-006,27.585741,91.86516,942.3,2026-08-02,09:26:00,2026-08-02 09:26:00
IND-USR-006,27.583394,91.866604,200.2,2026-08-02,09:41:00,2026-08-02 09:41:00
IND-USR-006,27.585939,91.853677,839.2,2026-08-02,09:47:00,2026-08-02 09:47:00
IND-USR-006,27.586612,91.856676,159.4,2026-08-02,09:58:00,2026-08-02 09:58:00
IND-USR-006,27.589463,91.85679,97.7,2026-08-02,10:08:00,2026-08-02 10:08:00
IND-USR-006,27.584315,91.851842,245.4,2026-08-02,10:21:00,2026-08-02 10:21:00
IND-USR-006,27.584291,91.849704,634.6,2026-08-02,10:34:00,2026-08-02 10:34:00
IND-USR-006,27.579764,91.862442,58.7,2026-08-02,10:41:00,2026-08-02 10:41:00
IND-USR-006,27.589243,91.861102,692.4,2026-08-02,10:52:00,2026-08-02 10:52:00
IND-USR-006,27.582232,91.859209,413.5,2026-08-02,11:01:00,2026-08-02 11:01:00
IND-USR-006,27.586086,91.854767,671.5,2026-08-02,11:05:00,2026-08-02 11:05:00
IND-USR-006,27.592114,91.862909,210.6,2026-08-02,11:07:00,2026-08-02 11:07:00
IND-USR-006,27.585216,91.859508,134.7,2026-08-02,11:11:00,2026-08-02 11:11:00
IND-USR-006,27.586934,91.851233,498.3,2026-08-02,11:20:00,2026-08-02 11:20:00
IND-USR-006,27.585111,91.856672,18.7,2026-08-02,11:36:00,2026-08-02 11:36:00
IND-USR-006,27.582094,91.858276,778.1,2026-08-02,11:48:00,2026-08-02 11:48:00
IND-USR-006,27.593291,91.861963,662.4,2026-08-02,12:03:00,2026-08-02 12:03:00
IND-USR-006,27.583815,91.86169,76.6,2026-08-02,12:20:00,2026-08-02 12:20:00
IND-USR-006,27.591697,91.863099,94.0,2026-08-02,12:34:00,2026-08-02 12:34:00
IND-USR-006,27.586339,91.856812,107.0,2026-08-02,12:39:00,2026-08-02 12:39:00
IND-USR-006,27.588893,91.860974,838.1,2026-08-02,12:52:00,2026-08-02 12:52:00
IND-USR-006,27.589681,91.861941,369.8,2026-08-02,12:58:00,2026-08-02 12:58:00
IND-USR-006,27.590298,91.857259,613.1,2026-08-02,13:04:00,2026-08-02 13:04:00
IND-USR-006,27.59137,91.86019,74.3,2026-08-02,13:10:00,2026-08-02 13:10:00
IND-USR-006,27.594401,91.856643,18.0,2026-08-02,13:30:00,2026-08-02 13:30:00
IND-USR-006,27.593044,91.860192,423.7,2026-08-02,13:37:00,2026-08-02 13:37:00
IND-USR-006,27.583494,91.857464,600.4,2026-08-02,13:45:00,2026-08-02 13:45:00
IND-USR-006,27.584819,91.861097,874.7,2026-08-02,13:51:00,2026-08-02 13:51:00
IND-USR-006,27.588191,91.857105,818.4,2026-08-02,14:07:00,2026-08-02 14:07:00
IND-USR-006,27.586003,91.867969,852.8,2026-08-02,14:11:00,2026-08-02 14:11:00
IND-USR-006,27.59301,91.861145,717.3,2026-08-02,14:17:00,2026-08-02 14:17:00
IND-USR-006,27.586252,91.85988,696.2,2026-08-02,14:37:00,2026-08-02 14:37:00
IND-USR-006,27.588554,91.855309,915.5,2026-08-02,14:50:00,2026-08-02 14:50:00
IND-USR-006,27.58507,91.852726,753.6,2026-08-02,15:02:00,2026-08-02 15:02:00
IND-USR-006,27.587697,91.861989,270.3,2026-08-02,15:11:00,2026-08-02 15:11:00
IND-USR-006,27.584167,91.865696,243.3,2026-08-02,15:15:00,2026-08-02 15:15:00
IND-USR-006,27.581197,91.853543,742.2,2026-08-02,15:26:00,2026-08-02 15:26:00
IND-USR-006,27.586998,91.863588,807.0,2026-08-02,15:28:00,2026-08-02 15:28:00
IND-USR-006,27.592836,91.857564,203.1,2026-08-02,15:39:00,2026-08-02 15:39:00
IND-USR-006,27.590415,91.859246,187.3,2026-08-02,15:57:00,2026-08-02 15:57:00
IND-USR-006,27.585409,91.862935,287.8,2026-08-02,16:11:00,2026-08-02 16:11:00
IND-USR-006,27.588709,91.853094,746.8,2026-08-02,16:14:00,2026-08-02 16:14:00
IND-USR-006,27.592006,91.86492,475.2,2026-08-02,16:23:00,2026-08-02 16:23:00
IND-USR-006,27.583598,91.860983,236.6,2026-08-02,16:28:00,2026-08-02 16:28:00
IND-USR-006,27.588076,91.860443,506.6,2026-08-02,16:32:00,2026-08-02 16:32:00
IND-USR-006,27.583899,91.856714,937.7,2026-08-02,16:34:00,2026-08-02 16:34:00
IND-USR-006,27.585998,91.864091,134.1,2026-08-02,16:46:00,2026-08-02 16:46:00
IND-USR-006,27.588274,91.857918,405.6,2026-08-02,17:06:00,2026-08-02 17:06:00
IND-USR-006,27.589187,91.848006,652.0,2026-08-02,17:25:00,2026-08-02 17:25:00
IND-USR-006,27.590695,91.852441,907.2,2026-08-02,17:42:00,2026-08-02 17:42:00
IND-USR-006,27.58465,91.854921,25.7,2026-08-02,17:46:00,2026-08-02 17:46:00
IND-USR-006,27.580921,91.864043,23.0,2026-08-02,17:50:00,2026-08-02 17:50:00
IND-USR-006,27.584229,91.860786,47.4,2026-08-02,17:58:00,2026-08-02 17:58:00
IND-USR-006,27.585912,91.861308,901.8,2026-08-02,18:01:00,2026-08-02 18:01:00
IND-USR-006,27.586407,91.854268,486.2,2026-08-02,18:15:00,2026-08-02 18:15:00
IND-USR-006,27.590085,91.857425,731.1,2026-08-02,18:33:00,2026-08-02 18:33:00
IND-USR-006,27.579874,91.857688,669.7,2026-08-02,18:48:00,2026-08-02 18:48:00
IND-USR-006,27.592103,91.862801,612.1,2026-08-02,18:52:00,2026-08-02 18:52:00
IND-USR-006,27.083005,93.603903,589.1,2026-08-02,19:11:00,2026-08-02 19:11:00
IND-USR-006,27.083113,93.613607,88.6,2026-08-02,19:21:00,2026-08-02 19:21:00
IND-USR-006,27.085928,93.60702,490.6,2026-08-02,19:25:00,2026-08-02 19:25:00
IND-USR-006,27.088521,93.606255,925.9,2026-08-02,19:33:00,2026-08-02 19:33:00
IND-USR-006,27.083364,93.604515,514.2,2026-08-02,19:39:00,2026-08-02 19:39:00
IND-USR-006,27.084114,93.605151,561.3,2026-08-02,19:53:00,2026-08-02 19:53:00
IND-USR-006,27.087311,93.605508,301.6,2026-08-02,19:57:00,2026-08-02 19:57:00
IND-USR-006,27.087331,93.604977,696.2,2026-08-02,20:12:00,2026-08-02 20:12:00
IND-USR-006,27.084715,93.597307,64.4,2026-08-02,20:21:00,2026-08-02 20:21:00
IND-USR-006,27.088065,93.606686,879.2,2026-08-02,20:25:00,2026-08-02 20:25:00
IND-USR-006,27.088392,93.593715,436.2,2026-08-02,20:30:00,2026-08-02 20:30:00
IND-USR-006,27.092753,93.604742,300.7,2026-08-02,20:33:00,2026-08-02 20:33:00
IND-USR-006,27.088833,93.60114,122.3,2026-08-02,20:40:00,2026-08-02 20:40:00
IND-USR-006,27.086851,93.601086,669.4,2026-08-02,20:46:00,2026-08-02 20:46:00
IND-USR-006,27.081905,93.612956,476.6,2026-08-02,20:53:00,2026-08-02 20:53:00
IND-USR-006,27.083637,93.60617,501.6,2026-08-02,21:06:00,2026-08-02 21:06:00
IND-USR-006,27.08788,93.607283,166.9,2026-08-02,21:16:00,2026-08-02 21:16:00
IND-USR-006,27.085002,93.60676,714.8,2026-08-02,21:22:00,2026-08-02 21:22:00
IND-USR-006,27.094014,93.60507,699.0,2026-08-02,21:32:00,2026-08-02 21:32:00
IND-USR-006,27.085204,93.609503,735.1,2026-08-02,21:37:00,2026-08-02 21:37:00
IND-USR-006,27.088822,93.610048,324.9,2026-08-02,21:39:00,2026-08-02 21:39:00
IND-USR-006,27.086955,93.600728,265.7,2026-08-02,21:54:00,2026-08-02 21:54:00
IND-USR-006,27.090934,93.600715,257.2,2026-08-02,21:58:00,2026-08-02 21:58:00
IND-USR-006,27.085611,93.602283,599.9,2026-08-02,22:18:00,2026-08-02 22:18:00
IND-USR-006,27.084143,93.606615,437.9,2026-08-02,22:35:00,2026-08-02 22:35:00
IND-USR-006,27.085685,93.606988,62.1,2026-08-02,22:48:00,2026-08-02 22:48:00
IND-USR-006,27.090855,93.607114,166.9,2026-08-02,23:08:00,2026-08-02 23:08:00
IND-USR-006,27.083423,93.609156,249.8,2026-08-02,23:15:00,2026-08-02 23:15:00
IND-USR-006,27.089158,93.60039,850.6,2026-08-02,23:20:00,2026-08-02 23:20:00
IND-USR-006,27.08679,93.608105,224.7,2026-08-02,23:25:00,2026-08-02 23:25:00
IND-USR-006,27.08321,93.610803,12.4,2026-08-02,23:43:00,2026-08-02 23:43:00
IND-USR-006,27.0838,93.605802,239.9,2026-08-02,23:45:00,2026-08-02 23:45:00
IND-USR-006,27.083708,93.605362,352.1,2026-08-03,00:02:00,2026-08-03 00:02:00
IND-USR-006,27.080015,93.59954,178.2,2026-08-03,00:08:00,2026-08-03 00:08:00
IND-USR-006,27.090778,93.601912,529.7,2026-08-03,00:11:00,2026-08-03 00:11:00
IND-USR-006,27.080434,93.596686,221.0,2026-08-03,00:26:00,2026-08-03 00:26:00
IND-USR-006,27.081844,93.600008,401.3,2026-08-03,00:35:00,2026-08-03 00:35:00
IND-USR-006,27.090968,93.609339,265.0,2026-08-03,00:47:00,2026-08-03 00:47:00
IND-USR-006,27.081647,93.61431,547.2,2026-08-03,00:51:00,2026-08-03 00:51:00
IND-USR-006,27.088327,93.604001,481.9,2026-08-03,00:56:00,2026-08-03 00:56:00
IND-USR-006,27.074402,93.614464,178.6,2026-08-03,00:59:00,2026-08-03 00:59:00
IND-USR-006,27.078842,93.598718,932.5,2026-08-03,01:17:00,2026-08-03 01:17:00
IND-USR-006,27.08849,93.615059,74.8,2026-08-03,01:31:00,2026-08-03 01:31:00
IND-USR-006,27.089937,93.607556,824.1,2026-08-03,01:47:00,2026-08-03 01:47:00
IND-USR-006,27.086779,93.608714,317.7,2026-08-03,01:58:00,2026-08-03 01:58:00
IND-USR-007,27.087436,93.606425,356.8,2026-08-09,06:02:00,2026-08-09 06:02:00
IND-USR-007,27.084817,93.60505,540.0,2026-08-09,06:13:00,2026-08-09 06:13:00
IND-USR-007,27.081384,93.604177,705.2,2026-08-09,06:24:00,2026-08-09 06:24:00
IND-USR-007,27.077628,93.604907,446.1,2026-08-09,06:33:00,2026-08-09 06:33:00
IND-USR-007,27.080446,93.600886,923.5,2026-08-09,06:53:00,2026-08-09 06:53:00
IND-USR-007,27.08512,93.610868,698.5,2026-08-09,07:01:00,2026-08-09 07:01:00
IND-USR-007,27.088073,93.599018,724.9,2026-08-09,07:20:00,2026-08-09 07:20:00
IND-USR-007,27.080441,93.609063,151.5,2026-08-09,07:29:00,2026-08-09 07:29:00
IND-USR-007,27.08047,93.604401,32.5,2026-08-09,07:44:00,2026-08-09 07:44:00
IND-USR-007,27.5883,91.855527,335.6,2026-08-09,08:03:00,2026-08-09 08:03:00
IND-USR-007,27.586522,91.854064,903.9,2026-08-09,08:05:00,2026-08-09 08:05:00
IND-USR-007,27.583695,91.860679,723.4,2026-08-09,08:07:00,2026-08-09 08:07:00
IND-USR-007,27.579728,91.861162,808.1,2026-08-09,08:21:00,2026-08-09 08:21:00
IND-USR-007,27.586021,91.86161,107.7,2026-08-09,08:32:00,2026-08-09 08:32:00
IND-USR-007,27.586996,91.864857,934.1,2026-08-09,08:50:00,2026-08-09 08:50:00
IND-USR-007,27.586601,91.857682,472.5,2026-08-09,09:05:00,2026-08-09 09:05:00
IND-USR-007,27.586589,91.861573,924.2,2026-08-09,09:08:00,2026-08-09 09:08:00
IND-USR-007,27.586295,91.859562,679.0,2026-08-09,09:14:00,2026-08-09 09:14:00
IND-USR-007,27.583292,91.856748,51.3,2026-08-09,09:18:00,2026-08-09 09:18:00
IND-USR-007,27.58049,91.866398,853.5,2026-08-09,09:27:00,2026-08-09 09:27:00
IND-USR-007,27.581125,91.856628,398.3,2026-08-09,09:45:00,2026-08-09 09:45:00
IND-USR-007,27.583226,91.86298,441.0,2026-08-09,09:58:00,2026-08-09 09:58:00
IND-USR-007,27.58492,91.864391,555.9,2026-08-09,10:02:00,2026-08-09 10:02:00
IND-USR-007,27.583406,91.860516,135.5,2026-08-09,10:20:00,2026-08-09 10:20:00
IND-USR-007,27.582759,91.867981,80.3,2026-08-09,10:34:00,2026-08-09 10:34:00
IND-USR-007,27.58135,91.860639,68.5,2026-08-09,10:54:00,2026-08-09 10:54:00
IND-USR-007,27.588635,91.861055,232.6,2026-08-09,11:00:00,2026-08-09 11:00:00
IND-USR-007,27.585359,91.858881,809.9,2026-08-09,11:10:00,2026-08-09 11:10:00
IND-USR-007,27.586275,91.858812,668.7,2026-08-09,11:24:00,2026-08-09 11:24:00
IND-USR-007,27.589956,91.868242,309.0,2026-08-09,11:36:00,2026-08-09 11:36:00
IND-USR-007,27.58387,91.853921,229.6,2026-08-09,11:46:00,2026-08-09 11:46:00
IND-USR-007,27.585747,91.869719,137.9,2026-08-09,11:54:00,2026-08-09 11:54:00
IND-USR-007,27.582885,91.865956,112.4,2026-08-09,12:14:00,2026-08-09 12:14:00
IND-USR-007,27.592811,91.857186,164.5,2026-08-09,12:19:00,2026-08-09 12:19:00
IND-USR-007,27.588376,91.865914,305.2,2026-08-09,12:35:00,2026-08-09 12:35:00
IND-USR-007,27.584583,91.858586,513.8,2026-08-09,12:40:00,2026-08-09 12:40:00
IND-USR-007,27.583773,91.855341,434.8,2026-08-09,12:48:00,2026-08-09 12:48:00
IND-USR-007,27.583503,91.854504,259.1,2026-08-09,13:04:00,2026-08-09 13:04:00
IND-USR-007,27.586236,91.85632,95.0,2026-08-09,13:09:00,2026-08-09 13:09:00
IND-USR-007,27.587035,91.853176,786.8,2026-08-09,13:20:00,2026-08-09 13:20:00
IND-USR-007,27.587424,91.862734,212.1,2026-08-09,13:23:00,2026-08-09 13:23:00
IND-USR-007,27.578125,91.860896,149.4,2026-08-09,13:35:00,2026-08-09 13:35:00
IND-USR-007,27.591011,91.854561,920.3,2026-08-09,13:44:00,2026-08-09 13:44:00
IND-USR-007,27.59279,91.861076,492.7,2026-08-09,13:58:00,2026-08-09 13:58:00
IND-USR-007,27.58328,91.859177,254.6,2026-08-09,14:09:00,2026-08-09 14:09:00
IND-USR-007,27.588333,91.859704,39.2,2026-08-09,14:16:00,2026-08-09 14:16:00
IND-USR-007,27.588255,91.855717,813.3,2026-08-09,14:30:00,2026-08-09 14:30:00
IND-USR-007,27.586777,91.853745,713.2,2026-08-09,14:49:00,2026-08-09 14:49:00
IND-USR-007,27.585655,91.855784,99.0,2026-08-09,14:58:00,2026-08-09 14:58:00
IND-USR-007,27.583158,91.864344,765.7,2026-08-09,15:03:00,2026-08-09 15:03:00
IND-USR-007,27.590465,91.861837,124.2,2026-08-09,15:09:00,2026-08-09 15:09:00
IND-USR-007,27.581731,91.858134,790.5,2026-08-09,15:12:00,2026-08-09 15:12:00
IND-USR-007,27.590952,91.859967,132.9,2026-08-09,15:21:00,2026-08-09 15:21:00
IND-USR-007,27.595377,91.860973,359.9,2026-08-09,15:35:00,2026-08-09 15:35:00
IND-USR-007,27.586868,91.858164,557.4,2026-08-09,15:39:00,2026-08-09 15:39:00
IND-USR-007,27.586634,91.85879,872.4,2026-08-09,15:49:00,2026-08-09 15:49:00
IND-USR-007,27.588932,91.863227,30.5,2026-08-09,15:53:00,2026-08-09 15:53:00
IND-USR-007,27.582956,91.854075,195.9,2026-08-09,15:57:00,2026-08-09 15:57:00
IND-USR-007,27.578755,91.861432,770.7,2026-08-09,16:13:00,2026-08-09 16:13:00
IND-USR-007,27.581687,91.850788,860.8,2026-08-09,16:17:00,2026-08-09 16:17:00
IND-USR-007,27.587654,91.869372,125.2,2026-08-09,16:29:00,2026-08-09 16:29:00
IND-USR-007,27.586076,91.862754,57.6,2026-08-09,16:45:00,2026-08-09 16:45:00
IND-USR-007,27.586427,91.859004,417.2,2026-08-09,17:05:00,2026-08-09 17:05:00
IND-USR-007,27.589776,91.858239,476.4,2026-08-09,17:19:00,2026-08-09 17:19:00
IND-USR-007,27.58717,91.860687,652.2,2026-08-09,17:33:00,2026-08-09 17:33:00
IND-USR-007,27.583428,91.863368,342.7,2026-08-09,17:40:00,2026-08-09 17:40:00
IND-USR-007,27.5854,91.856377,268.5,2026-08-09,17:47:00,2026-08-09 17:47:00
IND-USR-007,27.588246,91.855806,840.4,2026-08-09,18:03:00,2026-08-09 18:03:00
IND-USR-007,27.586213,91.859364,587.3,2026-08-09,18:06:00,2026-08-09 18:06:00
IND-USR-007,27.590444,91.861299,618.4,2026-08-09,18:15:00,2026-08-09 18:15:00
IND-USR-007,27.586,91.862671,397.3,2026-08-09,18:32:00,2026-08-09 18:32:00
IND-USR-007,27.591661,91.861631,460.3,2026-08-09,18:51:00,2026-08-09 18:51:00
IND-USR-007,27.586141,91.854153,273.0,2026-08-09,18:55:00,2026-08-09 18:55:00
IND-USR-007,27.08014,93.604079,404.1,2026-08-09,19:01:00,2026-08-09 19:01:00
IND-USR-007,27.081962,93.604552,244.2,2026-08-09,19:19:00,2026-08-09 19:19:00
IND-USR-007,27.084627,93.607419,757.2,2026-08-09,19:38:00,2026-08-09 19:38:00
IND-USR-007,27.084118,93.607246,745.0,2026-08-09,19:52:00,2026-08-09 19:52:00
IND-USR-007,27.084658,93.597398,460.9,2026-08-09,20:05:00,2026-08-09 20:05:00
IND-USR-007,27.080643,93.604724,333.4,2026-08-09,20:22:00,2026-08-09 20:22:00
IND-USR-007,27.079561,93.6077,482.2,2026-08-09,20:42:00,2026-08-09 20:42:00
IND-USR-007,27.090523,93.610175,264.2,2026-08-09,20:56:00,2026-08-09 20:56:00
IND-USR-007,27.083546,93.611263,309.7,2026-08-09,20:58:00,2026-08-09 20:58:00
IND-USR-007,27.084995,93.603952,37.5,2026-08-09,21:07:00,2026-08-09 21:07:00
IND-USR-007,27.081946,93.60409,65.1,2026-08-09,21:17:00,2026-08-09 21:17:00
IND-USR-007,27.082847,93.605982,507.7,2026-08-09,21:34:00,2026-08-09 21:34:00
IND-USR-007,27.085042,93.605312,949.6,2026-08-09,21:54:00,2026-08-09 21:54:00
IND-USR-007,27.086148,93.610063,104.1,2026-08-09,22:01:00,2026-08-09 22:01:00
IND-USR-007,27.088198,93.59936,260.5,2026-08-09,22:10:00,2026-08-09 22:10:00
IND-USR-007,27.074184,93.609037,728.2,2026-08-09,22:13:00,2026-08-09 22:13:00
IND-USR-007,27.078932,93.604401,551.2,2026-08-09,22:22:00,2026-08-09 22:22:00
IND-USR-007,27.07972,93.598092,343.5,2026-08-09,22:36:00,2026-08-09 22:36:00
IND-USR-007,27.086566,93.608337,175.5,2026-08-09,22:43:00,2026-08-09 22:43:00
IND-USR-007,27.082094,93.594936,308.9,2026-08-09,23:03:00,2026-08-09 23:03:00
IND-USR-007,27.082215,93.606867,869.1,2026-08-09,23:16:00,2026-08-09 23:16:00
IND-USR-007,27.078484,93.606033,671.2,2026-08-09,23:18:00,2026-08-09 23:18:00
IND-USR-007,27.084339,93.607617,900.7,2026-08-09,23:31:00,2026-08-09 23:31:00
IND-USR-007,27.084878,93.601408,143.6,2026-08-09,23:51:00,2026-08-09 23:51:00
IND-USR-007,27.089186,93.604666,796.5,2026-08-09,23:59:00,2026-08-09 23:59:00
IND-USR-007,27.084291,93.601567,519.6,2026-08-10,00:16:00,2026-08-10 00:16:00
IND-USR-007,27.082627,93.601761,471.0,2026-08-10,00:23:00,2026-08-10 00:23:00
IND-USR-007,27.083708,93.612147,62.8,2026-08-10,00:27:00,2026-08-10 00:27:00
IND-USR-007,27.078912,93.598846,28.7,2026-08-10,00:36:00,2026-08-10 00:36:00
IND-USR-007,27.090285,93.604463,10.6,2026-08-10,00:53:00,2026-08-10 00:53:00
IND-USR-007,27.081724,93.60946,768.1,2026-08-10,01:01:00,2026-08-10 01:01:00
IND-USR-007,27.081978,93.612604,683.9,2026-08-10,01:13:00,2026-08-10 01:13:00
IND-USR-007,27.087112,93.603348,66.0,2026-08-10,01:25:00,2026-08-10 01:25:00
IND-USR-007,27.093029,93.602877,561.4,2026-08-10,01:31:00,2026-08-10 01:31:00
IND-USR-007,27.087368,93.606497,737.9,2026-08-10,01:37:00,2026-08-10 01:37:00
IND-USR-007,27.089607,93.611546,819.0,2026-08-10,01:55:00,2026-08-10 01:55:00
IND-USR-008,27.084528,93.602286,560.9,2026-08-02,06:14:00,2026-08-02 06:14:00
IND-USR-008,27.08624,93.602589,293.7,2026-08-02,06:26:00,2026-08-02 06:26:00
IND-USR-008,27.092454,93.605846,927.3,2026-08-02,06:32:00,2026-08-02 06:32:00
IND-USR-008,27.082939,93.606039,754.3,2026-08-02,06:47:00,2026-08-02 06:47:00
IND-USR-008,27.079011,93.601414,620.2,2026-08-02,07:04:00,2026-08-02 07:04:00
IND-USR-008,27.089202,93.602672,674.8,2026-08-02,07:11:00,2026-08-02 07:11:00
IND-USR-008,27.080212,93.607447,661.9,2026-08-02,07:30:00,2026-08-02 07:30:00
IND-USR-008,27.089143,93.608176,219.8,2026-08-02,07:43:00,2026-08-02 07:43:00
IND-USR-008,27.590084,91.856373,775.6,2026-08-02,08:03:00,2026-08-02 08:03:00
IND-USR-008,27.580413,91.865405,298.4,2026-08-02,08:17:00,2026-08-02 08:17:00
IND-USR-008,27.584809,91.858397,129.7,2026-08-02,08:28:00,2026-08-02 08:28:00
IND-USR-008,27.591413,91.861625,901.9,2026-08-02,08:30:00,2026-08-02 08:30:00
IND-USR-008,27.587924,91.86806,378.1,2026-08-02,08:50:00,2026-08-02 08:50:00
IND-USR-008,27.583526,91.863111,40.4,2026-08-02,09:10:00,2026-08-02 09:10:00
IND-USR-008,27.586328,91.860474,875.8,2026-08-02,09:22:00,2026-08-02 09:22:00
IND-USR-008,27.592214,91.861431,611.3,2026-08-02,09:31:00,2026-08-02 09:31:00
IND-USR-008,27.588253,91.86369,890.5,2026-08-02,09:36:00,2026-08-02 09:36:00
IND-USR-008,27.58464,91.856043,321.3,2026-08-02,09:42:00,2026-08-02 09:42:00
IND-USR-008,27.581921,91.851535,233.7,2026-08-02,09:46:00,2026-08-02 09:46:00
IND-USR-008,27.594325,91.854987,167.8,2026-08-02,09:58:00,2026-08-02 09:58:00
IND-USR-008,27.585215,91.858293,782.4,2026-08-02,10:02:00,2026-08-02 10:02:00
IND-USR-008,27.58733,91.862663,429.8,2026-08-02,10:14:00,2026-08-02 10:14:00
IND-USR-008,27.589542,91.857068,207.1,2026-08-02,10:24:00,2026-08-02 10:24:00
IND-USR-008,27.585432,91.86053,339.5,2026-08-02,10:28:00,2026-08-02 10:28:00
IND-USR-008,27.585105,91.865829,687.2,2026-08-02,10:33:00,2026-08-02 10:33:00
IND-USR-008,27.588064,91.86234,372.8,2026-08-02,10:36:00,2026-08-02 10:36:00
IND-USR-008,27.588752,91.864094,921.0,2026-08-02,10:51:00,2026-08-02 10:51:00
IND-USR-008,27.586824,91.854213,473.5,2026-08-02,11:06:00,2026-08-02 11:06:00
IND-USR-008,27.587699,91.856795,340.2,2026-08-02,11:20:00,2026-08-02 11:20:00
IND-USR-008,27.583986,91.861745,105.3,2026-08-02,11:34:00,2026-08-02 11:34:00
IND-USR-008,27.591053,91.859485,751.4,2026-08-02,11:51:00,2026-08-02 11:51:00
IND-USR-008,27.587335,91.866209,621.9,2026-08-02,12:11:00,2026-08-02 12:11:00
IND-USR-008,27.587063,91.869807,162.9,2026-08-02,12:20:00,2026-08-02 12:20:00
IND-USR-008,27.588362,91.852357,761.2,2026-08-02,12:24:00,2026-08-02 12:24:00
IND-USR-008,27.589113,91.860925,287.2,2026-08-02,12:27:00,2026-08-02 12:27:00
IND-USR-008,27.591259,91.862093,255.5,2026-08-02,12:39:00,2026-08-02 12:39:00
IND-USR-008,27.585546,91.854503,79.7,2026-08-02,12:44:00,2026-08-02 12:44:00
IND-USR-008,27.585264,91.855998,844.7,2026-08-02,12:51:00,2026-08-02 12:51:00
IND-USR-008,27.583778,91.861754,698.1,2026-08-02,12:58:00,2026-08-02 12:58:00
IND-USR-008,27.59278,91.860979,895.3,2026-08-02,13:17:00,2026-08-02 13:17:00
IND-USR-008,27.581316,91.861178,327.7,2026-08-02,13:21:00,2026-08-02 13:21:00
IND-USR-008,27.590887,91.856961,672.2,2026-08-02,13:38:00,2026-08-02 13:38:00
IND-USR-008,27.585564,91.859459,895.9,2026-08-02,13:53:00,2026-08-02 13:53:00
IND-USR-008,27.58296,91.861993,580.9,2026-08-02,14:00:00,2026-08-02 14:00:00
IND-USR-008,27.585616,91.861078,157.7,2026-08-02,14:15:00,2026-08-02 14:15:00
IND-USR-008,27.58255,91.85765,321.2,2026-08-02,14:20:00,2026-08-02 14:20:00
IND-USR-008,27.58899,91.857909,394.7,2026-08-02,14:28:00,2026-08-02 14:28:00
IND-USR-008,27.593008,91.857801,688.7,2026-08-02,14:47:00,2026-08-02 14:47:00
IND-USR-008,27.586999,91.86313,259.3,2026-08-02,15:06:00,2026-08-02 15:06:00
IND-USR-008,27.580427,91.852357,289.6,2026-08-02,15:17:00,2026-08-02 15:17:00
IND-USR-008,27.579997,91.86445,56.7,2026-08-02,15:22:00,2026-08-02 15:22:00
IND-USR-008,27.583893,91.869633,526.7,2026-08-02,15:42:00,2026-08-02 15:42:00
IND-USR-008,27.583843,91.860138,154.4,2026-08-02,15:59:00,2026-08-02 15:59:00
IND-USR-008,27.592268,91.867424,13.6,2026-08-02,16:12:00,2026-08-02 16:12:00
IND-USR-008,27.594346,91.864233,286.9,2026-08-02,16:16:00,2026-08-02 16:16:00
IND-USR-008,27.590196,91.86177,197.7,2026-08-02,16:33:00,2026-08-02 16:33:00
IND-USR-008,27.589213,91.857195,204.5,2026-08-02,16:35:00,2026-08-02 16:35:00
IND-USR-008,27.582827,91.859387,928.4,2026-08-02,16:46:00,2026-08-02 16:46:00
IND-USR-008,27.585419,91.857587,803.1,2026-08-02,17:03:00,2026-08-02 17:03:00
IND-USR-008,27.588886,91.863221,747.8,2026-08-02,17:14:00,2026-08-02 17:14:00
IND-USR-008,27.586454,91.86531,469.8,2026-08-02,17:31:00,2026-08-02 17:31:00
IND-USR-008,27.581533,91.858625,95.7,2026-08-02,17:41:00,2026-08-02 17:41:00
IND-USR-008,27.583233,91.851934,374.3,2026-08-02,18:00:00,2026-08-02 18:00:00
IND-USR-008,27.585769,91.858913,842.4,2026-08-02,18:13:00,2026-08-02 18:13:00
IND-USR-008,27.592154,91.861923,185.4,2026-08-02,18:26:00,2026-08-02 18:26:00
IND-USR-008,27.582003,91.866816,257.5,2026-08-02,18:29:00,2026-08-02 18:29:00
IND-USR-008,27.590984,91.861728,257.6,2026-08-02,18:45:00,2026-08-02 18:45:00
IND-USR-008,27.585194,91.855562,540.4,2026-08-02,18:55:00,2026-08-02 18:55:00
IND-USR-008,27.082911,93.609655,717.1,2026-08-02,19:01:00,2026-08-02 19:01:00
IND-USR-008,27.091938,93.611473,90.6,2026-08-02,19:06:00,2026-08-02 19:06:00
IND-USR-008,27.082445,93.600822,769.7,2026-08-02,19:19:00,2026-08-02 19:19:00
IND-USR-008,27.084964,93.598226,922.5,2026-08-02,19:34:00,2026-08-02 19:34:00
IND-USR-008,27.085693,93.60471,223.9,2026-08-02,19:54:00,2026-08-02 19:54:00
IND-USR-008,27.082536,93.598921,800.3,2026-08-02,19:57:00,2026-08-02 19:57:00
IND-USR-008,27.086454,93.603169,403.5,2026-08-02,20:15:00,2026-08-02 20:15:00
IND-USR-008,27.07972,93.593811,655.8,2026-08-02,20:34:00,2026-08-02 20:34:00
IND-USR-008,27.08429,93.612389,548.4,2026-08-02,20:51:00,2026-08-02 20:51:00
IND-USR-008,27.091045,93.603472,457.7,2026-08-02,21:00:00,2026-08-02 21:00:00
IND-USR-008,27.081991,93.607175,381.1,2026-08-02,21:04:00,2026-08-02 21:04:00
IND-USR-008,27.080406,93.606507,482.0,2026-08-02,21:07:00,2026-08-02 21:07:00
IND-USR-008,27.087464,93.610208,762.4,2026-08-02,21:25:00,2026-08-02 21:25:00
IND-USR-008,27.083999,93.604485,123.1,2026-08-02,21:31:00,2026-08-02 21:31:00
IND-USR-008,27.080888,93.601992,172.5,2026-08-02,21:47:00,2026-08-02 21:47:00
IND-USR-008,27.083494,93.606769,923.8,2026-08-02,21:54:00,2026-08-02 21:54:00
IND-USR-008,27.088054,93.602087,128.6,2026-08-02,22:02:00,2026-08-02 22:02:00
IND-USR-008,27.090371,93.604216,83.7,2026-08-02,22:17:00,2026-08-02 22:17:00
IND-USR-008,27.084315,93.602311,199.8,2026-08-02,22:32:00,2026-08-02 22:32:00
IND-USR-008,27.074703,93.608836,794.1,2026-08-02,22:38:00,2026-08-02 22:38:00
IND-USR-008,27.087347,93.604175,310.6,2026-08-02,22:48:00,2026-08-02 22:48:00
IND-USR-008,27.084668,93.607364,91.8,2026-08-02,22:52:00,2026-08-02 22:52:00
IND-USR-008,27.07815,93.603184,383.5,2026-08-02,23:11:00,2026-08-02 23:11:00
IND-USR-008,27.087577,93.600283,815.2,2026-08-02,23:23:00,2026-08-02 23:23:00
IND-USR-008,27.085574,93.599874,440.7,2026-08-02,23:41:00,2026-08-02 23:41:00
IND-USR-008,27.086266,93.605157,749.4,2026-08-02,23:43:00,2026-08-02 23:43:00
IND-USR-008,27.077939,93.609959,501.2,2026-08-03,00:03:00,2026-08-03 00:03:00
IND-USR-008,27.081462,93.602059,115.8,2026-08-03,00:18:00,2026-08-03 00:18:00
IND-USR-008,27.085202,93.609895,149.3,2026-08-03,00:24:00,2026-08-03 00:24:00
IND-USR-008,27.080337,93.605547,557.7,2026-08-03,00:44:00,2026-08-03 00:44:00
IND-USR-008,27.086115,93.608072,879.4,2026-08-03,00:49:00,2026-08-03 00:49:00
IND-USR-008,27.085106,93.603832,742.8,2026-08-03,01:09:00,2026-08-03 01:09:00
IND-USR-008,27.08109,93.605645,825.4,2026-08-03,01:20:00,2026-08-03 01:20:00
IND-USR-008,27.080111,93.593615,835.2,2026-08-03,01:33:00,2026-08-03 01:33:00
IND-USR-008,27.086146,93.608916,370.1,2026-08-03,01:43:00,2026-08-03 01:43:00
IND-USR-009,26.135048,91.732161,45.2,2026-08-08,06:17:00,2026-08-08 06:17:00
IND-USR-009,26.146977,91.74443,388.8,2026-08-08,06:27:00,2026-08-08 06:27:00
IND-USR-009,26.144583,91.733288,46.5,2026-08-08,06:41:00,2026-08-08 06:41:00
IND-USR-009,26.143768,91.7417,659.1,2026-08-08,06:53:00,2026-08-08 06:53:00
IND-USR-009,26.141916,91.733003,711.0,2026-08-08,06:56:00,2026-08-08 06:56:00
IND-USR-009,26.142569,91.732387,853.2,2026-08-08,07:06:00,2026-08-08 07:06:00
IND-USR-009,26.144991,91.742699,327.6,2026-08-08,07:08:00,2026-08-08 07:08:00
IND-USR-009,26.145792,91.735191,302.3,2026-08-08,07:19:00,2026-08-08 07:19:00
IND-USR-009,26.143333,91.729947,816.7,2026-08-08,07:36:00,2026-08-08 07:36:00
IND-USR-009,26.148032,91.735889,924.1,2026-08-08,07:41:00,2026-08-08 07:41:00
IND-USR-009,26.143778,91.748972,136.3,2026-08-08,07:50:00,2026-08-08 07:50:00
IND-USR-009,27.473995,94.908993,737.6,2026-08-08,08:06:00,2026-08-08 08:06:00
IND-USR-009,27.471095,94.916594,263.3,2026-08-08,08:18:00,2026-08-08 08:18:00
IND-USR-009,27.473253,94.906247,578.7,2026-08-08,08:33:00,2026-08-08 08:33:00
IND-USR-009,27.476477,94.909327,186.7,2026-08-08,08:37:00,2026-08-08 08:37:00
IND-USR-009,27.480293,94.91632,868.6,2026-08-08,08:45:00,2026-08-08 08:45:00
IND-USR-009,27.471011,94.917124,706.5,2026-08-08,09:00:00,2026-08-08 09:00:00
IND-USR-009,27.473071,94.915411,825.2,2026-08-08,09:18:00,2026-08-08 09:18:00
IND-USR-009,27.474739,94.908615,494.4,2026-08-08,09:21:00,2026-08-08 09:21:00
IND-USR-009,27.470226,94.91612,71.7,2026-08-08,09:28:00,2026-08-08 09:28:00
IND-USR-009,27.471461,94.910385,389.2,2026-08-08,09:46:00,2026-08-08 09:46:00
IND-USR-009,27.46898,94.913694,836.6,2026-08-08,10:04:00,2026-08-08 10:04:00
IND-USR-009,27.48105,94.90773,173.3,2026-08-08,10:06:00,2026-08-08 10:06:00
IND-USR-009,27.472897,94.917649,796.8,2026-08-08,10:14:00,2026-08-08 10:14:00
IND-USR-009,27.472481,94.913809,41.1,2026-08-08,10:23:00,2026-08-08 10:23:00
IND-USR-009,27.46855,94.913713,872.9,2026-08-08,10:26:00,2026-08-08 10:26:00
IND-USR-009,27.472051,94.915943,267.5,2026-08-08,10:34:00,2026-08-08 10:34:00
IND-USR-009,27.47755,94.922358,484.8,2026-08-08,10:50:00,2026-08-08 10:50:00
IND-USR-009,27.475119,94.913303,650.3,2026-08-08,10:55:00,2026-08-08 10:55:00
IND-USR-009,27.473578,94.910587,360.1,2026-08-08,11:04:00,2026-08-08 11:04:00
IND-USR-009,27.474154,94.910818,176.9,2026-08-08,11:20:00,2026-08-08 11:20:00
IND-USR-009,27.473474,94.91727,561.7,2026-08-08,11:37:00,2026-08-08 11:37:00
IND-USR-009,27.468774,94.91656,333.6,2026-08-08,11:50:00,2026-08-08 11:50:00
IND-USR-009,27.478068,94.911528,714.0,2026-08-08,12:00:00,2026-08-08 12:00:00
IND-USR-009,27.464313,94.909569,278.0,2026-08-08,12:04:00,2026-08-08 12:04:00
IND-USR-009,27.477988,94.911909,56.7,2026-08-08,12:18:00,2026-08-08 12:18:00
IND-USR-009,27.468803,94.909981,743.0,2026-08-08,12:38:00,2026-08-08 12:38:00
IND-USR-009,27.476162,94.914187,815.7,2026-08-08,12:46:00,2026-08-08 12:46:00
IND-USR-009,27.471844,94.910533,647.0,2026-08-08,12:55:00,2026-08-08 12:55:00
IND-USR-009,27.471233,94.90831,622.5,2026-08-08,13:05:00,2026-08-08 13:05:00
IND-USR-009,27.479262,94.910711,28.8,2026-08-08,13:23:00,2026-08-08 13:23:00
IND-USR-009,27.477669,94.918085,455.7,2026-08-08,13:25:00,2026-08-08 13:25:00
IND-USR-009,27.476793,94.910274,618.5,2026-08-08,13:31:00,2026-08-08 13:31:00
IND-USR-009,27.474415,94.911903,220.3,2026-08-08,13:33:00,2026-08-08 13:33:00
IND-USR-009,27.469185,94.913297,680.0,2026-08-08,13:44:00,2026-08-08 13:44:00
IND-USR-009,27.468084,94.916751,408.4,2026-08-08,13:54:00,2026-08-08 13:54:00
IND-USR-009,27.470942,94.912805,810.5,2026-08-08,14:08:00,2026-08-08 14:08:00
IND-USR-009,27.473933,94.910964,246.9,2026-08-08,14:24:00,2026-08-08 14:24:00
IND-USR-009,27.475147,94.9101,294.0,2026-08-08,14:40:00,2026-08-08 14:40:00
IND-USR-009,27.476285,94.906616,784.9,2026-08-08,14:58:00,2026-08-08 14:58:00
IND-USR-009,27.473306,94.919756,559.4,2026-08-08,15:12:00,2026-08-08 15:12:00
IND-USR-009,27.468799,94.909289,490.8,2026-08-08,15:14:00,2026-08-08 15:14:00
IND-USR-009,27.474856,94.912718,537.8,2026-08-08,15:27:00,2026-08-08 15:27:00
IND-USR-009,27.474203,94.913957,290.6,2026-08-08,15:38:00,2026-08-08 15:38:00
IND-USR-009,27.475339,94.916439,462.8,2026-08-08,15:43:00,2026-08-08 15:43:00
IND-USR-009,27.474439,94.911035,939.1,2026-08-08,15:55:00,2026-08-08 15:55:00
IND-USR-009,27.47549,94.9196,819.8,2026-08-08,16:07:00,2026-08-08 16:07:00
IND-USR-009,27.472269,94.908102,626.8,2026-08-08,16:17:00,2026-08-08 16:17:00
IND-USR-009,27.477228,94.911518,187.1,2026-08-08,16:28:00,2026-08-08 16:28:00
IND-USR-009,27.464109,94.91539,729.5,2026-08-08,16:46:00,2026-08-08 16:46:00
IND-USR-009,27.470659,94.911638,767.1,2026-08-08,16:49:00,2026-08-08 16:49:00
IND-USR-009,27.474128,94.912762,630.9,2026-08-08,17:03:00,2026-08-08 17:03:00
IND-USR-009,27.475638,94.910258,688.0,2026-08-08,17:09:00,2026-08-08 17:09:00
IND-USR-009,27.474852,94.910962,947.6,2026-08-08,17:26:00,2026-08-08 17:26:00
IND-USR-009,27.475755,94.914461,862.5,2026-08-08,17:36:00,2026-08-08 17:36:00
IND-USR-009,27.469058,94.916344,375.0,2026-08-08,17:50:00,2026-08-08 17:50:00
IND-USR-009,27.470656,94.915232,558.0,2026-08-08,17:53:00,2026-08-08 17:53:00
IND-USR-009,27.474269,94.919353,777.1,2026-08-08,18:13:00,2026-08-08 18:13:00
IND-USR-009,27.471906,94.910603,693.0,2026-08-08,18:25:00,2026-08-08 18:25:00
IND-USR-009,27.472722,94.910787,655.1,2026-08-08,18:34:00,2026-08-08 18:34:00
IND-USR-009,27.476,94.905535,862.1,2026-08-08,18:51:00,2026-08-08 18:51:00
IND-USR-009,26.140285,91.731929,486.9,2026-08-08,19:04:00,2026-08-08 19:04:00
IND-USR-009,26.148301,91.743042,800.2,2026-08-08,19:11:00,2026-08-08 19:11:00
IND-USR-009,26.144082,91.735525,180.3,2026-08-08,19:30:00,2026-08-08 19:30:00
IND-USR-009,26.14478,91.740848,452.5,2026-08-08,19:35:00,2026-08-08 19:35:00
IND-USR-009,26.140791,91.737153,691.7,2026-08-08,19:45:00,2026-08-08 19:45:00
IND-USR-009,26.148401,91.738204,727.1,2026-08-08,20:04:00,2026-08-08 20:04:00
IND-USR-009,26.145258,91.740204,900.1,2026-08-08,20:11:00,2026-08-08 20:11:00
IND-USR-009,26.133687,91.738912,625.2,2026-08-08,20:23:00,2026-08-08 20:23:00
IND-USR-009,26.141884,91.728877,344.0,2026-08-08,20:32:00,2026-08-08 20:32:00
IND-USR-009,26.146545,91.741695,405.2,2026-08-08,20:43:00,2026-08-08 20:43:00
IND-USR-009,26.14395,91.740011,359.4,2026-08-08,20:55:00,2026-08-08 20:55:00
IND-USR-009,26.150949,91.74146,286.4,2026-08-08,21:15:00,2026-08-08 21:15:00
IND-USR-009,26.15106,91.739169,452.3,2026-08-08,21:20:00,2026-08-08 21:20:00
IND-USR-009,26.144802,91.729792,555.5,2026-08-08,21:40:00,2026-08-08 21:40:00
IND-USR-009,26.143516,91.732827,453.9,2026-08-08,21:44:00,2026-08-08 21:44:00
IND-USR-009,26.153184,91.735496,480.4,2026-08-08,21:52:00,2026-08-08 21:52:00
IND-USR-009,26.144993,91.738406,508.0,2026-08-08,22:06:00,2026-08-08 22:06:00
IND-USR-009,26.144674,91.74298,60.8,2026-08-08,22:21:00,2026-08-08 22:21:00
IND-USR-009,26.142009,91.736978,139.1,2026-08-08,22:27:00,2026-08-08 22:27:00
IND-USR-009,26.14153,91.73092,332.1,2026-08-08,22:35:00,2026-08-08 22:35:00
IND-USR-009,26.142053,91.736052,849.3,2026-08-08,22:55:00,2026-08-08 22:55:00
IND-USR-009,26.142783,91.73343,144.6,2026-08-08,23:11:00,2026-08-08 23:11:00
IND-USR-009,26.138875,91.735868,742.2,2026-08-08,23:18:00,2026-08-08 23:18:00
IND-USR-009,26.138481,91.73924,322.7,2026-08-08,23:35:00,2026-08-08 23:35:00
IND-USR-009,26.14483,91.73037,304.6,2026-08-08,23:42:00,2026-08-08 23:42:00
IND-USR-009,26.143263,91.733191,14.4,2026-08-08,23:45:00,2026-08-08 23:45:00
IND-USR-009,26.145777,91.741562,206.8,2026-08-08,23:55:00,2026-08-08 23:55:00
IND-USR-009,26.136999,91.73666,551.7,2026-08-09,00:02:00,2026-08-09 00:02:00
IND-USR-009,26.143859,91.738885,470.2,2026-08-09,00:09:00,2026-08-09 00:09:00
IND-USR-009,26.145353,91.733192,131.6,2026-08-09,00:13:00,2026-08-09 00:13:00
IND-USR-009,26.143224,91.733016,605.5,2026-08-09,00:28:00,2026-08-09 00:28:00
IND-USR-009,26.148804,91.736285,413.3,2026-08-09,00:42:00,2026-08-09 00:42:00
IND-USR-009,26.152105,91.735957,370.3,2026-08-09,00:59:00,2026-08-09 00:59:00
IND-USR-009,26.141666,91.730145,511.8,2026-08-09,01:02:00,2026-08-09 01:02:00
IND-USR-009,26.137287,91.729863,903.1,2026-08-09,01:15:00,2026-08-09 01:15:00
IND-USR-009,26.145569,91.738235,721.4,2026-08-09,01:27:00,2026-08-09 01:27:00
IND-USR-009,26.138175,91.73978,189.1,2026-08-09,01:45:00,2026-08-09 01:45:00
IND-USR-009,26.142568,91.736787,599.1,2026-08-09,01:47:00,2026-08-09 01:47:00
IND-USR-009,26.150949,91.739787,222.7,2026-08-09,01:56:00,2026-08-09 01:56:00
IND-USR-009,26.143426,91.732635,303.4,2026-08-09,02:09:00,2026-08-09 02:09:00
IND-USR-009,26.135893,91.733323,370.5,2026-08-09,02:14:00,2026-08-09 02:14:00
IND-USR-009,26.143655,91.732251,297.7,2026-08-09,02:34:00,2026-08-09 02:34:00
IND-USR-009,26.143975,91.736507,784.4,2026-08-09,02:38:00,2026-08-09 02:38:00
IND-USR-009,26.143601,91.7336,901.6,2026-08-09,02:49:00,2026-08-09 02:49:00
IND-USR-009,26.145175,91.737968,694.2,2026-08-09,03:05:00,2026-08-09 03:05:00
IND-USR-010,26.140138,91.741844,417.6,2026-08-10,06:12:00,2026-08-10 06:12:00
IND-USR-010,26.144106,91.736275,332.2,2026-08-10,06:18:00,2026-08-10 06:18:00
IND-USR-010,26.147333,91.737133,347.7,2026-08-10,06:35:00,2026-08-10 06:35:00
IND-USR-010,26.148313,91.737348,165.0,2026-08-10,06:43:00,2026-08-10 06:43:00
IND-USR-010,26.14205,91.737646,28.0,2026-08-10,06:57:00,2026-08-10 06:57:00
IND-USR-010,26.139925,91.736634,693.5,2026-08-10,07:06:00,2026-08-10 07:06:00
IND-USR-010,26.144367,91.735368,208.5,2026-08-10,07:12:00,2026-08-10 07:12:00
IND-USR-010,26.143986,91.728673,564.3,2026-08-10,07:14:00,2026-08-10 07:14:00
IND-USR-010,26.142305,91.736571,125.8,2026-08-10,07:21:00,2026-08-10 07:21:00
IND-USR-010,26.145139,91.732089,362.7,2026-08-10,07:24:00,2026-08-10 07:24:00
IND-USR-010,26.149563,91.732735,735.0,2026-08-10,07:34:00,2026-08-10 07:34:00
IND-USR-010,26.148378,91.737909,568.3,2026-08-10,07:37:00,2026-08-10 07:37:00
IND-USR-010,26.141915,91.743301,632.3,2026-08-10,07:40:00,2026-08-10 07:40:00
IND-USR-010,26.139725,91.739877,55.3,2026-08-10,07:42:00,2026-08-10 07:42:00
IND-USR-010,26.148502,91.733518,401.8,2026-08-10,07:47:00,2026-08-10 07:47:00
IND-USR-010,27.47837,94.911,126.2,2026-08-10,08:01:00,2026-08-10 08:01:00
IND-USR-010,27.473955,94.913041,455.9,2026-08-10,08:11:00,2026-08-10 08:11:00
IND-USR-010,27.472263,94.915243,203.2,2026-08-10,08:17:00,2026-08-10 08:17:00
IND-USR-010,27.475974,94.905006,293.0,2026-08-10,08:19:00,2026-08-10 08:19:00
IND-USR-010,27.478017,94.90535,632.7,2026-08-10,08:24:00,2026-08-10 08:24:00
IND-USR-010,27.47693,94.916507,595.4,2026-08-10,08:34:00,2026-08-10 08:34:00
IND-USR-010,27.468436,94.910357,403.7,2026-08-10,08:40:00,2026-08-10 08:40:00
IND-USR-010,27.468377,94.91114,490.9,2026-08-10,08:45:00,2026-08-10 08:45:00
IND-USR-010,27.471568,94.915119,275.7,2026-08-10,08:50:00,2026-08-10 08:50:00
IND-USR-010,27.478041,94.917583,477.9,2026-08-10,08:55:00,2026-08-10 08:55:00
IND-USR-010,27.470551,94.911163,741.3,2026-08-10,09:03:00,2026-08-10 09:03:00
IND-USR-010,27.466066,94.908777,924.7,2026-08-10,09:21:00,2026-08-10 09:21:00
IND-USR-010,27.476659,94.918462,671.2,2026-08-10,09:34:00,2026-08-10 09:34:00
IND-USR-010,27.467863,94.90963,160.8,2026-08-10,09:45:00,2026-08-10 09:45:00
IND-USR-010,27.472694,94.913121,476.6,2026-08-10,10:04:00,2026-08-10 10:04:00
IND-USR-010,27.469562,94.913696,656.9,2026-08-10,10:12:00,2026-08-10 10:12:00
IND-USR-010,27.470905,94.911942,320.8,2026-08-10,10:29:00,2026-08-10 10:29:00
IND-USR-010,27.474985,94.912026,22.0,2026-08-10,10:31:00,2026-08-10 10:31:00
IND-USR-010,27.471054,94.911562,862.5,2026-08-10,10:35:00,2026-08-10 10:35:00
IND-USR-010,27.472447,94.91052,638.9,2026-08-10,10:55:00,2026-08-10 10:55:00
IND-USR-010,27.471765,94.918395,902.5,2026-08-10,11:01:00,2026-08-10 11:01:00
IND-USR-010,27.475044,94.910818,80.5,2026-08-10,11:19:00,2026-08-10 11:19:00
IND-USR-010,27.475588,94.910665,860.5,2026-08-10,11:24:00,2026-08-10 11:24:00
IND-USR-010,27.477492,94.913479,439.3,2026-08-10,11:33:00,2026-08-10 11:33:00
IND-USR-010,27.472371,94.913791,258.3,2026-08-10,11:44:00,2026-08-10 11:44:00
IND-USR-010,27.466516,94.907493,103.8,2026-08-10,11:47:00,2026-08-10 11:47:00
IND-USR-010,27.468024,94.912572,831.7,2026-08-10,11:54:00,2026-08-10 11:54:00
IND-USR-010,27.47973,94.920925,348.6,2026-08-10,12:05:00,2026-08-10 12:05:00
IND-USR-010,27.475352,94.914003,410.4,2026-08-10,12:17:00,2026-08-10 12:17:00
IND-USR-010,27.465596,94.909829,99.3,2026-08-10,12:22:00,2026-08-10 12:22:00
IND-USR-010,27.469649,94.909517,19.1,2026-08-10,12:25:00,2026-08-10 12:25:00
IND-USR-010,27.472127,94.910112,633.6,2026-08-10,12:31:00,2026-08-10 12:31:00
IND-USR-010,27.464883,94.914992,318.9,2026-08-10,12:38:00,2026-08-10 12:38:00
IND-USR-010,27.468509,94.912957,907.8,2026-08-10,12:54:00,2026-08-10 12:54:00
IND-USR-010,27.481096,94.908322,835.8,2026-08-10,13:04:00,2026-08-10 13:04:00
IND-USR-010,27.462679,94.910856,360.3,2026-08-10,13:08:00,2026-08-10 13:08:00
IND-USR-010,27.477204,94.919833,181.9,2026-08-10,13:20:00,2026-08-10 13:20:00
IND-USR-010,27.467882,94.913987,386.2,2026-08-10,13:34:00,2026-08-10 13:34:00
IND-USR-010,27.470939,94.911576,265.5,2026-08-10,13:50:00,2026-08-10 13:50:00
IND-USR-010,27.483377,94.905988,658.5,2026-08-10,14:04:00,2026-08-10 14:04:00
IND-USR-010,27.473815,94.913871,761.9,2026-08-10,14:21:00,2026-08-10 14:21:00
IND-USR-010,27.477143,94.912392,116.3,2026-08-10,14:28:00,2026-08-10 14:28:00
IND-USR-010,27.474032,94.910433,932.7,2026-08-10,14:31:00,2026-08-10 14:31:00
IND-USR-010,27.473877,94.910627,107.5,2026-08-10,14:38:00,2026-08-10 14:38:00
IND-USR-010,27.475286,94.910522,463.7,2026-08-10,14:58:00,2026-08-10 14:58:00
IND-USR-010,27.474308,94.911883,647.7,2026-08-10,15:18:00,2026-08-10 15:18:00
IND-USR-010,27.477304,94.911794,584.6,2026-08-10,15:25:00,2026-08-10 15:25:00
IND-USR-010,27.465708,94.917048,584.7,2026-08-10,15:38:00,2026-08-10 15:38:00
IND-USR-010,27.469177,94.909385,464.1,2026-08-10,15:44:00,2026-08-10 15:44:00
IND-USR-010,27.470417,94.917498,116.2,2026-08-10,16:01:00,2026-08-10 16:01:00
IND-USR-010,27.464257,94.924551,424.2,2026-08-10,16:16:00,2026-08-10 16:16:00
IND-USR-010,27.477024,94.912893,255.9,2026-08-10,16:20:00,2026-08-10 16:20:00
IND-USR-010,27.47258,94.913142,21.6,2026-08-10,16:32:00,2026-08-10 16:32:00
IND-USR-010,27.474884,94.914581,731.5,2026-08-10,16:50:00,2026-08-10 16:50:00
IND-USR-010,27.475022,94.912358,690.3,2026-08-10,17:10:00,2026-08-10 17:10:00
IND-USR-010,27.472011,94.911395,929.2,2026-08-10,17:19:00,2026-08-10 17:19:00
IND-USR-010,27.47202,94.916535,498.0,2026-08-10,17:31:00,2026-08-10 17:31:00
IND-USR-010,27.475174,94.900238,416.9,2026-08-10,17:36:00,2026-08-10 17:36:00
IND-USR-010,27.475424,94.912779,463.0,2026-08-10,17:45:00,2026-08-10 17:45:00
IND-USR-010,27.472725,94.910446,149.7,2026-08-10,17:59:00,2026-08-10 17:59:00
IND-USR-010,27.477296,94.91579,848.5,2026-08-10,18:18:00,2026-08-10 18:18:00
IND-USR-010,27.469708,94.913628,20.9,2026-08-10,18:21:00,2026-08-10 18:21:00
IND-USR-010,27.468913,94.906482,485.2,2026-08-10,18:28:00,2026-08-10 18:28:00
IND-USR-010,27.470293,94.91545,810.8,2026-08-10,18:45:00,2026-08-10 18:45:00
IND-USR-010,27.476613,94.914052,80.4,2026-08-10,18:52:00,2026-08-10 18:52:00
IND-USR-010,26.1474,91.738265,311.4,2026-08-10,19:09:00,2026-08-10 19:09:00
IND-USR-010,26.141934,91.737928,921.9,2026-08-10,19:21:00,2026-08-10 19:21:00
IND-USR-010,26.147702,91.739217,486.5,2026-08-10,19:24:00,2026-08-10 19:24:00
IND-USR-010,26.149256,91.739033,614.7,2026-08-10,19:43:00,2026-08-10 19:43:00
IND-USR-010,26.145906,91.740481,778.1,2026-08-10,19:57:00,2026-08-10 19:57:00
IND-USR-010,26.144394,91.732673,441.5,2026-08-10,20:01:00,2026-08-10 20:01:00
IND-USR-010,26.143848,91.73322,431.2,2026-08-10,20:21:00,2026-08-10 20:21:00
IND-USR-010,26.141799,91.735622,430.2,2026-08-10,20:38:00,2026-08-10 20:38:00
IND-USR-010,26.14133,91.734968,931.8,2026-08-10,20:43:00,2026-08-10 20:43:00
IND-USR-010,26.136926,91.737053,106.5,2026-08-10,20:45:00,2026-08-10 20:45:00
IND-USR-010,26.144505,91.732932,43.7,2026-08-10,21:00:00,2026-08-10 21:00:00
IND-USR-010,26.147137,91.73995,10.2,2026-08-10,21:19:00,2026-08-10 21:19:00
IND-USR-010,26.13807,91.733149,754.3,2026-08-10,21:23:00,2026-08-10 21:23:00
IND-USR-010,26.141423,91.73244,846.7,2026-08-10,21:34:00,2026-08-10 21:34:00
IND-USR-010,26.147818,91.735425,204.4,2026-08-10,21:53:00,2026-08-10 21:53:00
IND-USR-010,26.143442,91.728185,903.3,2026-08-10,22:09:00,2026-08-10 22:09:00
IND-USR-010,26.147042,91.731243,785.8,2026-08-10,22:22:00,2026-08-10 22:22:00
IND-USR-010,26.14474,91.73731,803.7,2026-08-10,22:31:00,2026-08-10 22:31:00
IND-USR-010,26.149943,91.730965,536.5,2026-08-10,22:43:00,2026-08-10 22:43:00
IND-USR-010,26.132422,91.736935,683.7,2026-08-10,23:00:00,2026-08-10 23:00:00
IND-USR-010,26.151702,91.741156,683.0,2026-08-10,23:13:00,2026-08-10 23:13:00
IND-USR-010,26.145339,91.734233,101.6,2026-08-10,23:18:00,2026-08-10 23:18:00
IND-USR-010,26.147728,91.732306,12.1,2026-08-10,23:27:00,2026-08-10 23:27:00
IND-USR-010,26.146405,91.738222,790.1,2026-08-10,23:40:00,2026-08-10 23:40:00
IND-USR-010,26.148741,91.747239,524.8,2026-08-10,23:51:00,2026-08-10 23:51:00
IND-USR-010,26.14607,91.734164,670.0,2026-08-11,00:04:00,2026-08-11 00:04:00
IND-USR-010,26.144398,91.729124,853.1,2026-08-11,00:07:00,2026-08-11 00:07:00
IND-USR-010,26.141721,91.734563,142.0,2026-08-11,00:24:00,2026-08-11 00:24:00
IND-USR-010,26.142404,91.736809,110.5,2026-08-11,00:39:00,2026-08-11 00:39:00
IND-USR-010,26.14121,91.740684,186.3,2026-08-11,00:47:00,2026-08-11 00:47:00
IND-USR-010,26.144501,91.736163,212.7,2026-08-11,01:01:00,2026-08-11 01:01:00
IND-USR-010,26.143188,91.736821,683.8,2026-08-11,01:09:00,2026-08-11 01:09:00
IND-USR-010,26.1478,91.732731,721.7,2026-08-11,01:14:00,2026-08-11 01:14:00
IND-USR-011,26.141868,91.734985,125.8,2026-08-01,06:20:00,2026-08-01 06:20:00
IND-USR-011,26.139117,91.732923,439.9,2026-08-01,06:36:00,2026-08-01 06:36:00
IND-USR-011,26.142595,91.739698,908.8,2026-08-01,06:56:00,2026-08-01 06:56:00
IND-USR-011,26.14555,91.736974,916.0,2026-08-01,07:02:00,2026-08-01 07:02:00
IND-USR-011,26.147904,91.735651,508.5,2026-08-01,07:04:00,2026-08-01 07:04:00
IND-USR-011,26.146062,91.735787,530.0,2026-08-01,07:07:00,2026-08-01 07:07:00
IND-USR-011,26.145561,91.733869,798.5,2026-08-01,07:22:00,2026-08-01 07:22:00
IND-USR-011,26.134745,91.735663,878.9,2026-08-01,07:39:00,2026-08-01 07:39:00
IND-USR-011,26.150191,91.739905,660.3,2026-08-01,07:46:00,2026-08-01 07:46:00
IND-USR-011,26.148362,91.741145,696.7,2026-08-01,07:53:00,2026-08-01 07:53:00
IND-USR-011,26.144855,91.736989,107.3,2026-08-01,07:59:00,2026-08-01 07:59:00
IND-USR-011,27.470329,94.910736,483.9,2026-08-01,08:11:00,2026-08-01 08:11:00
IND-USR-011,27.475263,94.916816,403.5,2026-08-01,08:25:00,2026-08-01 08:25:00
IND-USR-011,27.472242,94.910199,267.2,2026-08-01,08:34:00,2026-08-01 08:34:00
IND-USR-011,27.472802,94.914405,922.3,2026-08-01,08:46:00,2026-08-01 08:46:00
IND-USR-011,27.467025,94.902815,766.5,2026-08-01,09:02:00,2026-08-01 09:02:00
IND-USR-011,27.470598,94.907117,398.0,2026-08-01,09:08:00,2026-08-01 09:08:00
IND-USR-011,27.470767,94.911409,291.0,2026-08-01,09:26:00,2026-08-01 09:26:00
IND-USR-011,27.470987,94.91781,819.1,2026-08-01,09:45:00,2026-08-01 09:45:00
IND-USR-011,27.474107,94.913202,604.6,2026-08-01,10:04:00,2026-08-01 10:04:00
IND-USR-011,27.475289,94.907445,207.1,2026-08-01,10:12:00,2026-08-01 10:12:00
IND-USR-011,27.476956,94.911697,655.4,2026-08-01,10:23:00,2026-08-01 10:23:00
IND-USR-011,27.475482,94.907713,932.5,2026-08-01,10:29:00,2026-08-01 10:29:00
IND-USR-011,27.466585,94.915272,483.7,2026-08-01,10:36:00,2026-08-01 10:36:00
IND-USR-011,27.474306,94.908392,677.7,2026-08-01,10:48:00,2026-08-01 10:48:00
IND-USR-011,27.469321,94.916502,538.5,2026-08-01,11:01:00,2026-08-01 11:01:00
IND-USR-011,27.468042,94.918571,546.4,2026-08-01,11:21:00,2026-08-01 11:21:00
IND-USR-011,27.469198,94.914554,643.8,2026-08-01,11:36:00,2026-08-01 11:36:00
IND-USR-011,27.471486,94.914413,278.8,2026-08-01,11:55:00,2026-08-01 11:55:00
IND-USR-011,27.470624,94.911349,769.8,2026-08-01,12:10:00,2026-08-01 12:10:00
IND-USR-011,27.472964,94.907991,110.1,2026-08-01,12:28:00,2026-08-01 12:28:00
IND-USR-011,27.475763,94.909947,146.6,2026-08-01,12:42:00,2026-08-01 12:42:00
IND-USR-011,27.471886,94.908023,197.9,2026-08-01,12:45:00,2026-08-01 12:45:00
IND-USR-011,27.462551,94.911236,934.5,2026-08-01,12:52:00,2026-08-01 12:52:00
IND-USR-011,27.48245,94.915138,147.6,2026-08-01,13:02:00,2026-08-01 13:02:00
IND-USR-011,27.472723,94.910948,659.2,2026-08-01,13:05:00,2026-08-01 13:05:00
IND-USR-011,27.47289,94.914188,201.8,2026-08-01,13:16:00,2026-08-01 13:16:00
IND-USR-011,27.468077,94.916457,40.4,2026-08-01,13:35:00,2026-08-01 13:35:00
IND-USR-011,27.475662,94.914873,106.3,2026-08-01,13:51:00,2026-08-01 13:51:00
IND-USR-011,27.474554,94.912078,823.0,2026-08-01,14:10:00,2026-08-01 14:10:00
IND-USR-011,27.475491,94.914367,375.6,2026-08-01,14:29:00,2026-08-01 14:29:00
IND-USR-011,27.471384,94.909706,747.2,2026-08-01,14:47:00,2026-08-01 14:47:00
IND-USR-011,27.473207,94.918196,661.4,2026-08-01,14:58:00,2026-08-01 14:58:00
IND-USR-011,27.467844,94.90613,880.9,2026-08-01,15:01:00,2026-08-01 15:01:00
IND-USR-011,27.473459,94.912204,401.6,2026-08-01,15:15:00,2026-08-01 15:15:00
IND-USR-011,27.473493,94.912976,917.9,2026-08-01,15:27:00,2026-08-01 15:27:00
IND-USR-011,27.471907,94.917959,22.2,2026-08-01,15:30:00,2026-08-01 15:30:00
IND-USR-011,27.466396,94.908686,200.9,2026-08-01,15:40:00,2026-08-01 15:40:00
IND-USR-011,27.472387,94.905427,790.2,2026-08-01,15:56:00,2026-08-01 15:56:00
IND-USR-011,27.472097,94.918646,719.8,2026-08-01,16:09:00,2026-08-01 16:09:00
IND-USR-011,27.472884,94.912923,704.1,2026-08-01,16:28:00,2026-08-01 16:28:00
IND-USR-011,27.467759,94.909535,739.6,2026-08-01,16:36:00,2026-08-01 16:36:00
IND-USR-011,27.471299,94.910729,286.5,2026-08-01,16:44:00,2026-08-01 16:44:00
IND-USR-011,27.477927,94.914231,934.4,2026-08-01,16:51:00,2026-08-01 16:51:00
IND-USR-011,27.468354,94.912986,185.8,2026-08-01,16:55:00,2026-08-01 16:55:00
IND-USR-011,27.474793,94.916561,701.0,2026-08-01,17:02:00,2026-08-01 17:02:00
IND-USR-011,27.479122,94.90794,364.6,2026-08-01,17:07:00,2026-08-01 17:07:00
IND-USR-011,27.469557,94.90697,272.4,2026-08-01,17:22:00,2026-08-01 17:22:00
IND-USR-011,27.471864,94.913865,132.3,2026-08-01,17:32:00,2026-08-01 17:32:00
IND-USR-011,27.476749,94.911696,805.3,2026-08-01,17:52:00,2026-08-01 17:52:00
IND-USR-011,27.471521,94.912607,320.7,2026-08-01,17:54:00,2026-08-01 17:54:00
IND-USR-011,27.469459,94.920358,47.5,2026-08-01,18:00:00,2026-08-01 18:00:00
IND-USR-011,27.466369,94.912739,571.1,2026-08-01,18:12:00,2026-08-01 18:12:00
IND-USR-011,27.480894,94.912027,471.1,2026-08-01,18:23:00,2026-08-01 18:23:00
IND-USR-011,27.47204,94.91057,527.2,2026-08-01,18:43:00,2026-08-01 18:43:00
IND-USR-011,27.472078,94.917491,747.0,2026-08-01,18:47:00,2026-08-01 18:47:00
IND-USR-011,27.463953,94.918134,503.9,2026-08-01,18:59:00,2026-08-01 18:59:00
IND-USR-011,26.138804,91.735133,499.4,2026-08-01,19:06:00,2026-08-01 19:06:00
IND-USR-011,26.142783,91.738554,159.8,2026-08-01,19:24:00,2026-08-01 19:24:00
IND-USR-011,26.138108,91.738049,514.8,2026-08-01,19:43:00,2026-08-01 19:43:00
IND-USR-011,26.152597,91.730747,338.4,2026-08-01,19:47:00,2026-08-01 19:47:00
IND-USR-011,26.145259,91.733552,633.5,2026-08-01,19:55:00,2026-08-01 19:55:00
IND-USR-011,26.146204,91.736277,349.1,2026-08-01,20:07:00,2026-08-01 20:07:00
IND-USR-011,26.141934,91.738151,903.3,2026-08-01,20:15:00,2026-08-01 20:15:00
IND-USR-011,26.151717,91.735436,456.4,2026-08-01,20:33:00,2026-08-01 20:33:00
IND-USR-011,26.147379,91.731027,784.3,2026-08-01,20:52:00,2026-08-01 20:52:00
IND-USR-011,26.140674,91.73809,117.8,2026-08-01,20:54:00,2026-08-01 20:54:00
IND-USR-011,26.150436,91.737622,428.9,2026-08-01,21:07:00,2026-08-01 21:07:00
IND-USR-011,26.143248,91.736197,911.4,2026-08-01,21:16:00,2026-08-01 21:16:00
IND-USR-011,26.139498,91.738618,368.5,2026-08-01,21:28:00,2026-08-01 21:28:00
IND-USR-011,26.148029,91.734392,372.7,2026-08-01,21:33:00,2026-08-01 21:33:00
IND-USR-011,26.14262,91.737264,690.5,2026-08-01,21:52:00,2026-08-01 21:52:00
IND-USR-011,26.142753,91.735935,866.7,2026-08-01,21:54:00,2026-08-01 21:54:00
IND-USR-011,26.152899,91.735212,493.5,2026-08-01,22:07:00,2026-08-01 22:07:00
IND-USR-011,26.143067,91.73361,428.8,2026-08-01,22:25:00,2026-08-01 22:25:00
IND-USR-011,26.147477,91.735475,288.6,2026-08-01,22:28:00,2026-08-01 22:28:00
IND-USR-011,26.141903,91.741485,311.1,2026-08-01,22:36:00,2026-08-01 22:36:00
IND-USR-011,26.150178,91.733798,901.3,2026-08-01,22:40:00,2026-08-01 22:40:00
IND-USR-011,26.137034,91.74023,923.3,2026-08-01,22:47:00,2026-08-01 22:47:00
IND-USR-011,26.141761,91.739363,511.2,2026-08-01,23:06:00,2026-08-01 23:06:00
IND-USR-011,26.13662,91.73977,208.1,2026-08-01,23:10:00,2026-08-01 23:10:00
IND-USR-011,26.139655,91.739123,823.1,2026-08-01,23:18:00,2026-08-01 23:18:00
IND-USR-011,26.144557,91.732384,795.5,2026-08-01,23:33:00,2026-08-01 23:33:00
IND-USR-011,26.142872,91.738945,515.5,2026-08-01,23:41:00,2026-08-01 23:41:00
IND-USR-011,26.144924,91.738538,617.8,2026-08-01,23:56:00,2026-08-01 23:56:00
IND-USR-011,26.152406,91.729943,712.1,2026-08-02,00:00:00,2026-08-02 00:00:00
IND-USR-011,26.150969,91.736617,32.3,2026-08-02,00:06:00,2026-08-02 00:06:00
IND-USR-011,26.140905,91.730879,45.6,2026-08-02,00:18:00,2026-08-02 00:18:00
IND-USR-011,26.143744,91.739887,61.0,2026-08-02,00:22:00,2026-08-02 00:22:00
IND-USR-011,26.14399,91.742245,534.6,2026-08-02,00:32:00,2026-08-02 00:32:00
IND-USR-011,26.138695,91.736152,782.3,2026-08-02,00:52:00,2026-08-02 00:52:00
IND-USR-011,26.13949,91.737655,393.2,2026-08-02,01:02:00,2026-08-02 01:02:00
IND-USR-011,26.148048,91.734517,602.4,2026-08-02,01:18:00,2026-08-02 01:18:00
IND-USR-011,26.134083,91.736996,307.4,2026-08-02,01:33:00,2026-08-02 01:33:00
IND-USR-011,26.146247,91.737817,642.9,2026-08-02,01:47:00,2026-08-02 01:47:00
IND-USR-011,26.149443,91.731916,15.5,2026-08-02,02:06:00,2026-08-02 02:06:00
IND-USR-011,26.147221,91.74097,720.6,2026-08-02,02:10:00,2026-08-02 02:10:00
IND-USR-011,26.137386,91.737479,52.8,2026-08-02,02:30:00,2026-08-02 02:30:00
IND-USR-011,26.142483,91.735874,346.2,2026-08-02,02:34:00,2026-08-02 02:34:00
IND-USR-011,26.145891,91.734251,109.8,2026-08-02,02:52:00,2026-08-02 02:52:00
IND-USR-011,26.141797,91.736337,580.2,2026-08-02,03:03:00,2026-08-02 03:03:00
IND-USR-011,26.140151,91.731857,729.4,2026-08-02,03:14:00,2026-08-02 03:14:00
IND-USR-011,26.147217,91.731605,368.5,2026-08-02,03:30:00,2026-08-02 03:30:00
IND-USR-011,26.147165,91.73805,455.5,2026-08-02,03:32:00,2026-08-02 03:32:00
IND-USR-011,26.137597,91.73349,216.7,2026-08-02,03:51:00,2026-08-02 03:51:00
IND-USR-011,26.149276,91.732275,759.0,2026-08-02,04:05:00,2026-08-02 04:05:00
IND-USR-011,26.142642,91.738048,287.3,2026-08-02,04:24:00,2026-08-02 04:24:00
IND-USR-011,26.147634,91.735194,290.2,2026-08-02,04:30:00,2026-08-02 04:30:00
IND-USR-011,26.14211,91.741889,909.9,2026-08-02,04:43:00,2026-08-02 04:43:00
IND-USR-011,26.151456,91.740115,530.3,2026-08-02,04:45:00,2026-08-02 04:45:00
IND-USR-012,26.144841,91.732967,49.3,2026-08-09,06:05:00,2026-08-09 06:05:00
IND-USR-012,26.141178,91.73829,570.9,2026-08-09,06:25:00,2026-08-09 06:25:00
IND-USR-012,26.146174,91.741806,524.7,2026-08-09,06:44:00,2026-08-09 06:44:00
IND-USR-012,26.147102,91.730188,296.4,2026-08-09,06:48:00,2026-08-09 06:48:00
IND-USR-012,26.148708,91.732208,209.0,2026-08-09,07:01:00,2026-08-09 07:01:00
IND-USR-012,26.142964,91.737201,143.9,2026-08-09,07:19:00,2026-08-09 07:19:00
IND-USR-012,26.152483,91.74864,217.5,2026-08-09,07:26:00,2026-08-09 07:26:00
IND-USR-012,26.146927,91.735467,192.7,2026-08-09,07:36:00,2026-08-09 07:36:00
IND-USR-012,26.146638,91.739751,640.7,2026-08-09,07:43:00,2026-08-09 07:43:00
IND-USR-012,27.471517,94.919181,811.1,2026-08-09,08:03:00,2026-08-09 08:03:00
IND-USR-012,27.47372,94.913991,443.6,2026-08-09,08:22:00,2026-08-09 08:22:00
IND-USR-012,27.475464,94.913686,78.8,2026-08-09,08:41:00,2026-08-09 08:41:00
IND-USR-012,27.476156,94.909531,245.6,2026-08-09,08:45:00,2026-08-09 08:45:00
IND-USR-012,27.470567,94.907599,692.1,2026-08-09,08:53:00,2026-08-09 08:53:00
IND-USR-012,27.474558,94.915116,904.4,2026-08-09,09:10:00,2026-08-09 09:10:00
IND-USR-012,27.474631,94.918698,130.5,2026-08-09,09:23:00,2026-08-09 09:23:00
IND-USR-012,27.472778,94.914675,104.0,2026-08-09,09:32:00,2026-08-09 09:32:00
IND-USR-012,27.468433,94.910452,856.1,2026-08-09,09:36:00,2026-08-09 09:36:00
IND-USR-012,27.475582,94.915396,466.7,2026-08-09,09:48:00,2026-08-09 09:48:00
IND-USR-012,27.471624,94.911714,589.4,2026-08-09,10:00:00,2026-08-09 10:00:00
IND-USR-012,27.466729,94.910572,661.9,2026-08-09,10:11:00,2026-08-09 10:11:00
IND-USR-012,27.476362,94.914301,541.6,2026-08-09,10:17:00,2026-08-09 10:17:00
IND-USR-012,27.474803,94.912199,769.2,2026-08-09,10:30:00,2026-08-09 10:30:00
IND-USR-012,27.472828,94.909359,168.5,2026-08-09,10:45:00,2026-08-09 10:45:00
IND-USR-012,27.475595,94.913684,241.4,2026-08-09,10:57:00,2026-08-09 10:57:00
IND-USR-012,27.474768,94.909896,679.5,2026-08-09,11:06:00,2026-08-09 11:06:00
IND-USR-012,27.464187,94.916389,270.1,2026-08-09,11:21:00,2026-08-09 11:21:00
IND-USR-012,27.470885,94.908549,136.2,2026-08-09,11:34:00,2026-08-09 11:34:00
IND-USR-012,27.475574,94.910432,835.2,2026-08-09,11:46:00,2026-08-09 11:46:00
IND-USR-012,27.47704,94.914468,428.6,2026-08-09,12:02:00,2026-08-09 12:02:00
IND-USR-012,27.475534,94.906536,467.8,2026-08-09,12:13:00,2026-08-09 12:13:00
IND-USR-012,27.477648,94.913045,175.2,2026-08-09,12:18:00,2026-08-09 12:18:00
IND-USR-012,27.471323,94.912574,801.3,2026-08-09,12:22:00,2026-08-09 12:22:00
IND-USR-012,27.465695,94.913635,847.8,2026-08-09,12:28:00,2026-08-09 12:28:00
IND-USR-012,27.468683,94.906589,257.4,2026-08-09,12:36:00,2026-08-09 12:36:00
IND-USR-012,27.466711,94.916451,693.8,2026-08-09,12:40:00,2026-08-09 12:40:00
IND-USR-012,27.470283,94.918135,808.6,2026-08-09,12:42:00,2026-08-09 12:42:00
IND-USR-012,27.470657,94.905171,773.9,2026-08-09,12:44:00,2026-08-09 12:44:00
IND-USR-012,27.468334,94.916943,390.8,2026-08-09,13:04:00,2026-08-09 13:04:00
IND-USR-012,27.472176,94.909807,210.0,2026-08-09,13:24:00,2026-08-09 13:24:00
IND-USR-012,27.47344,94.914007,528.5,2026-08-09,13:27:00,2026-08-09 13:27:00
IND-USR-012,27.47727,94.917794,850.3,2026-08-09,13:46:00,2026-08-09 13:46:00
IND-USR-012,27.471361,94.906696,453.8,2026-08-09,14:05:00,2026-08-09 14:05:00
IND-USR-012,27.471146,94.913041,353.9,2026-08-09,14:11:00,2026-08-09 14:11:00
IND-USR-012,27.468945,94.908171,848.0,2026-08-09,14:20:00,2026-08-09 14:20:00
IND-USR-012,27.474175,94.911805,699.2,2026-08-09,14:40:00,2026-08-09 14:40:00
IND-USR-012,27.472931,94.908966,135.8,2026-08-09,14:51:00,2026-08-09 14:51:00
IND-USR-012,27.471878,94.908303,489.8,2026-08-09,15:09:00,2026-08-09 15:09:00
IND-USR-012,27.476361,94.916141,352.0,2026-08-09,15:23:00,2026-08-09 15:23:00
IND-USR-012,27.465415,94.908282,632.9,2026-08-09,15:25:00,2026-08-09 15:25:00
IND-USR-012,27.466814,94.9094,721.8,2026-08-09,15:32:00,2026-08-09 15:32:00
IND-USR-012,27.472466,94.906201,429.4,2026-08-09,15:38:00,2026-08-09 15:38:00
IND-USR-012,27.469113,94.907984,542.4,2026-08-09,15:45:00,2026-08-09 15:45:00
IND-USR-012,27.473629,94.912277,629.8,2026-08-09,16:05:00,2026-08-09 16:05:00
IND-USR-012,27.469913,94.912707,701.8,2026-08-09,16:11:00,2026-08-09 16:11:00
IND-USR-012,27.470613,94.910913,892.8,2026-08-09,16:28:00,2026-08-09 16:28:00
IND-USR-012,27.479494,94.917362,215.7,2026-08-09,16:31:00,2026-08-09 16:31:00
IND-USR-012,27.467602,94.915319,227.8,2026-08-09,16:48:00,2026-08-09 16:48:00
IND-USR-012,27.476046,94.907407,357.3,2026-08-09,16:58:00,2026-08-09 16:58:00
IND-USR-012,27.476075,94.918152,638.5,2026-08-09,17:01:00,2026-08-09 17:01:00
IND-USR-012,27.46831,94.90833,863.3,2026-08-09,17:19:00,2026-08-09 17:19:00
IND-USR-012,27.476871,94.913086,374.8,2026-08-09,17:32:00,2026-08-09 17:32:00
IND-USR-012,27.475006,94.913362,838.7,2026-08-09,17:48:00,2026-08-09 17:48:00
IND-USR-012,27.474363,94.906694,931.8,2026-08-09,17:51:00,2026-08-09 17:51:00
IND-USR-012,27.476989,94.916678,107.0,2026-08-09,18:03:00,2026-08-09 18:03:00
IND-USR-012,27.471882,94.911826,605.6,2026-08-09,18:21:00,2026-08-09 18:21:00
IND-USR-012,27.466676,94.914057,794.8,2026-08-09,18:31:00,2026-08-09 18:31:00
IND-USR-012,27.475088,94.911751,553.9,2026-08-09,18:41:00,2026-08-09 18:41:00
IND-USR-012,26.148997,91.734864,173.4,2026-08-09,19:01:00,2026-08-09 19:01:00
IND-USR-012,26.146758,91.732121,353.4,2026-08-09,19:15:00,2026-08-09 19:15:00
IND-USR-012,26.144406,91.735503,495.7,2026-08-09,19:19:00,2026-08-09 19:19:00
IND-USR-012,26.145401,91.734722,924.3,2026-08-09,19:33:00,2026-08-09 19:33:00
IND-USR-012,26.143974,91.739504,495.4,2026-08-09,19:42:00,2026-08-09 19:42:00
IND-USR-012,26.142753,91.729774,778.2,2026-08-09,19:55:00,2026-08-09 19:55:00
IND-USR-012,26.151498,91.741726,467.6,2026-08-09,20:08:00,2026-08-09 20:08:00
IND-USR-012,26.139331,91.738959,843.9,2026-08-09,20:25:00,2026-08-09 20:25:00
IND-USR-012,26.142488,91.737254,481.7,2026-08-09,20:27:00,2026-08-09 20:27:00
IND-USR-012,26.145677,91.735262,423.5,2026-08-09,20:33:00,2026-08-09 20:33:00
IND-USR-012,26.141365,91.733438,82.5,2026-08-09,20:42:00,2026-08-09 20:42:00
IND-USR-012,26.140835,91.732873,208.8,2026-08-09,20:52:00,2026-08-09 20:52:00
IND-USR-012,26.144231,91.733337,157.9,2026-08-09,20:59:00,2026-08-09 20:59:00
IND-USR-012,26.147228,91.742149,631.4,2026-08-09,21:04:00,2026-08-09 21:04:00
IND-USR-012,26.14218,91.737158,772.5,2026-08-09,21:19:00,2026-08-09 21:19:00
IND-USR-012,26.146499,91.738088,462.6,2026-08-09,21:24:00,2026-08-09 21:24:00
IND-USR-012,26.144804,91.739171,460.3,2026-08-09,21:41:00,2026-08-09 21:41:00
IND-USR-012,26.146429,91.731249,161.6,2026-08-09,22:01:00,2026-08-09 22:01:00
IND-USR-012,26.147977,91.739749,31.1,2026-08-09,22:16:00,2026-08-09 22:16:00
IND-USR-012,26.141447,91.736352,130.2,2026-08-09,22:19:00,2026-08-09 22:19:00
IND-USR-012,26.147233,91.735363,161.5,2026-08-09,22:39:00,2026-08-09 22:39:00
IND-USR-013,25.598392,85.147055,847.3,2026-08-11,06:03:00,2026-08-11 06:03:00
IND-USR-013,25.590956,85.132076,62.6,2026-08-11,06:09:00,2026-08-11 06:09:00
IND-USR-013,25.595315,85.140486,877.1,2026-08-11,06:19:00,2026-08-11 06:19:00
IND-USR-013,25.593177,85.143413,910.7,2026-08-11,06:37:00,2026-08-11 06:37:00
IND-USR-013,25.588746,85.140372,609.4,2026-08-11,06:57:00,2026-08-11 06:57:00
IND-USR-013,25.591677,85.144478,900.4,2026-08-11,07:08:00,2026-08-11 07:08:00
IND-USR-013,25.60207,85.134533,432.3,2026-08-11,07:16:00,2026-08-11 07:16:00
IND-USR-013,25.591902,85.141038,825.3,2026-08-11,07:33:00,2026-08-11 07:33:00
IND-USR-013,25.592551,85.137418,216.2,2026-08-11,07:40:00,2026-08-11 07:40:00
IND-USR-013,25.594202,85.129921,574.8,2026-08-11,07:55:00,2026-08-11 07:55:00
IND-USR-013,24.791345,84.997441,781.2,2026-08-11,08:15:00,2026-08-11 08:15:00
IND-USR-013,24.789428,85.005975,595.8,2026-08-11,08:22:00,2026-08-11 08:22:00
IND-USR-013,24.786374,85.003453,258.6,2026-08-11,08:40:00,2026-08-11 08:40:00
IND-USR-013,24.790284,84.999081,877.0,2026-08-11,08:52:00,2026-08-11 08:52:00
IND-USR-013,24.794561,85.00156,74.7,2026-08-11,09:12:00,2026-08-11 09:12:00
IND-USR-013,24.793682,85.004073,372.3,2026-08-11,09:26:00,2026-08-11 09:26:00
IND-USR-013,24.790075,84.997751,25.6,2026-08-11,09:31:00,2026-08-11 09:31:00
IND-USR-013,24.787059,84.996898,818.0,2026-08-11,09:49:00,2026-08-11 09:49:00
IND-USR-013,24.803196,85.005179,653.3,2026-08-11,10:07:00,2026-08-11 10:07:00
IND-USR-013,24.785996,84.99491,579.2,2026-08-11,10:13:00,2026-08-11 10:13:00
IND-USR-013,24.793327,85.002389,457.3,2026-08-11,10:20:00,2026-08-11 10:20:00
IND-USR-013,24.793596,84.99918,835.1,2026-08-11,10:23:00,2026-08-11 10:23:00
IND-USR-013,24.790898,85.001512,483.1,2026-08-11,10:42:00,2026-08-11 10:42:00
IND-USR-013,24.791744,84.991323,97.6,2026-08-11,10:47:00,2026-08-11 10:47:00
IND-USR-013,24.790481,84.996794,857.9,2026-08-11,10:53:00,2026-08-11 10:53:00
IND-USR-013,24.792101,85.012141,787.9,2026-08-11,11:12:00,2026-08-11 11:12:00
IND-USR-013,24.79287,84.998946,500.7,2026-08-11,11:27:00,2026-08-11 11:27:00
IND-USR-013,24.795087,85.002131,832.3,2026-08-11,11:40:00,2026-08-11 11:40:00
IND-USR-013,24.79308,85.002627,413.2,2026-08-11,11:58:00,2026-08-11 11:58:00
IND-USR-013,24.799626,84.995676,752.2,2026-08-11,12:15:00,2026-08-11 12:15:00
IND-USR-013,24.793295,84.996494,339.5,2026-08-11,12:29:00,2026-08-11 12:29:00
IND-USR-013,24.793622,84.996525,101.9,2026-08-11,12:49:00,2026-08-11 12:49:00
IND-USR-013,24.789731,84.99902,249.2,2026-08-11,12:55:00,2026-08-11 12:55:00
IND-USR-013,24.795303,85.003874,865.5,2026-08-11,13:04:00,2026-08-11 13:04:00
IND-USR-013,24.786417,85.00042,276.3,2026-08-11,13:08:00,2026-08-11 13:08:00
IND-USR-013,24.788562,84.995166,394.1,2026-08-11,13:27:00,2026-08-11 13:27:00
IND-USR-013,24.790532,84.998966,15.1,2026-08-11,13:35:00,2026-08-11 13:35:00
IND-USR-013,24.801107,85.001932,553.3,2026-08-11,13:37:00,2026-08-11 13:37:00
IND-USR-013,24.78589,84.997941,498.6,2026-08-11,13:42:00,2026-08-11 13:42:00
IND-USR-013,24.795486,85.008554,625.3,2026-08-11,13:56:00,2026-08-11 13:56:00
IND-USR-013,24.785056,84.99268,394.3,2026-08-11,14:08:00,2026-08-11 14:08:00
IND-USR-013,24.798884,85.001758,155.5,2026-08-11,14:13:00,2026-08-11 14:13:00
IND-USR-013,24.787927,85.002339,248.4,2026-08-11,14:33:00,2026-08-11 14:33:00
IND-USR-013,24.780857,85.000214,408.1,2026-08-11,14:52:00,2026-08-11 14:52:00
IND-USR-013,24.792711,85.003897,585.2,2026-08-11,15:05:00,2026-08-11 15:05:00
IND-USR-013,24.787344,85.000543,719.7,2026-08-11,15:19:00,2026-08-11 15:19:00
IND-USR-013,24.787698,85.001222,529.0,2026-08-11,15:34:00,2026-08-11 15:34:00
IND-USR-013,24.787819,84.998568,463.5,2026-08-11,15:53:00,2026-08-11 15:53:00
IND-USR-013,24.787417,85.002805,535.5,2026-08-11,16:06:00,2026-08-11 16:06:00
IND-USR-013,24.794834,84.999262,248.6,2026-08-11,16:23:00,2026-08-11 16:23:00
IND-USR-013,24.791553,84.994406,553.0,2026-08-11,16:34:00,2026-08-11 16:34:00
IND-USR-013,24.790201,84.999999,701.6,2026-08-11,16:48:00,2026-08-11 16:48:00
IND-USR-013,24.801883,84.995752,712.9,2026-08-11,16:53:00,2026-08-11 16:53:00
IND-USR-013,24.797257,85.004187,746.1,2026-08-11,17:09:00,2026-08-11 17:09:00
IND-USR-013,24.792523,85.007234,104.3,2026-08-11,17:16:00,2026-08-11 17:16:00
IND-USR-013,24.792888,85.001757,386.5,2026-08-11,17:34:00,2026-08-11 17:34:00
IND-USR-013,24.791188,85.005094,762.8,2026-08-11,17:46:00,2026-08-11 17:46:00
IND-USR-013,24.795786,84.997697,161.1,2026-08-11,17:49:00,2026-08-11 17:49:00
IND-USR-013,24.786123,84.999388,766.1,2026-08-11,17:51:00,2026-08-11 17:51:00
IND-USR-013,24.7882,84.999946,453.4,2026-08-11,17:57:00,2026-08-11 17:57:00
IND-USR-013,24.79635,84.998371,92.9,2026-08-11,18:12:00,2026-08-11 18:12:00
IND-USR-013,24.791229,85.000432,218.5,2026-08-11,18:22:00,2026-08-11 18:22:00
IND-USR-013,24.794794,84.991212,582.5,2026-08-11,18:26:00,2026-08-11 18:26:00
IND-USR-013,24.788973,85.001045,884.8,2026-08-11,18:40:00,2026-08-11 18:40:00
IND-USR-013,24.7962,84.998232,587.1,2026-08-11,18:54:00,2026-08-11 18:54:00
IND-USR-013,25.586594,85.140079,279.3,2026-08-11,19:12:00,2026-08-11 19:12:00
IND-USR-013,25.591559,85.132841,899.0,2026-08-11,19:15:00,2026-08-11 19:15:00
IND-USR-013,25.591603,85.136862,611.9,2026-08-11,19:22:00,2026-08-11 19:22:00
IND-USR-013,25.591681,85.128778,20.1,2026-08-11,19:38:00,2026-08-11 19:38:00
IND-USR-013,25.597688,85.1427,278.8,2026-08-11,19:56:00,2026-08-11 19:56:00
IND-USR-013,25.596706,85.133049,746.9,2026-08-11,19:59:00,2026-08-11 19:59:00
IND-USR-013,25.593294,85.137574,494.9,2026-08-11,20:17:00,2026-08-11 20:17:00
IND-USR-013,25.596495,85.140273,588.3,2026-08-11,20:26:00,2026-08-11 20:26:00
IND-USR-013,25.591163,85.137928,348.2,2026-08-11,20:29:00,2026-08-11 20:29:00
IND-USR-013,25.595929,85.143423,927.1,2026-08-11,20:31:00,2026-08-11 20:31:00
IND-USR-013,25.596918,85.140756,947.0,2026-08-11,20:35:00,2026-08-11 20:35:00
IND-USR-013,25.594435,85.143242,341.9,2026-08-11,20:49:00,2026-08-11 20:49:00
IND-USR-013,25.595739,85.134156,391.1,2026-08-11,21:03:00,2026-08-11 21:03:00
IND-USR-013,25.599713,85.140392,496.7,2026-08-11,21:11:00,2026-08-11 21:11:00
IND-USR-013,25.592328,85.135682,874.0,2026-08-11,21:15:00,2026-08-11 21:15:00
IND-USR-013,25.595286,85.139453,277.4,2026-08-11,21:34:00,2026-08-11 21:34:00
IND-USR-013,25.594889,85.138845,870.1,2026-08-11,21:53:00,2026-08-11 21:53:00
IND-USR-013,25.6009,85.141886,336.6,2026-08-11,22:06:00,2026-08-11 22:06:00
IND-USR-013,25.594863,85.141365,222.7,2026-08-11,22:16:00,2026-08-11 22:16:00
IND-USR-013,25.58997,85.139192,437.5,2026-08-11,22:24:00,2026-08-11 22:24:00
IND-USR-013,25.601337,85.136728,550.4,2026-08-11,22:38:00,2026-08-11 22:38:00
IND-USR-013,25.590709,85.134992,174.5,2026-08-11,22:48:00,2026-08-11 22:48:00
IND-USR-013,25.589741,85.134461,110.1,2026-08-11,23:06:00,2026-08-11 23:06:00
IND-USR-013,25.592618,85.131978,483.0,2026-08-11,23:10:00,2026-08-11 23:10:00
IND-USR-013,25.594162,85.141209,900.2,2026-08-11,23:22:00,2026-08-11 23:22:00
IND-USR-013,25.590469,85.143677,909.3,2026-08-11,23:40:00,2026-08-11 23:40:00
IND-USR-013,25.596143,85.141722,774.4,2026-08-11,23:59:00,2026-08-11 23:59:00
IND-USR-013,25.591469,85.141018,245.1,2026-08-12,00:19:00,2026-08-12 00:19:00
IND-USR-013,25.589732,85.141161,918.1,2026-08-12,00:35:00,2026-08-12 00:35:00
IND-USR-013,25.594787,85.139813,464.6,2026-08-12,00:55:00,2026-08-12 00:55:00
IND-USR-013,25.589398,85.13402,722.0,2026-08-12,01:04:00,2026-08-12 01:04:00
IND-USR-013,25.596489,85.133807,650.7,2026-08-12,01:20:00,2026-08-12 01:20:00
IND-USR-013,25.595953,85.132131,820.3,2026-08-12,01:40:00,2026-08-12 01:40:00
IND-USR-013,25.597493,85.13267,119.3,2026-08-12,01:57:00,2026-08-12 01:57:00
IND-USR-013,25.596309,85.140103,369.7,2026-08-12,02:01:00,2026-08-12 02:01:00
IND-USR-013,25.591313,85.139928,646.3,2026-08-12,02:10:00,2026-08-12 02:10:00
IND-USR-013,25.595142,85.135445,762.2,2026-08-12,02:19:00,2026-08-12 02:19:00
IND-USR-013,25.590066,85.129749,908.1,2026-08-12,02:34:00,2026-08-12 02:34:00
IND-USR-013,25.595499,85.131341,513.5,2026-08-12,02:52:00,2026-08-12 02:52:00
IND-USR-013,25.594481,85.136546,243.4,2026-08-12,03:02:00,2026-08-12 03:02:00
IND-USR-013,25.596817,85.136392,385.0,2026-08-12,03:06:00,2026-08-12 03:06:00
IND-USR-013,25.592782,85.140527,81.5,2026-08-12,03:18:00,2026-08-12 03:18:00
IND-USR-013,25.59544,85.138865,458.0,2026-08-12,03:25:00,2026-08-12 03:25:00
IND-USR-013,25.595977,85.131458,215.5,2026-08-12,03:38:00,2026-08-12 03:38:00
IND-USR-013,25.597127,85.14005,262.9,2026-08-12,03:58:00,2026-08-12 03:58:00
IND-USR-013,25.590033,85.136624,479.1,2026-08-12,04:06:00,2026-08-12 04:06:00
IND-USR-013,25.593943,85.137062,230.8,2026-08-12,04:14:00,2026-08-12 04:14:00
IND-USR-014,25.595435,85.143325,225.5,2026-08-04,06:08:00,2026-08-04 06:08:00
IND-USR-014,25.598427,85.132351,796.2,2026-08-04,06:17:00,2026-08-04 06:17:00
IND-USR-014,25.596588,85.142916,156.6,2026-08-04,06:30:00,2026-08-04 06:30:00
IND-USR-014,25.595647,85.141964,122.7,2026-08-04,06:35:00,2026-08-04 06:35:00
IND-USR-014,25.602149,85.141695,645.3,2026-08-04,06:39:00,2026-08-04 06:39:00
IND-USR-014,25.595097,85.14178,587.0,2026-08-04,06:56:00,2026-08-04 06:56:00
IND-USR-014,25.59468,85.137696,910.5,2026-08-04,07:15:00,2026-08-04 07:15:00
IND-USR-014,25.592694,85.143854,358.9,2026-08-04,07:32:00,2026-08-04 07:32:00
IND-USR-014,25.590826,85.143729,472.8,2026-08-04,07:44:00,2026-08-04 07:44:00
IND-USR-014,24.793399,84.994603,826.6,2026-08-04,08:04:00,2026-08-04 08:04:00
IND-USR-014,24.792871,84.9918,181.9,2026-08-04,08:21:00,2026-08-04 08:21:00
IND-USR-014,24.793902,85.003741,273.5,2026-08-04,08:39:00,2026-08-04 08:39:00
IND-USR-014,24.789031,85.000694,715.2,2026-08-04,08:48:00,2026-08-04 08:48:00
IND-USR-014,24.799217,84.998177,60.9,2026-08-04,08:54:00,2026-08-04 08:54:00
IND-USR-014,24.787164,85.006127,459.6,2026-08-04,09:09:00,2026-08-04 09:09:00
IND-USR-014,24.79925,85.000215,40.6,2026-08-04,09:28:00,2026-08-04 09:28:00
IND-USR-014,24.795446,85.005566,380.1,2026-08-04,09:41:00,2026-08-04 09:41:00
IND-USR-014,24.78843,84.998259,439.8,2026-08-04,09:48:00,2026-08-04 09:48:00
IND-USR-014,24.796323,85.00694,666.3,2026-08-04,09:53:00,2026-08-04 09:53:00
IND-USR-014,24.793652,84.996681,306.7,2026-08-04,10:09:00,2026-08-04 10:09:00
IND-USR-014,24.799348,84.998076,21.1,2026-08-04,10:11:00,2026-08-04 10:11:00
IND-USR-014,24.790059,85.001569,366.7,2026-08-04,10:19:00,2026-08-04 10:19:00
IND-USR-014,24.797617,85.003616,315.9,2026-08-04,10:24:00,2026-08-04 10:24:00
IND-USR-014,24.793059,85.002053,185.9,2026-08-04,10:34:00,2026-08-04 10:34:00
IND-USR-014,24.791574,85.002433,232.9,2026-08-04,10:44:00,2026-08-04 10:44:00
IND-USR-014,24.781282,84.999014,911.0,2026-08-04,11:01:00,2026-08-04 11:01:00
IND-USR-014,24.792365,84.995596,354.0,2026-08-04,11:13:00,2026-08-04 11:13:00
IND-USR-014,24.792945,84.999382,408.5,2026-08-04,11:30:00,2026-08-04 11:30:00
IND-USR-014,24.798422,85.006492,668.7,2026-08-04,11:45:00,2026-08-04 11:45:00
IND-USR-014,24.789537,84.999597,353.2,2026-08-04,11:58:00,2026-08-04 11:58:00
IND-USR-014,24.791104,84.998393,272.9,2026-08-04,12:12:00,2026-08-04 12:12:00
IND-USR-014,24.79218,84.997167,547.1,2026-08-04,12:19:00,2026-08-04 12:19:00
IND-USR-014,24.786878,85.002691,654.9,2026-08-04,12:39:00,2026-08-04 12:39:00
IND-USR-014,24.793918,84.996983,687.6,2026-08-04,12:44:00,2026-08-04 12:44:00
IND-USR-014,24.794981,84.997674,532.0,2026-08-04,12:53:00,2026-08-04 12:53:00
IND-USR-014,24.792413,85.003481,194.3,2026-08-04,13:07:00,2026-08-04 13:07:00
IND-USR-014,24.791266,85.002019,454.6,2026-08-04,13:13:00,2026-08-04 13:13:00
IND-USR-014,24.789334,84.999414,176.0,2026-08-04,13:15:00,2026-08-04 13:15:00
IND-USR-014,24.790577,84.997214,136.4,2026-08-04,13:32:00,2026-08-04 13:32:00
IND-USR-014,24.790693,84.994006,511.9,2026-08-04,13:50:00,2026-08-04 13:50:00
IND-USR-014,24.789435,84.99906,748.2,2026-08-04,14:02:00,2026-08-04 14:02:00
IND-USR-014,24.790375,84.999234,245.9,2026-08-04,14:13:00,2026-08-04 14:13:00
IND-USR-014,24.791153,85.002118,54.8,2026-08-04,14:33:00,2026-08-04 14:33:00
IND-USR-014,24.794898,84.997601,659.1,2026-08-04,14:38:00,2026-08-04 14:38:00
IND-USR-014,24.786587,84.996032,212.5,2026-08-04,14:41:00,2026-08-04 14:41:00
IND-USR-014,24.789451,84.998792,457.9,2026-08-04,14:51:00,2026-08-04 14:51:00
IND-USR-014,24.78832,84.995016,432.9,2026-08-04,14:56:00,2026-08-04 14:56:00
IND-USR-014,24.789576,85.000926,254.2,2026-08-04,15:08:00,2026-08-04 15:08:00
IND-USR-014,24.79378,84.99797,536.7,2026-08-04,15:21:00,2026-08-04 15:21:00
IND-USR-014,24.789748,84.996493,333.5,2026-08-04,15:31:00,2026-08-04 15:31:00
IND-USR-014,24.791274,84.996806,124.0,2026-08-04,15:46:00,2026-08-04 15:46:00
IND-USR-014,24.793693,84.993057,552.2,2026-08-04,15:54:00,2026-08-04 15:54:00
IND-USR-014,24.789961,85.001404,174.1,2026-08-04,16:13:00,2026-08-04 16:13:00
IND-USR-014,24.792135,85.010972,343.8,2026-08-04,16:24:00,2026-08-04 16:24:00
IND-USR-014,24.792799,84.996184,468.2,2026-08-04,16:42:00,2026-08-04 16:42:00
IND-USR-014,24.791018,84.993095,846.3,2026-08-04,16:58:00,2026-08-04 16:58:00
IND-USR-014,24.791078,84.996868,586.8,2026-08-04,17:12:00,2026-08-04 17:12:00
IND-USR-014,24.795062,84.998002,603.8,2026-08-04,17:28:00,2026-08-04 17:28:00
IND-USR-014,24.790933,84.997658,826.2,2026-08-04,17:34:00,2026-08-04 17:34:00
IND-USR-014,24.798355,84.998915,406.5,2026-08-04,17:46:00,2026-08-04 17:46:00
IND-USR-014,24.79873,85.003457,390.5,2026-08-04,18:06:00,2026-08-04 18:06:00
IND-USR-014,24.793328,85.001675,84.4,2026-08-04,18:10:00,2026-08-04 18:10:00
IND-USR-014,24.792975,84.992489,224.5,2026-08-04,18:22:00,2026-08-04 18:22:00
IND-USR-014,24.790284,85.003581,623.8,2026-08-04,18:34:00,2026-08-04 18:34:00
IND-USR-014,24.791204,84.994579,579.1,2026-08-04,18:44:00,2026-08-04 18:44:00
IND-USR-014,24.79119,85.007016,265.0,2026-08-04,18:58:00,2026-08-04 18:58:00
IND-USR-014,25.599088,85.137352,744.1,2026-08-04,19:14:00,2026-08-04 19:14:00
IND-USR-014,25.597906,85.136134,713.0,2026-08-04,19:27:00,2026-08-04 19:27:00
IND-USR-014,25.587285,85.133902,917.6,2026-08-04,19:45:00,2026-08-04 19:45:00
IND-USR-014,25.600352,85.136504,167.3,2026-08-04,20:00:00,2026-08-04 20:00:00
IND-USR-014,25.593126,85.136401,127.5,2026-08-04,20:02:00,2026-08-04 20:02:00
IND-USR-014,25.601717,85.144104,632.3,2026-08-04,20:11:00,2026-08-04 20:11:00
IND-USR-014,25.602975,85.136964,207.9,2026-08-04,20:15:00,2026-08-04 20:15:00
IND-USR-014,25.595282,85.131533,106.8,2026-08-04,20:29:00,2026-08-04 20:29:00
IND-USR-014,25.600008,85.132929,890.6,2026-08-04,20:33:00,2026-08-04 20:33:00
IND-USR-014,25.594967,85.133211,525.5,2026-08-04,20:50:00,2026-08-04 20:50:00
IND-USR-014,25.591745,85.134251,734.7,2026-08-04,20:52:00,2026-08-04 20:52:00
IND-USR-014,25.591668,85.135444,729.1,2026-08-04,21:10:00,2026-08-04 21:10:00
IND-USR-014,25.591907,85.140933,107.7,2026-08-04,21:14:00,2026-08-04 21:14:00
IND-USR-014,25.589681,85.138482,89.3,2026-08-04,21:20:00,2026-08-04 21:20:00
IND-USR-014,25.598972,85.135547,300.8,2026-08-04,21:34:00,2026-08-04 21:34:00
IND-USR-014,25.591228,85.136678,703.3,2026-08-04,21:43:00,2026-08-04 21:43:00
IND-USR-014,25.598819,85.138376,598.9,2026-08-04,21:59:00,2026-08-04 21:59:00
IND-USR-014,25.591975,85.139536,505.1,2026-08-04,22:05:00,2026-08-04 22:05:00
IND-USR-014,25.589691,85.140325,36.9,2026-08-04,22:12:00,2026-08-04 22:12:00
IND-USR-014,25.595734,85.136369,818.7,2026-08-04,22:25:00,2026-08-04 22:25:00
IND-USR-014,25.590746,85.134053,822.4,2026-08-04,22:37:00,2026-08-04 22:37:00
IND-USR-014,25.596239,85.142516,926.5,2026-08-04,22:53:00,2026-08-04 22:53:00
IND-USR-014,25.591551,85.139434,888.8,2026-08-04,23:12:00,2026-08-04 23:12:00
IND-USR-014,25.585752,85.135262,428.2,2026-08-04,23:31:00,2026-08-04 23:31:00
IND-USR-014,25.593976,85.133961,176.4,2026-08-04,23:50:00,2026-08-04 23:50:00
IND-USR-014,25.590354,85.134929,603.2,2026-08-05,00:06:00,2026-08-05 00:06:00
IND-USR-014,25.595269,85.136851,418.9,2026-08-05,00:26:00,2026-08-05 00:26:00
IND-USR-014,25.585147,85.129117,301.1,2026-08-05,00:45:00,2026-08-05 00:45:00
IND-USR-014,25.591673,85.139431,462.8,2026-08-05,00:58:00,2026-08-05 00:58:00
IND-USR-014,25.58311,85.135601,766.4,2026-08-05,01:07:00,2026-08-05 01:07:00
IND-USR-015,25.591995,85.143153,397.5,2026-08-08,06:13:00,2026-08-08 06:13:00
IND-USR-015,25.59256,85.139132,295.4,2026-08-08,06:19:00,2026-08-08 06:19:00
IND-USR-015,25.594665,85.129078,501.9,2026-08-08,06:21:00,2026-08-08 06:21:00
IND-USR-015,25.597173,85.138462,333.3,2026-08-08,06:27:00,2026-08-08 06:27:00
IND-USR-015,25.596133,85.153305,513.0,2026-08-08,06:44:00,2026-08-08 06:44:00
IND-USR-015,25.585764,85.144499,900.1,2026-08-08,07:01:00,2026-08-08 07:01:00
IND-USR-015,25.59295,85.138749,291.6,2026-08-08,07:18:00,2026-08-08 07:18:00
IND-USR-015,25.593918,85.135903,760.1,2026-08-08,07:33:00,2026-08-08 07:33:00
IND-USR-015,25.591821,85.138918,759.0,2026-08-08,07:42:00,2026-08-08 07:42:00
IND-USR-015,24.785331,85.003202,361.2,2026-08-08,08:01:00,2026-08-08 08:01:00
IND-USR-015,24.789735,84.99568,839.2,2026-08-08,08:16:00,2026-08-08 08:16:00
IND-USR-015,24.7896,85.005229,381.1,2026-08-08,08:31:00,2026-08-08 08:31:00
IND-USR-015,24.789259,85.001634,682.0,2026-08-08,08:38:00,2026-08-08 08:38:00
IND-USR-015,24.788476,85.003232,788.7,2026-08-08,08:52:00,2026-08-08 08:52:00
IND-USR-015,24.794142,85.007594,257.2,2026-08-08,09:01:00,2026-08-08 09:01:00
IND-USR-015,24.790698,85.002875,597.8,2026-08-08,09:16:00,2026-08-08 09:16:00
IND-USR-015,24.791792,85.005383,728.7,2026-08-08,09:34:00,2026-08-08 09:34:00
IND-USR-015,24.788525,85.00318,277.6,2026-08-08,09:44:00,2026-08-08 09:44:00
IND-USR-015,24.790621,84.999943,770.3,2026-08-08,10:03:00,2026-08-08 10:03:00
IND-USR-015,24.791767,85.001209,186.7,2026-08-08,10:18:00,2026-08-08 10:18:00
IND-USR-015,24.790935,85.001059,181.5,2026-08-08,10:22:00,2026-08-08 10:22:00
IND-USR-015,24.797712,85.004142,113.7,2026-08-08,10:33:00,2026-08-08 10:33:00
IND-USR-015,24.794877,84.998378,590.7,2026-08-08,10:49:00,2026-08-08 10:49:00
IND-USR-015,24.787843,85.004021,668.4,2026-08-08,10:59:00,2026-08-08 10:59:00
IND-USR-015,24.794904,85.006091,186.5,2026-08-08,11:16:00,2026-08-08 11:16:00
IND-USR-015,24.788984,84.999282,153.0,2026-08-08,11:18:00,2026-08-08 11:18:00
IND-USR-015,24.784842,84.99863,30.8,2026-08-08,11:37:00,2026-08-08 11:37:00
IND-USR-015,24.795386,84.998334,275.2,2026-08-08,11:42:00,2026-08-08 11:42:00
IND-USR-015,24.793962,84.999438,682.3,2026-08-08,11:48:00,2026-08-08 11:48:00
IND-USR-015,24.792696,84.995609,228.8,2026-08-08,11:50:00,2026-08-08 11:50:00
IND-USR-015,24.791741,84.988235,23.8,2026-08-08,11:56:00,2026-08-08 11:56:00
IND-USR-015,24.790652,84.993678,331.4,2026-08-08,12:04:00,2026-08-08 12:04:00
IND-USR-015,24.796224,85.00331,748.6,2026-08-08,12:15:00,2026-08-08 12:15:00
IND-USR-015,24.793267,85.006284,948.1,2026-08-08,12:32:00,2026-08-08 12:32:00
IND-USR-015,24.787604,85.007189,665.1,2026-08-08,12:48:00,2026-08-08 12:48:00
IND-USR-015,24.795129,84.999254,320.4,2026-08-08,12:51:00,2026-08-08 12:51:00
IND-USR-015,24.795942,84.995775,62.7,2026-08-08,12:57:00,2026-08-08 12:57:00
IND-USR-015,24.788102,84.997766,77.1,2026-08-08,13:11:00,2026-08-08 13:11:00
IND-USR-015,24.789284,84.995974,180.7,2026-08-08,13:28:00,2026-08-08 13:28:00
IND-USR-015,24.796292,84.999165,778.2,2026-08-08,13:38:00,2026-08-08 13:38:00
IND-USR-015,24.79281,84.997919,124.6,2026-08-08,13:40:00,2026-08-08 13:40:00
IND-USR-015,24.784118,85.00128,371.7,2026-08-08,13:49:00,2026-08-08 13:49:00
IND-USR-015,24.783751,84.999925,242.3,2026-08-08,14:05:00,2026-08-08 14:05:00
IND-USR-015,24.785927,85.008149,197.2,2026-08-08,14:08:00,2026-08-08 14:08:00
IND-USR-015,24.795045,85.000623,499.9,2026-08-08,14:13:00,2026-08-08 14:13:00
IND-USR-015,24.796455,84.996815,454.5,2026-08-08,14:21:00,2026-08-08 14:21:00
IND-USR-015,24.793574,85.000999,890.0,2026-08-08,14:32:00,2026-08-08 14:32:00
IND-USR-015,24.792456,85.005289,601.4,2026-08-08,14:39:00,2026-08-08 14:39:00
IND-USR-015,24.79433,85.001355,710.0,2026-08-08,14:42:00,2026-08-08 14:42:00
IND-USR-015,24.78478,84.99636,499.7,2026-08-08,15:01:00,2026-08-08 15:01:00
IND-USR-015,24.790909,85.000573,462.4,2026-08-08,15:11:00,2026-08-08 15:11:00
IND-USR-015,24.786879,85.009847,196.8,2026-08-08,15:22:00,2026-08-08 15:22:00
IND-USR-015,24.797466,85.002608,821.8,2026-08-08,15:25:00,2026-08-08 15:25:00
IND-USR-015,24.791688,84.999351,924.9,2026-08-08,15:33:00,2026-08-08 15:33:00
IND-USR-015,24.787592,85.00051,604.9,2026-08-08,15:42:00,2026-08-08 15:42:00
IND-USR-015,24.792431,84.995233,24.2,2026-08-08,15:54:00,2026-08-08 15:54:00
IND-USR-015,24.792737,84.999579,559.6,2026-08-08,16:04:00,2026-08-08 16:04:00
IND-USR-015,24.783769,84.996758,751.8,2026-08-08,16:18:00,2026-08-08 16:18:00
IND-USR-015,24.789746,85.007751,920.7,2026-08-08,16:20:00,2026-08-08 16:20:00
IND-USR-015,24.793626,84.994858,746.5,2026-08-08,16:40:00,2026-08-08 16:40:00
IND-USR-015,24.793344,84.994011,657.1,2026-08-08,16:57:00,2026-08-08 16:57:00
IND-USR-015,24.795731,84.998316,359.1,2026-08-08,17:03:00,2026-08-08 17:03:00
IND-USR-015,24.791025,85.005503,243.8,2026-08-08,17:07:00,2026-08-08 17:07:00
IND-USR-015,24.786251,84.994612,95.9,2026-08-08,17:24:00,2026-08-08 17:24:00
IND-USR-015,24.789066,85.004354,885.0,2026-08-08,17:36:00,2026-08-08 17:36:00
IND-USR-015,24.785323,84.988871,66.2,2026-08-08,17:39:00,2026-08-08 17:39:00
IND-USR-015,24.789595,85.002407,669.2,2026-08-08,17:45:00,2026-08-08 17:45:00
IND-USR-015,24.796201,84.998347,128.3,2026-08-08,17:50:00,2026-08-08 17:50:00
IND-USR-015,24.789754,85.004816,307.7,2026-08-08,17:59:00,2026-08-08 17:59:00
IND-USR-015,24.783921,84.998646,751.2,2026-08-08,18:18:00,2026-08-08 18:18:00
IND-USR-015,24.792162,85.001997,767.2,2026-08-08,18:31:00,2026-08-08 18:31:00
IND-USR-015,24.789361,85.000338,699.2,2026-08-08,18:47:00,2026-08-08 18:47:00
IND-USR-015,24.781447,84.997567,657.9,2026-08-08,18:49:00,2026-08-08 18:49:00
IND-USR-015,25.595914,85.133671,690.9,2026-08-08,19:02:00,2026-08-08 19:02:00
IND-USR-015,25.594336,85.139387,854.7,2026-08-08,19:12:00,2026-08-08 19:12:00
IND-USR-015,25.59273,85.138282,674.2,2026-08-08,19:29:00,2026-08-08 19:29:00
IND-USR-015,25.590249,85.136774,287.0,2026-08-08,19:48:00,2026-08-08 19:48:00
IND-USR-015,25.596541,85.138228,188.4,2026-08-08,20:05:00,2026-08-08 20:05:00
IND-USR-015,25.591754,85.138497,521.0,2026-08-08,20:12:00,2026-08-08 20:12:00
IND-USR-015,25.596958,85.1294,698.5,2026-08-08,20:24:00,2026-08-08 20:24:00
IND-USR-015,25.598736,85.136255,825.6,2026-08-08,20:34:00,2026-08-08 20:34:00
IND-USR-015,25.595802,85.142389,160.7,2026-08-08,20:53:00,2026-08-08 20:53:00
IND-USR-015,25.588613,85.134762,155.7,2026-08-08,21:11:00,2026-08-08 21:11:00
IND-USR-015,25.592946,85.134465,780.3,2026-08-08,21:22:00,2026-08-08 21:22:00
IND-USR-015,25.60104,85.134173,355.1,2026-08-08,21:41:00,2026-08-08 21:41:00
IND-USR-015,25.591878,85.138418,739.4,2026-08-08,21:43:00,2026-08-08 21:43:00
IND-USR-015,25.589291,85.136017,366.3,2026-08-08,22:01:00,2026-08-08 22:01:00
IND-USR-015,25.59537,85.136269,840.0,2026-08-08,22:08:00,2026-08-08 22:08:00
IND-USR-015,25.593726,85.135483,739.5,2026-08-08,22:21:00,2026-08-08 22:21:00
IND-USR-015,25.588042,85.138886,311.5,2026-08-08,22:30:00,2026-08-08 22:30:00
IND-USR-015,25.60112,85.137674,628.8,2026-08-08,22:34:00,2026-08-08 22:34:00
IND-USR-015,25.595001,85.140371,779.9,2026-08-08,22:53:00,2026-08-08 22:53:00
IND-USR-015,25.589023,85.14441,502.6,2026-08-08,23:01:00,2026-08-08 23:01:00
IND-USR-015,25.594909,85.144127,729.8,2026-08-08,23:18:00,2026-08-08 23:18:00
IND-USR-015,25.591168,85.144872,586.3,2026-08-08,23:24:00,2026-08-08 23:24:00
IND-USR-015,25.597201,85.139812,395.2,2026-08-08,23:36:00,2026-08-08 23:36:00
IND-USR-015,25.595036,85.136606,113.8,2026-08-08,23:48:00,2026-08-08 23:48:00
IND-USR-015,25.598902,85.138161,629.4,2026-08-09,00:06:00,2026-08-09 00:06:00
IND-USR-015,25.586232,85.133131,795.1,2026-08-09,00:09:00,2026-08-09 00:09:00
IND-USR-016,25.593357,85.13884,200.0,2026-08-03,06:03:00,2026-08-03 06:03:00
IND-USR-016,25.593874,85.142476,190.1,2026-08-03,06:20:00,2026-08-03 06:20:00
IND-USR-016,25.586296,85.138174,546.8,2026-08-03,06:23:00,2026-08-03 06:23:00
IND-USR-016,25.586828,85.140639,628.4,2026-08-03,06:37:00,2026-08-03 06:37:00
IND-USR-016,25.593722,85.139278,596.5,2026-08-03,06:55:00,2026-08-03 06:55:00
IND-USR-016,25.590644,85.142718,250.6,2026-08-03,07:15:00,2026-08-03 07:15:00
IND-USR-016,25.598267,85.139934,217.5,2026-08-03,07:28:00,2026-08-03 07:28:00
IND-USR-016,25.593582,85.139919,22.3,2026-08-03,07:32:00,2026-08-03 07:32:00
IND-USR-016,25.591272,85.141022,626.4,2026-08-03,07:40:00,2026-08-03 07:40:00
IND-USR-016,25.600698,85.141882,450.0,2026-08-03,07:44:00,2026-08-03 07:44:00
IND-USR-016,25.591182,85.139046,349.3,2026-08-03,07:47:00,2026-08-03 07:47:00
IND-USR-016,24.786227,85.00249,782.7,2026-08-03,08:02:00,2026-08-03 08:02:00
IND-USR-016,24.793202,84.992721,784.2,2026-08-03,08:05:00,2026-08-03 08:05:00
IND-USR-016,24.786753,84.999067,507.3,2026-08-03,08:15:00,2026-08-03 08:15:00
IND-USR-016,24.790197,84.995362,794.4,2026-08-03,08:19:00,2026-08-03 08:19:00
IND-USR-016,24.792956,85.001206,897.9,2026-08-03,08:23:00,2026-08-03 08:23:00
IND-USR-016,24.790623,84.997177,101.3,2026-08-03,08:41:00,2026-08-03 08:41:00
IND-USR-016,24.795595,85.006822,509.8,2026-08-03,08:50:00,2026-08-03 08:50:00
IND-USR-016,24.789466,84.997751,191.5,2026-08-03,08:58:00,2026-08-03 08:58:00
IND-USR-016,24.793365,84.998768,545.8,2026-08-03,09:07:00,2026-08-03 09:07:00
IND-USR-016,24.790842,85.003159,534.9,2026-08-03,09:14:00,2026-08-03 09:14:00
IND-USR-016,24.783763,85.005473,400.3,2026-08-03,09:33:00,2026-08-03 09:33:00
IND-USR-016,24.791691,84.998554,730.3,2026-08-03,09:38:00,2026-08-03 09:38:00
IND-USR-016,24.791043,85.00005,346.5,2026-08-03,09:58:00,2026-08-03 09:58:00
IND-USR-016,24.784475,85.00618,670.4,2026-08-03,10:14:00,2026-08-03 10:14:00
IND-USR-016,24.791565,85.001972,839.9,2026-08-03,10:29:00,2026-08-03 10:29:00
IND-USR-016,24.795206,84.996115,754.9,2026-08-03,10:36:00,2026-08-03 10:36:00
IND-USR-016,24.793294,84.999129,387.5,2026-08-03,10:55:00,2026-08-03 10:55:00
IND-USR-016,24.794787,84.991691,628.1,2026-08-03,11:07:00,2026-08-03 11:07:00
IND-USR-016,24.791004,84.997789,948.5,2026-08-03,11:26:00,2026-08-03 11:26:00
IND-USR-016,24.793129,85.00208,887.5,2026-08-03,11:42:00,2026-08-03 11:42:00
IND-USR-016,24.788569,84.997351,527.1,2026-08-03,11:54:00,2026-08-03 11:54:00
IND-USR-016,24.790957,84.996613,804.2,2026-08-03,12:06:00,2026-08-03 12:06:00
IND-USR-016,24.794768,84.998723,728.3,2026-08-03,12:21:00,2026-08-03 12:21:00
IND-USR-016,24.779772,84.998701,786.6,2026-08-03,12:36:00,2026-08-03 12:36:00
IND-USR-016,24.787246,84.993675,581.9,2026-08-03,12:48:00,2026-08-03 12:48:00
IND-USR-016,24.78645,85.000638,522.9,2026-08-03,13:08:00,2026-08-03 13:08:00
IND-USR-016,24.796715,85.001453,729.8,2026-08-03,13:22:00,2026-08-03 13:22:00
IND-USR-016,24.788974,85.002024,348.4,2026-08-03,13:32:00,2026-08-03 13:32:00
IND-USR-016,24.789564,84.997422,430.6,2026-08-03,13:48:00,2026-08-03 13:48:00
IND-USR-016,24.786783,84.993193,10.2,2026-08-03,14:02:00,2026-08-03 14:02:00
IND-USR-016,24.78984,85.000832,934.0,2026-08-03,14:05:00,2026-08-03 14:05:00
IND-USR-016,24.791014,84.998536,496.6,2026-08-03,14:07:00,2026-08-03 14:07:00
IND-USR-016,24.787617,85.002633,16.2,2026-08-03,14:18:00,2026-08-03 14:18:00
IND-USR-016,24.786131,85.003304,211.9,2026-08-03,14:27:00,2026-08-03 14:27:00
IND-USR-016,24.787391,84.99719,30.4,2026-08-03,14:39:00,2026-08-03 14:39:00
IND-USR-016,24.785533,84.998194,874.0,2026-08-03,14:49:00,2026-08-03 14:49:00
IND-USR-016,24.795301,85.002263,532.9,2026-08-03,15:07:00,2026-08-03 15:07:00
IND-USR-016,24.795314,85.002289,155.4,2026-08-03,15:27:00,2026-08-03 15:27:00
IND-USR-016,24.786985,84.998877,442.7,2026-08-03,15:30:00,2026-08-03 15:30:00
IND-USR-016,24.788279,85.005522,140.1,2026-08-03,15:36:00,2026-08-03 15:36:00
IND-USR-016,24.786613,85.003775,846.2,2026-08-03,15:49:00,2026-08-03 15:49:00
IND-USR-016,24.794972,85.007518,229.0,2026-08-03,15:58:00,2026-08-03 15:58:00
IND-USR-016,24.789761,85.003049,96.4,2026-08-03,16:09:00,2026-08-03 16:09:00
IND-USR-016,24.800527,84.997729,544.9,2026-08-03,16:23:00,2026-08-03 16:23:00
IND-USR-016,24.78526,84.99268,700.2,2026-08-03,16:31:00,2026-08-03 16:31:00
IND-USR-016,24.794251,84.992667,755.3,2026-08-03,16:43:00,2026-08-03 16:43:00
IND-USR-016,24.789911,85.001949,469.0,2026-08-03,16:50:00,2026-08-03 16:50:00
IND-USR-016,24.792141,85.001902,780.3,2026-08-03,17:10:00,2026-08-03 17:10:00
IND-USR-016,24.792289,85.005315,569.5,2026-08-03,17:15:00,2026-08-03 17:15:00
IND-USR-016,24.787591,84.997492,45.1,2026-08-03,17:26:00,2026-08-03 17:26:00
IND-USR-016,24.788309,85.003521,368.7,2026-08-03,17:46:00,2026-08-03 17:46:00
IND-USR-016,24.795002,85.002005,876.6,2026-08-03,17:49:00,2026-08-03 17:49:00
IND-USR-016,24.796134,84.995488,337.1,2026-08-03,18:01:00,2026-08-03 18:01:00
IND-USR-016,24.798069,85.006293,401.5,2026-08-03,18:16:00,2026-08-03 18:16:00
IND-USR-016,24.794342,85.007327,827.6,2026-08-03,18:21:00,2026-08-03 18:21:00
IND-USR-016,24.784774,84.998102,712.8,2026-08-03,18:30:00,2026-08-03 18:30:00
IND-USR-016,24.788459,85.003086,605.9,2026-08-03,18:32:00,2026-08-03 18:32:00
IND-USR-016,24.787199,85.00323,60.9,2026-08-03,18:46:00,2026-08-03 18:46:00
IND-USR-016,25.599582,85.140381,48.7,2026-08-03,19:04:00,2026-08-03 19:04:00
IND-USR-016,25.595235,85.133649,541.0,2026-08-03,19:23:00,2026-08-03 19:23:00
IND-USR-016,25.590713,85.142598,482.3,2026-08-03,19:35:00,2026-08-03 19:35:00
IND-USR-016,25.597217,85.137444,154.0,2026-08-03,19:44:00,2026-08-03 19:44:00
IND-USR-016,25.592428,85.129497,922.8,2026-08-03,19:58:00,2026-08-03 19:58:00
IND-USR-016,25.589817,85.145246,484.4,2026-08-03,20:18:00,2026-08-03 20:18:00
IND-USR-016,25.588978,85.138358,416.0,2026-08-03,20:27:00,2026-08-03 20:27:00
IND-USR-016,25.59813,85.13258,149.1,2026-08-03,20:41:00,2026-08-03 20:41:00
IND-USR-016,25.594839,85.141352,87.6,2026-08-03,20:53:00,2026-08-03 20:53:00
IND-USR-016,25.59415,85.149074,710.6,2026-08-03,21:13:00,2026-08-03 21:13:00
IND-USR-016,25.587426,85.141835,385.2,2026-08-03,21:32:00,2026-08-03 21:32:00
IND-USR-016,25.593409,85.140688,384.6,2026-08-03,21:36:00,2026-08-03 21:36:00
IND-USR-016,25.595865,85.134667,737.4,2026-08-03,21:51:00,2026-08-03 21:51:00
IND-USR-016,25.595016,85.130168,726.3,2026-08-03,21:57:00,2026-08-03 21:57:00
IND-USR-016,25.596513,85.138793,535.7,2026-08-03,22:14:00,2026-08-03 22:14:00
IND-USR-016,25.596655,85.141832,381.6,2026-08-03,22:31:00,2026-08-03 22:31:00
IND-USR-016,25.59557,85.138192,194.3,2026-08-03,22:51:00,2026-08-03 22:51:00
IND-USR-016,25.590576,85.134751,241.5,2026-08-03,23:09:00,2026-08-03 23:09:00
IND-USR-016,25.598847,85.143345,260.3,2026-08-03,23:13:00,2026-08-03 23:13:00
IND-USR-016,25.593148,85.137784,314.0,2026-08-03,23:28:00,2026-08-03 23:28:00
IND-USR-016,25.590482,85.142291,94.2,2026-08-03,23:48:00,2026-08-03 23:48:00
IND-USR-016,25.596762,85.145365,408.1,2026-08-04,00:03:00,2026-08-04 00:03:00
IND-USR-017,21.247887,81.628088,333.9,2026-08-06,06:12:00,2026-08-06 06:12:00
IND-USR-017,21.252326,81.632186,733.5,2026-08-06,06:14:00,2026-08-06 06:14:00
IND-USR-017,21.250537,81.626108,938.4,2026-08-06,06:21:00,2026-08-06 06:21:00
IND-USR-017,21.254926,81.632485,595.8,2026-08-06,06:37:00,2026-08-06 06:37:00
IND-USR-017,21.247735,81.635022,52.2,2026-08-06,06:53:00,2026-08-06 06:53:00
IND-USR-017,21.256081,81.630137,197.7,2026-08-06,07:02:00,2026-08-06 07:02:00
IND-USR-017,21.251718,81.631816,156.6,2026-08-06,07:15:00,2026-08-06 07:15:00
IND-USR-017,21.247953,81.62972,115.6,2026-08-06,07:19:00,2026-08-06 07:19:00
IND-USR-017,21.24279,81.633106,238.5,2026-08-06,07:22:00,2026-08-06 07:22:00
IND-USR-017,21.245154,81.635614,826.6,2026-08-06,07:28:00,2026-08-06 07:28:00
IND-USR-017,21.25008,81.628753,22.9,2026-08-06,07:39:00,2026-08-06 07:39:00
IND-USR-017,21.248889,81.628448,296.8,2026-08-06,07:44:00,2026-08-06 07:44:00
IND-USR-017,21.199474,81.340949,31.4,2026-08-06,08:01:00,2026-08-06 08:01:00
IND-USR-017,21.198908,81.352252,705.6,2026-08-06,08:09:00,2026-08-06 08:09:00
IND-USR-017,21.188972,81.346599,201.6,2026-08-06,08:17:00,2026-08-06 08:17:00
IND-USR-017,21.200506,81.347118,715.3,2026-08-06,08:35:00,2026-08-06 08:35:00
IND-USR-017,21.189187,81.355449,464.0,2026-08-06,08:54:00,2026-08-06 08:54:00
IND-USR-017,21.195154,81.347148,663.4,2026-08-06,09:00:00,2026-08-06 09:00:00
IND-USR-017,21.194666,81.346797,364.0,2026-08-06,09:02:00,2026-08-06 09:02:00
IND-USR-017,21.198203,81.355145,50.9,2026-08-06,09:20:00,2026-08-06 09:20:00
IND-USR-017,21.195928,81.352347,66.5,2026-08-06,09:27:00,2026-08-06 09:27:00
IND-USR-017,21.200845,81.350899,751.8,2026-08-06,09:35:00,2026-08-06 09:35:00
IND-USR-017,21.189073,81.352698,59.9,2026-08-06,09:45:00,2026-08-06 09:45:00
IND-USR-017,21.202144,81.346841,72.6,2026-08-06,09:47:00,2026-08-06 09:47:00
IND-USR-017,21.192354,81.352566,633.2,2026-08-06,09:57:00,2026-08-06 09:57:00
IND-USR-017,21.193584,81.346971,822.4,2026-08-06,10:10:00,2026-08-06 10:10:00
IND-USR-017,21.198287,81.36018,284.9,2026-08-06,10:12:00,2026-08-06 10:12:00
IND-USR-017,21.194585,81.347284,227.3,2026-08-06,10:26:00,2026-08-06 10:26:00
IND-USR-017,21.187604,81.351932,488.0,2026-08-06,10:40:00,2026-08-06 10:40:00
IND-USR-017,21.198216,81.352801,859.6,2026-08-06,10:45:00,2026-08-06 10:45:00
IND-USR-017,21.19379,81.348543,824.8,2026-08-06,11:02:00,2026-08-06 11:02:00
IND-USR-017,21.189431,81.354239,92.7,2026-08-06,11:21:00,2026-08-06 11:21:00
IND-USR-017,21.197455,81.344717,480.6,2026-08-06,11:29:00,2026-08-06 11:29:00
IND-USR-017,21.200159,81.353196,537.0,2026-08-06,11:45:00,2026-08-06 11:45:00
IND-USR-017,21.199398,81.345531,47.4,2026-08-06,11:47:00,2026-08-06 11:47:00
IND-USR-017,21.188337,81.350304,296.6,2026-08-06,12:05:00,2026-08-06 12:05:00
IND-USR-017,21.195811,81.358085,379.8,2026-08-06,12:22:00,2026-08-06 12:22:00
IND-USR-017,21.196624,81.349929,27.3,2026-08-06,12:29:00,2026-08-06 12:29:00
IND-USR-017,21.189695,81.35582,344.1,2026-08-06,12:42:00,2026-08-06 12:42:00
IND-USR-017,21.189941,81.357414,232.0,2026-08-06,12:53:00,2026-08-06 12:53:00
IND-USR-017,21.192662,81.357262,269.3,2026-08-06,13:11:00,2026-08-06 13:11:00
IND-USR-017,21.196516,81.350352,598.2,2026-08-06,13:14:00,2026-08-06 13:14:00
IND-USR-017,21.191722,81.349536,847.0,2026-08-06,13:28:00,2026-08-06 13:28:00
IND-USR-017,21.195513,81.351209,897.5,2026-08-06,13:30:00,2026-08-06 13:30:00
IND-USR-017,21.191425,81.350237,222.0,2026-08-06,13:40:00,2026-08-06 13:40:00
IND-USR-017,21.194114,81.342385,853.3,2026-08-06,13:52:00,2026-08-06 13:52:00
IND-USR-017,21.195633,81.346981,92.5,2026-08-06,13:58:00,2026-08-06 13:58:00
IND-USR-017,21.189187,81.344151,499.5,2026-08-06,14:12:00,2026-08-06 14:12:00
IND-USR-017,21.186624,81.345478,402.3,2026-08-06,14:21:00,2026-08-06 14:21:00
IND-USR-017,21.190964,81.358713,153.6,2026-08-06,14:41:00,2026-08-06 14:41:00
IND-USR-017,21.191696,81.351611,865.2,2026-08-06,14:52:00,2026-08-06 14:52:00
IND-USR-017,21.195402,81.351424,432.2,2026-08-06,15:04:00,2026-08-06 15:04:00
IND-USR-017,21.19349,81.346119,204.4,2026-08-06,15:10:00,2026-08-06 15:10:00
IND-USR-017,21.199604,81.358129,556.2,2026-08-06,15:16:00,2026-08-06 15:16:00
IND-USR-017,21.187069,81.346804,820.8,2026-08-06,15:24:00,2026-08-06 15:24:00
IND-USR-017,21.192681,81.347042,657.2,2026-08-06,15:35:00,2026-08-06 15:35:00
IND-USR-017,21.195824,81.347987,865.0,2026-08-06,15:53:00,2026-08-06 15:53:00
IND-USR-017,21.20246,81.355662,945.9,2026-08-06,16:08:00,2026-08-06 16:08:00
IND-USR-017,21.19465,81.355008,626.9,2026-08-06,16:14:00,2026-08-06 16:14:00
IND-USR-017,21.198224,81.348644,872.1,2026-08-06,16:34:00,2026-08-06 16:34:00
IND-USR-017,21.190535,81.351213,73.7,2026-08-06,16:46:00,2026-08-06 16:46:00
IND-USR-017,21.197247,81.351456,901.7,2026-08-06,17:05:00,2026-08-06 17:05:00
IND-USR-017,21.187492,81.347689,183.1,2026-08-06,17:10:00,2026-08-06 17:10:00
IND-USR-017,21.193504,81.350597,693.5,2026-08-06,17:16:00,2026-08-06 17:16:00
IND-USR-017,21.20169,81.345356,837.3,2026-08-06,17:28:00,2026-08-06 17:28:00
IND-USR-017,21.195822,81.356856,913.5,2026-08-06,17:43:00,2026-08-06 17:43:00
IND-USR-017,21.202886,81.349282,426.4,2026-08-06,17:54:00,2026-08-06 17:54:00
IND-USR-017,21.195766,81.353179,152.8,2026-08-06,18:04:00,2026-08-06 18:04:00
IND-USR-017,21.194582,81.350505,110.4,2026-08-06,18:12:00,2026-08-06 18:12:00
IND-USR-017,21.195544,81.340771,34.6,2026-08-06,18:19:00,2026-08-06 18:19:00
IND-USR-017,21.196528,81.351405,579.3,2026-08-06,18:29:00,2026-08-06 18:29:00
IND-USR-017,21.19291,81.359087,570.6,2026-08-06,18:38:00,2026-08-06 18:38:00
IND-USR-017,21.1911,81.349288,656.1,2026-08-06,18:47:00,2026-08-06 18:47:00
IND-USR-017,21.259366,81.626272,84.7,2026-08-06,19:00:00,2026-08-06 19:00:00
IND-USR-017,21.2492,81.629012,136.0,2026-08-06,19:17:00,2026-08-06 19:17:00
IND-USR-017,21.254763,81.630431,679.3,2026-08-06,19:34:00,2026-08-06 19:34:00
IND-USR-017,21.246229,81.627471,182.9,2026-08-06,19:47:00,2026-08-06 19:47:00
IND-USR-017,21.248971,81.629291,472.0,2026-08-06,20:01:00,2026-08-06 20:01:00
IND-USR-017,21.253103,81.631273,164.0,2026-08-06,20:07:00,2026-08-06 20:07:00
IND-USR-017,21.244296,81.633856,40.3,2026-08-06,20:16:00,2026-08-06 20:16:00
IND-USR-017,21.25241,81.635138,879.9,2026-08-06,20:18:00,2026-08-06 20:18:00
IND-USR-017,21.253177,81.634005,219.2,2026-08-06,20:33:00,2026-08-06 20:33:00
IND-USR-017,21.253266,81.634985,722.3,2026-08-06,20:41:00,2026-08-06 20:41:00
IND-USR-017,21.253489,81.629208,176.5,2026-08-06,20:45:00,2026-08-06 20:45:00
IND-USR-017,21.26049,81.633156,825.1,2026-08-06,21:01:00,2026-08-06 21:01:00
IND-USR-017,21.253695,81.624495,656.6,2026-08-06,21:18:00,2026-08-06 21:18:00
IND-USR-017,21.246247,81.630771,844.3,2026-08-06,21:34:00,2026-08-06 21:34:00
IND-USR-017,21.251982,81.627144,390.6,2026-08-06,21:49:00,2026-08-06 21:49:00
IND-USR-017,21.251964,81.635955,581.5,2026-08-06,21:52:00,2026-08-06 21:52:00
IND-USR-017,21.254182,81.625036,687.0,2026-08-06,22:06:00,2026-08-06 22:06:00
IND-USR-017,21.250954,81.62638,584.8,2026-08-06,22:20:00,2026-08-06 22:20:00
IND-USR-017,21.249849,81.627946,568.2,2026-08-06,22:40:00,2026-08-06 22:40:00
IND-USR-018,21.249489,81.624579,112.8,2026-08-09,06:18:00,2026-08-09 06:18:00
IND-USR-018,21.250889,81.627358,787.4,2026-08-09,06:34:00,2026-08-09 06:34:00
IND-USR-018,21.239682,81.637812,835.1,2026-08-09,06:37:00,2026-08-09 06:37:00
IND-USR-018,21.255755,81.628095,497.6,2026-08-09,06:46:00,2026-08-09 06:46:00
IND-USR-018,21.251475,81.624913,934.8,2026-08-09,07:00:00,2026-08-09 07:00:00
IND-USR-018,21.258183,81.637189,534.2,2026-08-09,07:03:00,2026-08-09 07:03:00
IND-USR-018,21.252027,81.633694,729.3,2026-08-09,07:21:00,2026-08-09 07:21:00
IND-USR-018,21.252101,81.624253,188.5,2026-08-09,07:24:00,2026-08-09 07:24:00
IND-USR-018,21.249753,81.630128,384.2,2026-08-09,07:40:00,2026-08-09 07:40:00
IND-USR-018,21.249582,81.628725,737.3,2026-08-09,07:51:00,2026-08-09 07:51:00
IND-USR-018,21.193434,81.350576,443.7,2026-08-09,08:02:00,2026-08-09 08:02:00
IND-USR-018,21.194009,81.346658,286.8,2026-08-09,08:17:00,2026-08-09 08:17:00
IND-USR-018,21.190932,81.345762,658.6,2026-08-09,08:20:00,2026-08-09 08:20:00
IND-USR-018,21.197711,81.342477,445.8,2026-08-09,08:26:00,2026-08-09 08:26:00
IND-USR-018,21.198414,81.356445,95.0,2026-08-09,08:42:00,2026-08-09 08:42:00
IND-USR-018,21.192591,81.340487,116.4,2026-08-09,09:00:00,2026-08-09 09:00:00
IND-USR-018,21.192355,81.350643,891.6,2026-08-09,09:20:00,2026-08-09 09:20:00
IND-USR-018,21.189758,81.348839,137.2,2026-08-09,09:39:00,2026-08-09 09:39:00
IND-USR-018,21.199921,81.35356,314.1,2026-08-09,09:54:00,2026-08-09 09:54:00
IND-USR-018,21.190102,81.34451,178.1,2026-08-09,09:56:00,2026-08-09 09:56:00
IND-USR-018,21.192492,81.350046,852.8,2026-08-09,10:16:00,2026-08-09 10:16:00
IND-USR-018,21.195785,81.348759,839.6,2026-08-09,10:24:00,2026-08-09 10:24:00
IND-USR-018,21.195846,81.358641,245.1,2026-08-09,10:28:00,2026-08-09 10:28:00
IND-USR-018,21.197062,81.350708,685.3,2026-08-09,10:35:00,2026-08-09 10:35:00
IND-USR-018,21.193067,81.349473,95.7,2026-08-09,10:40:00,2026-08-09 10:40:00
IND-USR-018,21.198523,81.348391,606.0,2026-08-09,10:56:00,2026-08-09 10:56:00
IND-USR-018,21.193981,81.351105,502.4,2026-08-09,11:00:00,2026-08-09 11:00:00
IND-USR-018,21.191793,81.34541,693.3,2026-08-09,11:14:00,2026-08-09 11:14:00
IND-USR-018,21.195092,81.350656,585.3,2026-08-09,11:32:00,2026-08-09 11:32:00
IND-USR-018,21.195801,81.348766,366.0,2026-08-09,11:39:00,2026-08-09 11:39:00
IND-USR-018,21.198683,81.347393,51.3,2026-08-09,11:53:00,2026-08-09 11:53:00
IND-USR-018,21.200648,81.343909,867.5,2026-08-09,12:00:00,2026-08-09 12:00:00
IND-USR-018,21.195539,81.352802,829.0,2026-08-09,12:20:00,2026-08-09 12:20:00
IND-USR-018,21.190618,81.352598,162.4,2026-08-09,12:26:00,2026-08-09 12:26:00
IND-USR-018,21.198918,81.342033,178.1,2026-08-09,12:32:00,2026-08-09 12:32:00
IND-USR-018,21.195811,81.340927,404.4,2026-08-09,12:35:00,2026-08-09 12:35:00
IND-USR-018,21.189937,81.357417,696.4,2026-08-09,12:46:00,2026-08-09 12:46:00
IND-USR-018,21.191473,81.346204,281.5,2026-08-09,13:02:00,2026-08-09 13:02:00
IND-USR-018,21.193008,81.359172,120.5,2026-08-09,13:09:00,2026-08-09 13:09:00
IND-USR-018,21.186473,81.346695,912.8,2026-08-09,13:15:00,2026-08-09 13:15:00
IND-USR-018,21.19979,81.358331,595.2,2026-08-09,13:17:00,2026-08-09 13:17:00
IND-USR-018,21.193386,81.345944,21.5,2026-08-09,13:27:00,2026-08-09 13:27:00
IND-USR-018,21.202183,81.357278,814.1,2026-08-09,13:44:00,2026-08-09 13:44:00
IND-USR-018,21.196516,81.34765,769.0,2026-08-09,14:03:00,2026-08-09 14:03:00
IND-USR-018,21.193604,81.350259,233.6,2026-08-09,14:20:00,2026-08-09 14:20:00
IND-USR-018,21.195123,81.356704,629.9,2026-08-09,14:40:00,2026-08-09 14:40:00
IND-USR-018,21.197318,81.34659,395.5,2026-08-09,14:56:00,2026-08-09 14:56:00
IND-USR-018,21.199306,81.352153,575.1,2026-08-09,15:00:00,2026-08-09 15:00:00
IND-USR-018,21.196548,81.356766,240.0,2026-08-09,15:02:00,2026-08-09 15:02:00
IND-USR-018,21.189354,81.350757,271.4,2026-08-09,15:21:00,2026-08-09 15:21:00
IND-USR-018,21.191674,81.344629,780.9,2026-08-09,15:40:00,2026-08-09 15:40:00
IND-USR-018,21.195187,81.360946,56.0,2026-08-09,15:48:00,2026-08-09 15:48:00
IND-USR-018,21.18644,81.350771,61.8,2026-08-09,15:54:00,2026-08-09 15:54:00
IND-USR-018,21.196362,81.351392,44.5,2026-08-09,16:07:00,2026-08-09 16:07:00
IND-USR-018,21.193347,81.345703,637.0,2026-08-09,16:10:00,2026-08-09 16:10:00
IND-USR-018,21.194731,81.347873,321.2,2026-08-09,16:21:00,2026-08-09 16:21:00
IND-USR-018,21.18504,81.355678,56.1,2026-08-09,16:25:00,2026-08-09 16:25:00
IND-USR-018,21.197634,81.351107,944.1,2026-08-09,16:40:00,2026-08-09 16:40:00
IND-USR-018,21.194716,81.355197,641.8,2026-08-09,16:47:00,2026-08-09 16:47:00
IND-USR-018,21.194697,81.354516,750.1,2026-08-09,17:07:00,2026-08-09 17:07:00
IND-USR-018,21.19261,81.356148,918.3,2026-08-09,17:14:00,2026-08-09 17:14:00
IND-USR-018,21.195083,81.351676,348.6,2026-08-09,17:34:00,2026-08-09 17:34:00
IND-USR-018,21.18872,81.352048,97.5,2026-08-09,17:37:00,2026-08-09 17:37:00
IND-USR-018,21.190472,81.348347,313.5,2026-08-09,17:48:00,2026-08-09 17:48:00
IND-USR-018,21.190538,81.346635,781.0,2026-08-09,18:02:00,2026-08-09 18:02:00
IND-USR-018,21.202299,81.356225,802.7,2026-08-09,18:17:00,2026-08-09 18:17:00
IND-USR-018,21.201481,81.346008,285.3,2026-08-09,18:21:00,2026-08-09 18:21:00
IND-USR-018,21.194085,81.345726,124.7,2026-08-09,18:27:00,2026-08-09 18:27:00
IND-USR-018,21.191017,81.347227,319.5,2026-08-09,18:37:00,2026-08-09 18:37:00
IND-USR-018,21.198758,81.349315,503.2,2026-08-09,18:52:00,2026-08-09 18:52:00
IND-USR-018,21.255674,81.632016,585.3,2026-08-09,19:00:00,2026-08-09 19:00:00
IND-USR-018,21.260615,81.623682,547.1,2026-08-09,19:05:00,2026-08-09 19:05:00
IND-USR-018,21.256437,81.634186,938.0,2026-08-09,19:23:00,2026-08-09 19:23:00
IND-USR-018,21.247506,81.633629,690.6,2026-08-09,19:40:00,2026-08-09 19:40:00
IND-USR-018,21.252745,81.62869,411.4,2026-08-09,19:51:00,2026-08-09 19:51:00
IND-USR-018,21.248104,81.626724,254.1,2026-08-09,20:03:00,2026-08-09 20:03:00
IND-USR-018,21.259599,81.629603,945.3,2026-08-09,20:23:00,2026-08-09 20:23:00
IND-USR-018,21.254529,81.626436,881.5,2026-08-09,20:36:00,2026-08-09 20:36:00
IND-USR-018,21.248281,81.633928,476.6,2026-08-09,20:56:00,2026-08-09 20:56:00
IND-USR-018,21.246002,81.627939,473.0,2026-08-09,21:13:00,2026-08-09 21:13:00
IND-USR-018,21.251536,81.630045,840.6,2026-08-09,21:20:00,2026-08-09 21:20:00
IND-USR-018,21.250684,81.631183,676.1,2026-08-09,21:29:00,2026-08-09 21:29:00
IND-USR-019,21.254171,81.632539,32.5,2026-08-04,06:05:00,2026-08-04 06:05:00
IND-USR-019,21.247457,81.628463,703.2,2026-08-04,06:10:00,2026-08-04 06:10:00
IND-USR-019,21.256179,81.633179,761.6,2026-08-04,06:18:00,2026-08-04 06:18:00
IND-USR-019,21.245909,81.631006,399.2,2026-08-04,06:33:00,2026-08-04 06:33:00
IND-USR-019,21.243487,81.629788,338.7,2026-08-04,06:45:00,2026-08-04 06:45:00
IND-USR-019,21.258991,81.625808,20.6,2026-08-04,06:53:00,2026-08-04 06:53:00
IND-USR-019,21.248063,81.632656,658.6,2026-08-04,07:01:00,2026-08-04 07:01:00
IND-USR-019,21.245229,81.627069,752.8,2026-08-04,07:11:00,2026-08-04 07:11:00
IND-USR-019,21.253786,81.627063,292.3,2026-08-04,07:22:00,2026-08-04 07:22:00
IND-USR-019,21.250456,81.632577,314.5,2026-08-04,07:41:00,2026-08-04 07:41:00
IND-USR-019,21.253086,81.630667,117.0,2026-08-04,07:43:00,2026-08-04 07:43:00
IND-USR-019,21.250044,81.63108,330.9,2026-08-04,07:55:00,2026-08-04 07:55:00
IND-USR-019,21.193305,81.352731,589.0,2026-08-04,08:15:00,2026-08-04 08:15:00
IND-USR-019,21.191812,81.35017,792.1,2026-08-04,08:17:00,2026-08-04 08:17:00
IND-USR-019,21.18984,81.35076,320.7,2026-08-04,08:25:00,2026-08-04 08:25:00
IND-USR-019,21.190556,81.346444,876.9,2026-08-04,08:37:00,2026-08-04 08:37:00
IND-USR-019,21.194835,81.351751,871.2,2026-08-04,08:54:00,2026-08-04 08:54:00
IND-USR-019,21.196931,81.349175,616.9,2026-08-04,08:57:00,2026-08-04 08:57:00
IND-USR-019,21.195432,81.353103,156.1,2026-08-04,09:14:00,2026-08-04 09:14:00
IND-USR-019,21.195579,81.347597,848.5,2026-08-04,09:30:00,2026-08-04 09:30:00
IND-USR-019,21.194397,81.352357,852.2,2026-08-04,09:49:00,2026-08-04 09:49:00
IND-USR-019,21.193829,81.342554,746.9,2026-08-04,10:05:00,2026-08-04 10:05:00
IND-USR-019,21.194442,81.35975,882.1,2026-08-04,10:20:00,2026-08-04 10:20:00
IND-USR-019,21.19236,81.347988,795.0,2026-08-04,10:23:00,2026-08-04 10:23:00
IND-USR-019,21.195293,81.35215,541.0,2026-08-04,10:34:00,2026-08-04 10:34:00
IND-USR-019,21.198571,81.345869,531.9,2026-08-04,10:46:00,2026-08-04 10:46:00
IND-USR-019,21.196726,81.353262,205.8,2026-08-04,10:48:00,2026-08-04 10:48:00
IND-USR-019,21.193231,81.352255,761.6,2026-08-04,11:00:00,2026-08-04 11:00:00
IND-USR-019,21.197918,81.354389,72.2,2026-08-04,11:13:00,2026-08-04 11:13:00
IND-USR-019,21.189228,81.354181,273.6,2026-08-04,11:19:00,2026-08-04 11:19:00
IND-USR-019,21.193541,81.351191,328.8,2026-08-04,11:21:00,2026-08-04 11:21:00
IND-USR-019,21.194093,81.350299,598.9,2026-08-04,11:35:00,2026-08-04 11:35:00
IND-USR-019,21.198567,81.350565,546.7,2026-08-04,11:42:00,2026-08-04 11:42:00
IND-USR-019,21.189322,81.349326,186.1,2026-08-04,11:56:00,2026-08-04 11:56:00
IND-USR-019,21.194515,81.355817,822.7,2026-08-04,12:01:00,2026-08-04 12:01:00
IND-USR-019,21.196212,81.347498,673.0,2026-08-04,12:12:00,2026-08-04 12:12:00
IND-USR-019,21.203741,81.351959,677.2,2026-08-04,12:24:00,2026-08-04 12:24:00
IND-USR-019,21.198902,81.350293,399.0,2026-08-04,12:34:00,2026-08-04 12:34:00
IND-USR-019,21.195933,81.354258,834.4,2026-08-04,12:51:00,2026-08-04 12:51:00
IND-USR-019,21.198673,81.355129,434.8,2026-08-04,13:04:00,2026-08-04 13:04:00
IND-USR-019,21.197289,81.34964,213.2,2026-08-04,13:15:00,2026-08-04 13:15:00
IND-USR-019,21.191513,81.35223,174.5,2026-08-04,13:26:00,2026-08-04 13:26:00
IND-USR-019,21.197533,81.350009,747.8,2026-08-04,13:39:00,2026-08-04 13:39:00
IND-USR-019,21.198061,81.35671,868.6,2026-08-04,13:47:00,2026-08-04 13:47:00
IND-USR-019,21.190135,81.347552,485.6,2026-08-04,14:03:00,2026-08-04 14:03:00
IND-USR-019,21.193238,81.35213,860.7,2026-08-04,14:20:00,2026-08-04 14:20:00
IND-USR-019,21.191702,81.356309,188.8,2026-08-04,14:26:00,2026-08-04 14:26:00
IND-USR-019,21.195496,81.351058,698.5,2026-08-04,14:43:00,2026-08-04 14:43:00
IND-USR-019,21.188056,81.345637,301.7,2026-08-04,15:01:00,2026-08-04 15:01:00
IND-USR-019,21.194924,81.34237,144.7,2026-08-04,15:13:00,2026-08-04 15:13:00
IND-USR-019,21.197851,81.350267,782.8,2026-08-04,15:18:00,2026-08-04 15:18:00
IND-USR-019,21.206772,81.360132,646.1,2026-08-04,15:36:00,2026-08-04 15:36:00
IND-USR-019,21.193074,81.350475,202.9,2026-08-04,15:42:00,2026-08-04 15:42:00
IND-USR-019,21.197782,81.357713,441.8,2026-08-04,15:45:00,2026-08-04 15:45:00
IND-USR-019,21.187248,81.343754,118.9,2026-08-04,16:03:00,2026-08-04 16:03:00
IND-USR-019,21.191312,81.353231,886.4,2026-08-04,16:14:00,2026-08-04 16:14:00
IND-USR-019,21.195787,81.355179,323.3,2026-08-04,16:18:00,2026-08-04 16:18:00
IND-USR-019,21.189001,81.341635,106.9,2026-08-04,16:21:00,2026-08-04 16:21:00
IND-USR-019,21.197232,81.347587,31.1,2026-08-04,16:32:00,2026-08-04 16:32:00
IND-USR-019,21.185726,81.35148,610.5,2026-08-04,16:43:00,2026-08-04 16:43:00
IND-USR-019,21.196973,81.350412,311.6,2026-08-04,16:51:00,2026-08-04 16:51:00
IND-USR-019,21.191969,81.350263,279.4,2026-08-04,16:59:00,2026-08-04 16:59:00
IND-USR-019,21.192318,81.345508,310.0,2026-08-04,17:18:00,2026-08-04 17:18:00
IND-USR-019,21.190941,81.352985,640.9,2026-08-04,17:34:00,2026-08-04 17:34:00
IND-USR-019,21.195087,81.351572,150.4,2026-08-04,17:44:00,2026-08-04 17:44:00
IND-USR-019,21.189819,81.350174,117.6,2026-08-04,17:54:00,2026-08-04 17:54:00
IND-USR-019,21.185092,81.351614,493.2,2026-08-04,18:13:00,2026-08-04 18:13:00
IND-USR-019,21.199515,81.345003,520.0,2026-08-04,18:21:00,2026-08-04 18:21:00
IND-USR-019,21.191456,81.352216,309.4,2026-08-04,18:40:00,2026-08-04 18:40:00
IND-USR-019,21.198811,81.349107,896.7,2026-08-04,18:46:00,2026-08-04 18:46:00
IND-USR-019,21.191031,81.343024,549.6,2026-08-04,18:57:00,2026-08-04 18:57:00
IND-USR-019,21.251814,81.637768,77.0,2026-08-04,19:04:00,2026-08-04 19:04:00
IND-USR-019,21.252509,81.629511,518.1,2026-08-04,19:16:00,2026-08-04 19:16:00
IND-USR-019,21.252688,81.629556,132.3,2026-08-04,19:19:00,2026-08-04 19:19:00
IND-USR-019,21.248148,81.632893,859.1,2026-08-04,19:36:00,2026-08-04 19:36:00
IND-USR-019,21.252303,81.62967,109.6,2026-08-04,19:39:00,2026-08-04 19:39:00
IND-USR-019,21.247499,81.634814,91.0,2026-08-04,19:42:00,2026-08-04 19:42:00
IND-USR-019,21.254059,81.627388,178.2,2026-08-04,19:56:00,2026-08-04 19:56:00
IND-USR-019,21.255407,81.62761,601.7,2026-08-04,20:16:00,2026-08-04 20:16:00
IND-USR-019,21.248272,81.626561,589.3,2026-08-04,20:32:00,2026-08-04 20:32:00
IND-USR-020,21.244316,81.631486,680.1,2026-08-05,06:08:00,2026-08-05 06:08:00
IND-USR-020,21.244075,81.624686,83.8,2026-08-05,06:27:00,2026-08-05 06:27:00
IND-USR-020,21.243098,81.629256,543.7,2026-08-05,06:43:00,2026-08-05 06:43:00
IND-USR-020,21.250799,81.628293,774.1,2026-08-05,06:47:00,2026-08-05 06:47:00
IND-USR-020,21.24723,81.624911,101.4,2026-08-05,07:03:00,2026-08-05 07:03:00
IND-USR-020,21.253257,81.627398,653.4,2026-08-05,07:14:00,2026-08-05 07:14:00
IND-USR-020,21.252665,81.626059,452.3,2026-08-05,07:30:00,2026-08-05 07:30:00
IND-USR-020,21.252124,81.634813,145.1,2026-08-05,07:39:00,2026-08-05 07:39:00
IND-USR-020,21.253745,81.62795,868.1,2026-08-05,07:49:00,2026-08-05 07:49:00
IND-USR-020,21.194829,81.349937,182.4,2026-08-05,08:03:00,2026-08-05 08:03:00
IND-USR-020,21.193832,81.349598,751.5,2026-08-05,08:15:00,2026-08-05 08:15:00
IND-USR-020,21.193143,81.351748,436.1,2026-08-05,08:27:00,2026-08-05 08:27:00
IND-USR-020,21.189827,81.346836,71.4,2026-08-05,08:29:00,2026-08-05 08:29:00
IND-USR-020,21.188246,81.344499,340.4,2026-08-05,08:34:00,2026-08-05 08:34:00
IND-USR-020,21.188931,81.351538,805.0,2026-08-05,08:50:00,2026-08-05 08:50:00
IND-USR-020,21.190229,81.352954,731.9,2026-08-05,09:01:00,2026-08-05 09:01:00
IND-USR-020,21.193939,81.343026,129.8,2026-08-05,09:21:00,2026-08-05 09:21:00
IND-USR-020,21.19642,81.354143,391.3,2026-08-05,09:26:00,2026-08-05 09:26:00
IND-USR-020,21.189825,81.352581,316.3,2026-08-05,09:31:00,2026-08-05 09:31:00
IND-USR-020,21.190374,81.351291,754.9,2026-08-05,09:35:00,2026-08-05 09:35:00
IND-USR-020,21.188742,81.343728,443.3,2026-08-05,09:54:00,2026-08-05 09:54:00
IND-USR-020,21.192269,81.350405,398.6,2026-08-05,10:14:00,2026-08-05 10:14:00
IND-USR-020,21.192209,81.346164,525.1,2026-08-05,10:23:00,2026-08-05 10:23:00
IND-USR-020,21.1922,81.351977,370.8,2026-08-05,10:40:00,2026-08-05 10:40:00
IND-USR-020,21.19362,81.35163,205.7,2026-08-05,10:52:00,2026-08-05 10:52:00
IND-USR-020,21.19112,81.355587,415.3,2026-08-05,11:12:00,2026-08-05 11:12:00
IND-USR-020,21.189095,81.35285,543.2,2026-08-05,11:27:00,2026-08-05 11:27:00
IND-USR-020,21.198528,81.352824,521.9,2026-08-05,11:39:00,2026-08-05 11:39:00
IND-USR-020,21.19299,81.348787,172.7,2026-08-05,11:48:00,2026-08-05 11:48:00
IND-USR-020,21.197944,81.345208,705.0,2026-08-05,11:52:00,2026-08-05 11:52:00
IND-USR-020,21.18992,81.34931,796.5,2026-08-05,12:12:00,2026-08-05 12:12:00
IND-USR-020,21.198751,81.352419,566.6,2026-08-05,12:17:00,2026-08-05 12:17:00
IND-USR-020,21.189928,81.349659,315.9,2026-08-05,12:33:00,2026-08-05 12:33:00
IND-USR-020,21.191343,81.348061,782.7,2026-08-05,12:38:00,2026-08-05 12:38:00
IND-USR-020,21.197716,81.345413,299.6,2026-08-05,12:45:00,2026-08-05 12:45:00
IND-USR-020,21.200235,81.354213,75.4,2026-08-05,12:59:00,2026-08-05 12:59:00
IND-USR-020,21.198163,81.349048,654.4,2026-08-05,13:04:00,2026-08-05 13:04:00
IND-USR-020,21.1932,81.345167,317.8,2026-08-05,13:18:00,2026-08-05 13:18:00
IND-USR-020,21.191701,81.352875,95.1,2026-08-05,13:21:00,2026-08-05 13:21:00
IND-USR-020,21.198984,81.346471,844.0,2026-08-05,13:27:00,2026-08-05 13:27:00
IND-USR-020,21.192338,81.350295,721.7,2026-08-05,13:29:00,2026-08-05 13:29:00
IND-USR-020,21.188217,81.353265,435.8,2026-08-05,13:35:00,2026-08-05 13:35:00
IND-USR-020,21.190904,81.350118,376.6,2026-08-05,13:46:00,2026-08-05 13:46:00
IND-USR-020,21.191992,81.347743,430.3,2026-08-05,14:06:00,2026-08-05 14:06:00
IND-USR-020,21.193772,81.350038,650.6,2026-08-05,14:14:00,2026-08-05 14:14:00
IND-USR-020,21.192313,81.347986,291.8,2026-08-05,14:26:00,2026-08-05 14:26:00
IND-USR-020,21.195078,81.357514,873.4,2026-08-05,14:37:00,2026-08-05 14:37:00
IND-USR-020,21.19436,81.354884,684.7,2026-08-05,14:52:00,2026-08-05 14:52:00
IND-USR-020,21.188239,81.351531,940.9,2026-08-05,15:05:00,2026-08-05 15:05:00
IND-USR-020,21.189411,81.344992,17.6,2026-08-05,15:25:00,2026-08-05 15:25:00
IND-USR-020,21.190843,81.355668,389.9,2026-08-05,15:43:00,2026-08-05 15:43:00
IND-USR-020,21.1976,81.351872,811.4,2026-08-05,15:49:00,2026-08-05 15:49:00
IND-USR-020,21.187669,81.350115,357.1,2026-08-05,15:52:00,2026-08-05 15:52:00
IND-USR-020,21.195007,81.351602,919.8,2026-08-05,16:11:00,2026-08-05 16:11:00
IND-USR-020,21.186425,81.347339,671.2,2026-08-05,16:13:00,2026-08-05 16:13:00
IND-USR-020,21.193544,81.353045,113.1,2026-08-05,16:26:00,2026-08-05 16:26:00
IND-USR-020,21.185015,81.350252,823.7,2026-08-05,16:37:00,2026-08-05 16:37:00
IND-USR-020,21.194372,81.354298,415.8,2026-08-05,16:46:00,2026-08-05 16:46:00
IND-USR-020,21.196571,81.35323,380.6,2026-08-05,17:06:00,2026-08-05 17:06:00
IND-USR-020,21.1906,81.343268,679.1,2026-08-05,17:18:00,2026-08-05 17:18:00
IND-USR-020,21.192228,81.354907,368.7,2026-08-05,17:32:00,2026-08-05 17:32:00
IND-USR-020,21.199374,81.353742,208.5,2026-08-05,17:51:00,2026-08-05 17:51:00
IND-USR-020,21.195517,81.352419,456.4,2026-08-05,17:58:00,2026-08-05 17:58:00
IND-USR-020,21.191576,81.35038,532.1,2026-08-05,18:06:00,2026-08-05 18:06:00
IND-USR-020,21.200476,81.34713,799.6,2026-08-05,18:19:00,2026-08-05 18:19:00
IND-USR-020,21.200259,81.349612,281.2,2026-08-05,18:25:00,2026-08-05 18:25:00
IND-USR-020,21.199102,81.345273,136.2,2026-08-05,18:31:00,2026-08-05 18:31:00
IND-USR-020,21.196144,81.347953,619.5,2026-08-05,18:35:00,2026-08-05 18:35:00
IND-USR-020,21.188139,81.351774,688.1,2026-08-05,18:41:00,2026-08-05 18:41:00
IND-USR-020,21.197838,81.34752,628.5,2026-08-05,18:58:00,2026-08-05 18:58:00
IND-USR-020,21.245404,81.629233,89.6,2026-08-05,19:04:00,2026-08-05 19:04:00
IND-USR-020,21.25105,81.631793,818.5,2026-08-05,19:19:00,2026-08-05 19:19:00
IND-USR-020,21.255198,81.629362,595.9,2026-08-05,19:34:00,2026-08-05 19:34:00
IND-USR-020,21.258822,81.630497,488.9,2026-08-05,19:50:00,2026-08-05 19:50:00
IND-USR-020,21.250014,81.623154,780.9,2026-08-05,20:09:00,2026-08-05 20:09:00
IND-USR-020,21.250349,81.628254,344.0,2026-08-05,20:23:00,2026-08-05 20:23:00
IND-USR-020,21.255241,81.63145,409.3,2026-08-05,20:30:00,2026-08-05 20:30:00
IND-USR-020,21.246683,81.630289,553.3,2026-08-05,20:32:00,2026-08-05 20:32:00
IND-USR-020,21.254086,81.635712,679.4,2026-08-05,20:41:00,2026-08-05 20:41:00
IND-USR-020,21.25495,81.632643,396.2,2026-08-05,20:51:00,2026-08-05 20:51:00
IND-USR-020,21.25164,81.631153,551.8,2026-08-05,21:10:00,2026-08-05 21:10:00
IND-USR-020,21.256398,81.624269,929.5,2026-08-05,21:13:00,2026-08-05 21:13:00
IND-USR-020,21.250002,81.62651,464.3,2026-08-05,21:33:00,2026-08-05 21:33:00
IND-USR-020,21.252917,81.634521,116.4,2026-08-05,21:46:00,2026-08-05 21:46:00
IND-USR-020,21.249012,81.620039,914.0,2026-08-05,22:03:00,2026-08-05 22:03:00
IND-USR-020,21.249751,81.633254,143.6,2026-08-05,22:07:00,2026-08-05 22:07:00
IND-USR-020,21.253551,81.631313,934.6,2026-08-05,22:25:00,2026-08-05 22:25:00
IND-USR-020,21.25028,81.624484,447.0,2026-08-05,22:35:00,2026-08-05 22:35:00
IND-USR-020,21.253461,81.626263,502.0,2026-08-05,22:39:00,2026-08-05 22:39:00
IND-USR-020,21.260136,81.631882,240.5,2026-08-05,22:43:00,2026-08-05 22:43:00
IND-USR-020,21.249077,81.627154,653.0,2026-08-05,22:47:00,2026-08-05 22:47:00
IND-USR-020,21.251028,81.628642,760.2,2026-08-05,23:06:00,2026-08-05 23:06:00
IND-USR-020,21.255867,81.630346,586.3,2026-08-05,23:17:00,2026-08-05 23:17:00
IND-USR-020,21.248473,81.637162,512.9,2026-08-05,23:29:00,2026-08-05 23:29:00
IND-USR-020,21.251597,81.632675,450.7,2026-08-05,23:31:00,2026-08-05 23:31:00
IND-USR-020,21.248967,81.631052,861.7,2026-08-05,23:49:00,2026-08-05 23:49:00
IND-USR-020,21.252644,81.622041,699.8,2026-08-06,00:09:00,2026-08-06 00:09:00
IND-USR-020,21.259461,81.634763,341.7,2026-08-06,00:24:00,2026-08-06 00:24:00
IND-USR-020,21.249811,81.625191,281.9,2026-08-06,00:35:00,2026-08-06 00:35:00
IND-USR-020,21.25279,81.629947,663.3,2026-08-06,00:38:00,2026-08-06 00:38:00
IND-USR-020,21.252823,81.630366,693.4,2026-08-06,00:49:00,2026-08-06 00:49:00
IND-USR-021,15.500925,73.833589,601.5,2026-08-10,06:03:00,2026-08-10 06:03:00
IND-USR-021,15.501172,73.823601,168.9,2026-08-10,06:23:00,2026-08-10 06:23:00
IND-USR-021,15.50435,73.834362,626.9,2026-08-10,06:26:00,2026-08-10 06:26:00
IND-USR-021,15.511508,73.823306,770.4,2026-08-10,06:37:00,2026-08-10 06:37:00
IND-USR-021,15.499872,73.819472,279.6,2026-08-10,06:39:00,2026-08-10 06:39:00
IND-USR-021,15.501113,73.825607,129.2,2026-08-10,06:43:00,2026-08-10 06:43:00
IND-USR-021,15.506594,73.824702,810.4,2026-08-10,06:47:00,2026-08-10 06:47:00
IND-USR-021,15.492143,73.825915,246.9,2026-08-10,06:57:00,2026-08-10 06:57:00
IND-USR-021,15.490998,73.830804,268.7,2026-08-10,07:07:00,2026-08-10 07:07:00
IND-USR-021,15.49064,73.827914,23.4,2026-08-10,07:17:00,2026-08-10 07:17:00
IND-USR-021,15.490589,73.826519,577.6,2026-08-10,07:22:00,2026-08-10 07:22:00
IND-USR-021,15.505474,73.829243,704.6,2026-08-10,07:42:00,2026-08-10 07:42:00
IND-USR-021,15.495446,73.827675,357.6,2026-08-10,07:58:00,2026-08-10 07:58:00
IND-USR-021,15.273672,73.960091,255.6,2026-08-10,08:05:00,2026-08-10 08:05:00
IND-USR-021,15.268133,73.96057,465.8,2026-08-10,08:14:00,2026-08-10 08:14:00
IND-USR-021,15.262782,73.95568,820.3,2026-08-10,08:32:00,2026-08-10 08:32:00
IND-USR-021,15.271647,73.960733,935.0,2026-08-10,08:44:00,2026-08-10 08:44:00
IND-USR-021,15.273691,73.952578,569.8,2026-08-10,08:50:00,2026-08-10 08:50:00
IND-USR-021,15.26966,73.958995,797.4,2026-08-10,08:56:00,2026-08-10 08:56:00
IND-USR-021,15.273284,73.955884,734.1,2026-08-10,09:11:00,2026-08-10 09:11:00
IND-USR-021,15.271677,73.960985,631.0,2026-08-10,09:20:00,2026-08-10 09:20:00
IND-USR-021,15.271529,73.957848,208.2,2026-08-10,09:27:00,2026-08-10 09:27:00
IND-USR-021,15.28228,73.952505,61.1,2026-08-10,09:40:00,2026-08-10 09:40:00
IND-USR-021,15.266193,73.961334,720.2,2026-08-10,09:50:00,2026-08-10 09:50:00
IND-USR-021,15.270885,73.956927,59.4,2026-08-10,09:55:00,2026-08-10 09:55:00
IND-USR-021,15.270475,73.957161,384.8,2026-08-10,10:11:00,2026-08-10 10:11:00
IND-USR-021,15.279994,73.961409,457.7,2026-08-10,10:22:00,2026-08-10 10:22:00
IND-USR-021,15.277049,73.952535,229.6,2026-08-10,10:41:00,2026-08-10 10:41:00
IND-USR-021,15.268995,73.946844,456.1,2026-08-10,10:55:00,2026-08-10 10:55:00
IND-USR-021,15.270362,73.962027,508.6,2026-08-10,11:01:00,2026-08-10 11:01:00
IND-USR-021,15.275668,73.957314,21.2,2026-08-10,11:16:00,2026-08-10 11:16:00
IND-USR-021,15.273511,73.955444,369.1,2026-08-10,11:32:00,2026-08-10 11:32:00
IND-USR-021,15.274419,73.961264,914.1,2026-08-10,11:44:00,2026-08-10 11:44:00
IND-USR-021,15.267136,73.959399,101.5,2026-08-10,11:47:00,2026-08-10 11:47:00
IND-USR-021,15.27733,73.95654,609.2,2026-08-10,12:06:00,2026-08-10 12:06:00
IND-USR-021,15.276403,73.969459,583.9,2026-08-10,12:21:00,2026-08-10 12:21:00
IND-USR-021,15.273183,73.959773,324.9,2026-08-10,12:31:00,2026-08-10 12:31:00
IND-USR-021,15.270648,73.958925,764.2,2026-08-10,12:41:00,2026-08-10 12:41:00
IND-USR-021,15.275441,73.958979,625.1,2026-08-10,12:51:00,2026-08-10 12:51:00
IND-USR-021,15.269521,73.959025,443.4,2026-08-10,13:05:00,2026-08-10 13:05:00
IND-USR-021,15.279449,73.959995,700.3,2026-08-10,13:14:00,2026-08-10 13:14:00
IND-USR-021,15.277448,73.957252,734.3,2026-08-10,13:34:00,2026-08-10 13:34:00
IND-USR-021,15.2766,73.959317,327.2,2026-08-10,13:52:00,2026-08-10 13:52:00
IND-USR-021,15.269796,73.959474,304.5,2026-08-10,13:59:00,2026-08-10 13:59:00
IND-USR-021,15.269633,73.955668,642.4,2026-08-10,14:01:00,2026-08-10 14:01:00
IND-USR-021,15.274357,73.959389,21.2,2026-08-10,14:05:00,2026-08-10 14:05:00
IND-USR-021,15.268843,73.962416,503.7,2026-08-10,14:10:00,2026-08-10 14:10:00
IND-USR-021,15.275888,73.955381,340.4,2026-08-10,14:26:00,2026-08-10 14:26:00
IND-USR-021,15.26745,73.95762,246.8,2026-08-10,14:37:00,2026-08-10 14:37:00
IND-USR-021,15.271816,73.958653,32.3,2026-08-10,14:40:00,2026-08-10 14:40:00
IND-USR-021,15.272148,73.95017,63.5,2026-08-10,14:44:00,2026-08-10 14:44:00
IND-USR-021,15.272047,73.956978,903.5,2026-08-10,14:52:00,2026-08-10 14:52:00
IND-USR-021,15.276135,73.955407,675.6,2026-08-10,14:57:00,2026-08-10 14:57:00
IND-USR-021,15.280315,73.950553,91.2,2026-08-10,15:02:00,2026-08-10 15:02:00
IND-USR-021,15.278845,73.957303,363.4,2026-08-10,15:08:00,2026-08-10 15:08:00
IND-USR-021,15.277038,73.958519,765.0,2026-08-10,15:28:00,2026-08-10 15:28:00
IND-USR-021,15.278158,73.956651,852.2,2026-08-10,15:35:00,2026-08-10 15:35:00
IND-USR-021,15.269206,73.963882,248.1,2026-08-10,15:42:00,2026-08-10 15:42:00
IND-USR-021,15.273146,73.959086,630.8,2026-08-10,15:58:00,2026-08-10 15:58:00
IND-USR-021,15.278539,73.954072,610.5,2026-08-10,16:02:00,2026-08-10 16:02:00
IND-USR-021,15.275982,73.95584,733.2,2026-08-10,16:12:00,2026-08-10 16:12:00
IND-USR-021,15.273071,73.958489,251.9,2026-08-10,16:24:00,2026-08-10 16:24:00
IND-USR-021,15.267599,73.955085,270.7,2026-08-10,16:28:00,2026-08-10 16:28:00
IND-USR-021,15.279004,73.961745,369.8,2026-08-10,16:31:00,2026-08-10 16:31:00
IND-USR-021,15.273349,73.959172,946.2,2026-08-10,16:43:00,2026-08-10 16:43:00
IND-USR-021,15.272423,73.963626,908.3,2026-08-10,16:53:00,2026-08-10 16:53:00
IND-USR-021,15.272799,73.959127,177.3,2026-08-10,17:03:00,2026-08-10 17:03:00
IND-USR-021,15.278184,73.955091,472.2,2026-08-10,17:07:00,2026-08-10 17:07:00
IND-USR-021,15.279835,73.952078,583.7,2026-08-10,17:15:00,2026-08-10 17:15:00
IND-USR-021,15.280119,73.956709,616.8,2026-08-10,17:22:00,2026-08-10 17:22:00
IND-USR-021,15.272629,73.95064,145.2,2026-08-10,17:27:00,2026-08-10 17:27:00
IND-USR-021,15.271781,73.954041,215.3,2026-08-10,17:42:00,2026-08-10 17:42:00
IND-USR-021,15.271169,73.957651,867.9,2026-08-10,17:47:00,2026-08-10 17:47:00
IND-USR-021,15.277431,73.95903,107.1,2026-08-10,17:57:00,2026-08-10 17:57:00
IND-USR-021,15.274831,73.953818,76.2,2026-08-10,18:01:00,2026-08-10 18:01:00
IND-USR-021,15.270077,73.965395,740.6,2026-08-10,18:11:00,2026-08-10 18:11:00
IND-USR-021,15.270659,73.964825,852.7,2026-08-10,18:13:00,2026-08-10 18:13:00
IND-USR-021,15.272628,73.958209,623.7,2026-08-10,18:19:00,2026-08-10 18:19:00
IND-USR-021,15.277881,73.963288,886.9,2026-08-10,18:21:00,2026-08-10 18:21:00
IND-USR-021,15.273157,73.956647,260.5,2026-08-10,18:35:00,2026-08-10 18:35:00
IND-USR-021,15.273376,73.959552,860.3,2026-08-10,18:47:00,2026-08-10 18:47:00
IND-USR-021,15.502465,73.827817,13.5,2026-08-10,19:07:00,2026-08-10 19:07:00
IND-USR-021,15.501376,73.834353,459.5,2026-08-10,19:24:00,2026-08-10 19:24:00
IND-USR-021,15.500425,73.829047,803.4,2026-08-10,19:38:00,2026-08-10 19:38:00
IND-USR-021,15.492824,73.817277,517.7,2026-08-10,19:42:00,2026-08-10 19:42:00
IND-USR-021,15.500454,73.827421,371.4,2026-08-10,19:44:00,2026-08-10 19:44:00
IND-USR-021,15.496841,73.828774,123.9,2026-08-10,20:01:00,2026-08-10 20:01:00
IND-USR-021,15.498658,73.832311,888.9,2026-08-10,20:20:00,2026-08-10 20:20:00
IND-USR-021,15.499244,73.824812,323.4,2026-08-10,20:33:00,2026-08-10 20:33:00
IND-USR-021,15.502861,73.826931,386.6,2026-08-10,20:44:00,2026-08-10 20:44:00
IND-USR-021,15.501006,73.82589,353.4,2026-08-10,20:48:00,2026-08-10 20:48:00
IND-USR-021,15.496301,73.828137,85.6,2026-08-10,21:00:00,2026-08-10 21:00:00
IND-USR-021,15.498951,73.829719,724.8,2026-08-10,21:16:00,2026-08-10 21:16:00
IND-USR-021,15.497825,73.820455,618.9,2026-08-10,21:27:00,2026-08-10 21:27:00
IND-USR-021,15.497169,73.830975,531.2,2026-08-10,21:34:00,2026-08-10 21:34:00
IND-USR-021,15.49771,73.826814,631.1,2026-08-10,21:48:00,2026-08-10 21:48:00
IND-USR-022,15.502846,73.824952,602.8,2026-08-05,06:05:00,2026-08-05 06:05:00
IND-USR-022,15.492729,73.827157,467.3,2026-08-05,06:18:00,2026-08-05 06:18:00
IND-USR-022,15.496963,73.823935,701.2,2026-08-05,06:34:00,2026-08-05 06:34:00
IND-USR-022,15.498198,73.829766,43.6,2026-08-05,06:40:00,2026-08-05 06:40:00
IND-USR-022,15.498863,73.829028,686.6,2026-08-05,06:42:00,2026-08-05 06:42:00
IND-USR-022,15.506154,73.826428,234.2,2026-08-05,07:02:00,2026-08-05 07:02:00
IND-USR-022,15.500013,73.825763,69.2,2026-08-05,07:16:00,2026-08-05 07:16:00
IND-USR-022,15.495515,73.82546,614.8,2026-08-05,07:35:00,2026-08-05 07:35:00
IND-USR-022,15.496985,73.829238,511.9,2026-08-05,07:52:00,2026-08-05 07:52:00
IND-USR-022,15.282996,73.955336,918.6,2026-08-05,08:08:00,2026-08-05 08:08:00
IND-USR-022,15.271933,73.957948,44.8,2026-08-05,08:10:00,2026-08-05 08:10:00
IND-USR-022,15.275183,73.959254,327.5,2026-08-05,08:13:00,2026-08-05 08:13:00
IND-USR-022,15.278736,73.948494,391.2,2026-08-05,08:16:00,2026-08-05 08:16:00
IND-USR-022,15.264052,73.956216,768.7,2026-08-05,08:24:00,2026-08-05 08:24:00
IND-USR-022,15.277989,73.951937,440.9,2026-08-05,08:42:00,2026-08-05 08:42:00
IND-USR-022,15.261569,73.960485,150.0,2026-08-05,09:01:00,2026-08-05 09:01:00
IND-USR-022,15.274575,73.953839,229.0,2026-08-05,09:21:00,2026-08-05 09:21:00
IND-USR-022,15.269658,73.954321,44.7,2026-08-05,09:25:00,2026-08-05 09:25:00
IND-USR-022,15.274042,73.955695,469.6,2026-08-05,09:31:00,2026-08-05 09:31:00
IND-USR-022,15.275576,73.946781,452.9,2026-08-05,09:33:00,2026-08-05 09:33:00
IND-USR-022,15.270173,73.953696,238.1,2026-08-05,09:36:00,2026-08-05 09:36:00
IND-USR-022,15.272575,73.956048,23.5,2026-08-05,09:42:00,2026-08-05 09:42:00
IND-USR-022,15.276791,73.950763,860.4,2026-08-05,09:45:00,2026-08-05 09:45:00
IND-USR-022,15.273782,73.960433,438.8,2026-08-05,09:50:00,2026-08-05 09:50:00
IND-USR-022,15.281027,73.956273,795.2,2026-08-05,09:57:00,2026-08-05 09:57:00
IND-USR-022,15.274898,73.950985,778.7,2026-08-05,10:01:00,2026-08-05 10:01:00
IND-USR-022,15.264032,73.961579,117.3,2026-08-05,10:06:00,2026-08-05 10:06:00
IND-USR-022,15.273578,73.962914,69.3,2026-08-05,10:15:00,2026-08-05 10:15:00
IND-USR-022,15.268106,73.96028,410.6,2026-08-05,10:23:00,2026-08-05 10:23:00
IND-USR-022,15.281075,73.959879,314.8,2026-08-05,10:37:00,2026-08-05 10:37:00
IND-USR-022,15.274706,73.958234,523.1,2026-08-05,10:57:00,2026-08-05 10:57:00
IND-USR-022,15.267316,73.963622,796.2,2026-08-05,11:09:00,2026-08-05 11:09:00
IND-USR-022,15.271157,73.960218,728.4,2026-08-05,11:17:00,2026-08-05 11:17:00
IND-USR-022,15.267348,73.953482,173.0,2026-08-05,11:37:00,2026-08-05 11:37:00
IND-USR-022,15.27934,73.956811,123.5,2026-08-05,11:41:00,2026-08-05 11:41:00
IND-USR-022,15.279413,73.957887,722.1,2026-08-05,11:47:00,2026-08-05 11:47:00
IND-USR-022,15.266232,73.961768,664.5,2026-08-05,11:54:00,2026-08-05 11:54:00
IND-USR-022,15.27124,73.960995,165.1,2026-08-05,12:13:00,2026-08-05 12:13:00
IND-USR-022,15.273701,73.952028,880.1,2026-08-05,12:22:00,2026-08-05 12:22:00
IND-USR-022,15.274257,73.966985,135.4,2026-08-05,12:25:00,2026-08-05 12:25:00
IND-USR-022,15.275572,73.95797,741.0,2026-08-05,12:39:00,2026-08-05 12:39:00
IND-USR-022,15.277901,73.959043,836.8,2026-08-05,12:41:00,2026-08-05 12:41:00
IND-USR-022,15.274438,73.953833,16.0,2026-08-05,12:45:00,2026-08-05 12:45:00
IND-USR-022,15.274535,73.962342,880.6,2026-08-05,12:52:00,2026-08-05 12:52:00
IND-USR-022,15.270256,73.963898,843.7,2026-08-05,13:12:00,2026-08-05 13:12:00
IND-USR-022,15.273233,73.954649,661.9,2026-08-05,13:27:00,2026-08-05 13:27:00
IND-USR-022,15.277591,73.957053,660.8,2026-08-05,13:44:00,2026-08-05 13:44:00
IND-USR-022,15.276638,73.957033,144.5,2026-08-05,13:52:00,2026-08-05 13:52:00
IND-USR-022,15.273361,73.960174,501.7,2026-08-05,14:02:00,2026-08-05 14:02:00
IND-USR-022,15.274764,73.950218,234.9,2026-08-05,14:17:00,2026-08-05 14:17:00
IND-USR-022,15.269115,73.961918,583.9,2026-08-05,14:24:00,2026-08-05 14:24:00
IND-USR-022,15.273071,73.956105,570.5,2026-08-05,14:27:00,2026-08-05 14:27:00
IND-USR-022,15.268166,73.953881,585.3,2026-08-05,14:44:00,2026-08-05 14:44:00
IND-USR-022,15.265513,73.957795,599.6,2026-08-05,14:48:00,2026-08-05 14:48:00
IND-USR-022,15.271206,73.954334,337.0,2026-08-05,14:59:00,2026-08-05 14:59:00
IND-USR-022,15.273328,73.959656,534.2,2026-08-05,15:01:00,2026-08-05 15:01:00
IND-USR-022,15.281973,73.952152,120.5,2026-08-05,15:09:00,2026-08-05 15:09:00
IND-USR-022,15.278238,73.962092,928.2,2026-08-05,15:27:00,2026-08-05 15:27:00
IND-USR-022,15.270484,73.959013,821.0,2026-08-05,15:40:00,2026-08-05 15:40:00
IND-USR-022,15.271769,73.958943,487.1,2026-08-05,15:59:00,2026-08-05 15:59:00
IND-USR-022,15.279637,73.960622,734.1,2026-08-05,16:15:00,2026-08-05 16:15:00
IND-USR-022,15.275634,73.956479,269.8,2026-08-05,16:23:00,2026-08-05 16:23:00
IND-USR-022,15.267664,73.957366,115.9,2026-08-05,16:31:00,2026-08-05 16:31:00
IND-USR-022,15.278426,73.952091,654.1,2026-08-05,16:37:00,2026-08-05 16:37:00
IND-USR-022,15.26938,73.958705,477.7,2026-08-05,16:54:00,2026-08-05 16:54:00
IND-USR-022,15.269661,73.95503,639.9,2026-08-05,17:01:00,2026-08-05 17:01:00
IND-USR-022,15.271906,73.952738,60.8,2026-08-05,17:04:00,2026-08-05 17:04:00
IND-USR-022,15.269704,73.961014,278.0,2026-08-05,17:17:00,2026-08-05 17:17:00
IND-USR-022,15.268371,73.951809,246.3,2026-08-05,17:32:00,2026-08-05 17:32:00
IND-USR-022,15.27108,73.961128,50.7,2026-08-05,17:48:00,2026-08-05 17:48:00
IND-USR-022,15.272812,73.956342,879.4,2026-08-05,17:51:00,2026-08-05 17:51:00
IND-USR-022,15.273777,73.951217,158.6,2026-08-05,17:58:00,2026-08-05 17:58:00
IND-USR-022,15.275579,73.959734,466.0,2026-08-05,18:00:00,2026-08-05 18:00:00
IND-USR-022,15.271963,73.962224,76.6,2026-08-05,18:05:00,2026-08-05 18:05:00
IND-USR-022,15.26909,73.962712,688.1,2026-08-05,18:14:00,2026-08-05 18:14:00
IND-USR-022,15.274218,73.956854,555.0,2026-08-05,18:34:00,2026-08-05 18:34:00
IND-USR-022,15.273521,73.957771,196.8,2026-08-05,18:49:00,2026-08-05 18:49:00
IND-USR-022,15.503781,73.823493,226.3,2026-08-05,19:01:00,2026-08-05 19:01:00
IND-USR-022,15.49585,73.831945,316.6,2026-08-05,19:06:00,2026-08-05 19:06:00
IND-USR-022,15.496518,73.831402,232.9,2026-08-05,19:11:00,2026-08-05 19:11:00
IND-USR-022,15.505698,73.826193,827.7,2026-08-05,19:26:00,2026-08-05 19:26:00
IND-USR-022,15.501625,73.823185,847.9,2026-08-05,19:40:00,2026-08-05 19:40:00
IND-USR-022,15.501919,73.828598,452.7,2026-08-05,19:44:00,2026-08-05 19:44:00
IND-USR-022,15.500792,73.825218,61.1,2026-08-05,20:01:00,2026-08-05 20:01:00
IND-USR-022,15.492256,73.829813,146.2,2026-08-05,20:16:00,2026-08-05 20:16:00
IND-USR-022,15.490646,73.826531,177.4,2026-08-05,20:32:00,2026-08-05 20:32:00
IND-USR-022,15.502665,73.828568,138.2,2026-08-05,20:45:00,2026-08-05 20:45:00
IND-USR-022,15.506693,73.8319,604.1,2026-08-05,20:53:00,2026-08-05 20:53:00
IND-USR-022,15.496284,73.827909,200.1,2026-08-05,21:03:00,2026-08-05 21:03:00
IND-USR-022,15.498711,73.821471,40.2,2026-08-05,21:09:00,2026-08-05 21:09:00
IND-USR-022,15.495138,73.825557,66.1,2026-08-05,21:29:00,2026-08-05 21:29:00
IND-USR-022,15.490755,73.82799,114.4,2026-08-05,21:35:00,2026-08-05 21:35:00
IND-USR-022,15.497904,73.821108,441.1,2026-08-05,21:51:00,2026-08-05 21:51:00
IND-USR-022,15.500517,73.830663,724.7,2026-08-05,21:58:00,2026-08-05 21:58:00
IND-USR-022,15.499808,73.826504,843.2,2026-08-05,22:07:00,2026-08-05 22:07:00
IND-USR-022,15.501266,73.830521,752.2,2026-08-05,22:14:00,2026-08-05 22:14:00
IND-USR-022,15.50013,73.824502,553.4,2026-08-05,22:21:00,2026-08-05 22:21:00
IND-USR-022,15.500006,73.832582,813.7,2026-08-05,22:40:00,2026-08-05 22:40:00
IND-USR-022,15.496513,73.836192,397.0,2026-08-05,22:44:00,2026-08-05 22:44:00
IND-USR-022,15.496797,73.82793,469.9,2026-08-05,23:02:00,2026-08-05 23:02:00
IND-USR-022,15.49621,73.828693,566.1,2026-08-05,23:10:00,2026-08-05 23:10:00
IND-USR-022,15.491931,73.825616,272.4,2026-08-05,23:26:00,2026-08-05 23:26:00
IND-USR-022,15.494532,73.828341,702.0,2026-08-05,23:41:00,2026-08-05 23:41:00
IND-USR-022,15.502878,73.830384,243.0,2026-08-05,23:50:00,2026-08-05 23:50:00
IND-USR-023,15.489413,73.835968,848.3,2026-08-07,06:09:00,2026-08-07 06:09:00
IND-USR-023,15.500081,73.824694,899.5,2026-08-07,06:29:00,2026-08-07 06:29:00
IND-USR-023,15.499529,73.828505,854.4,2026-08-07,06:49:00,2026-08-07 06:49:00
IND-USR-023,15.496233,73.828592,931.4,2026-08-07,07:04:00,2026-08-07 07:04:00
IND-USR-023,15.49647,73.826183,941.8,2026-08-07,07:07:00,2026-08-07 07:07:00
IND-USR-023,15.496155,73.822069,41.6,2026-08-07,07:25:00,2026-08-07 07:25:00
IND-USR-023,15.499483,73.830141,380.7,2026-08-07,07:43:00,2026-08-07 07:43:00
IND-USR-023,15.50096,73.83108,435.3,2026-08-07,07:48:00,2026-08-07 07:48:00
IND-USR-023,15.500197,73.825669,88.1,2026-08-07,07:57:00,2026-08-07 07:57:00
IND-USR-023,15.502259,73.82237,661.6,2026-08-07,07:59:00,2026-08-07 07:59:00
IND-USR-023,15.269997,73.954343,902.9,2026-08-07,08:14:00,2026-08-07 08:14:00
IND-USR-023,15.27792,73.961971,346.9,2026-08-07,08:20:00,2026-08-07 08:20:00
IND-USR-023,15.275549,73.962488,618.8,2026-08-07,08:29:00,2026-08-07 08:29:00
IND-USR-023,15.270083,73.959594,25.0,2026-08-07,08:33:00,2026-08-07 08:33:00
IND-USR-023,15.273099,73.961588,162.1,2026-08-07,08:44:00,2026-08-07 08:44:00
IND-USR-023,15.273139,73.95666,816.4,2026-08-07,09:00:00,2026-08-07 09:00:00
IND-USR-023,15.275764,73.961705,32.9,2026-08-07,09:20:00,2026-08-07 09:20:00
IND-USR-023,15.270927,73.957956,445.9,2026-08-07,09:36:00,2026-08-07 09:36:00
IND-USR-023,15.269366,73.948208,831.7,2026-08-07,09:42:00,2026-08-07 09:42:00
IND-USR-023,15.274402,73.960636,183.8,2026-08-07,09:56:00,2026-08-07 09:56:00
IND-USR-023,15.274648,73.950402,599.2,2026-08-07,10:09:00,2026-08-07 10:09:00
IND-USR-023,15.272197,73.949327,818.8,2026-08-07,10:11:00,2026-08-07 10:11:00
IND-USR-023,15.279079,73.953856,371.8,2026-08-07,10:15:00,2026-08-07 10:15:00
IND-USR-023,15.278622,73.961983,509.1,2026-08-07,10:27:00,2026-08-07 10:27:00
IND-USR-023,15.269998,73.953669,410.3,2026-08-07,10:38:00,2026-08-07 10:38:00
IND-USR-023,15.275001,73.954823,666.2,2026-08-07,10:48:00,2026-08-07 10:48:00
IND-USR-023,15.27401,73.956269,550.7,2026-08-07,11:07:00,2026-08-07 11:07:00
IND-USR-023,15.266475,73.949278,750.4,2026-08-07,11:15:00,2026-08-07 11:15:00
IND-USR-023,15.274507,73.955954,593.2,2026-08-07,11:19:00,2026-08-07 11:19:00
IND-USR-023,15.271388,73.960983,701.6,2026-08-07,11:31:00,2026-08-07 11:31:00
IND-USR-023,15.278294,73.95711,493.9,2026-08-07,11:34:00,2026-08-07 11:34:00
IND-USR-023,15.272238,73.960201,844.7,2026-08-07,11:47:00,2026-08-07 11:47:00
IND-USR-023,15.268172,73.959093,370.0,2026-08-07,11:52:00,2026-08-07 11:52:00
IND-USR-023,15.275808,73.960921,592.0,2026-08-07,12:08:00,2026-08-07 12:08:00
IND-USR-023,15.265853,73.955155,354.4,2026-08-07,12:21:00,2026-08-07 12:21:00
IND-USR-023,15.270087,73.9586,672.6,2026-08-07,12:40:00,2026-08-07 12:40:00
IND-USR-023,15.275523,73.964187,676.8,2026-08-07,12:59:00,2026-08-07 12:59:00
IND-USR-023,15.27162,73.95621,140.1,2026-08-07,13:07:00,2026-08-07 13:07:00
IND-USR-023,15.278199,73.959386,234.3,2026-08-07,13:19:00,2026-08-07 13:19:00
IND-USR-023,15.278671,73.959355,620.1,2026-08-07,13:24:00,2026-08-07 13:24:00
IND-USR-023,15.268972,73.952867,828.9,2026-08-07,13:44:00,2026-08-07 13:44:00
IND-USR-023,15.267394,73.960848,718.0,2026-08-07,13:52:00,2026-08-07 13:52:00
IND-USR-023,15.278354,73.965597,311.2,2026-08-07,14:01:00,2026-08-07 14:01:00
IND-USR-023,15.276972,73.962851,483.4,2026-08-07,14:11:00,2026-08-07 14:11:00
IND-USR-023,15.27128,73.953574,270.5,2026-08-07,14:26:00,2026-08-07 14:26:00
IND-USR-023,15.277,73.959871,360.4,2026-08-07,14:30:00,2026-08-07 14:30:00
IND-USR-023,15.27403,73.959749,467.1,2026-08-07,14:46:00,2026-08-07 14:46:00
IND-USR-023,15.274893,73.963335,789.8,2026-08-07,15:04:00,2026-08-07 15:04:00
IND-USR-023,15.27878,73.960377,677.2,2026-08-07,15:21:00,2026-08-07 15:21:00
IND-USR-023,15.276983,73.960256,855.5,2026-08-07,15:40:00,2026-08-07 15:40:00
IND-USR-023,15.271755,73.961226,593.7,2026-08-07,15:56:00,2026-08-07 15:56:00
IND-USR-023,15.268022,73.962416,187.1,2026-08-07,16:00:00,2026-08-07 16:00:00
IND-USR-023,15.268822,73.959343,92.1,2026-08-07,16:16:00,2026-08-07 16:16:00
IND-USR-023,15.270219,73.960414,854.1,2026-08-07,16:30:00,2026-08-07 16:30:00
IND-USR-023,15.273464,73.951821,910.8,2026-08-07,16:41:00,2026-08-07 16:41:00
IND-USR-023,15.275283,73.955888,112.8,2026-08-07,16:45:00,2026-08-07 16:45:00
IND-USR-023,15.277125,73.958205,115.3,2026-08-07,16:55:00,2026-08-07 16:55:00
IND-USR-023,15.275182,73.95437,476.5,2026-08-07,17:01:00,2026-08-07 17:01:00
IND-USR-023,15.271243,73.956365,499.4,2026-08-07,17:09:00,2026-08-07 17:09:00
IND-USR-023,15.277027,73.96491,285.6,2026-08-07,17:11:00,2026-08-07 17:11:00
IND-USR-023,15.270379,73.962507,885.8,2026-08-07,17:30:00,2026-08-07 17:30:00
IND-USR-023,15.264921,73.953423,335.9,2026-08-07,17:47:00,2026-08-07 17:47:00
IND-USR-023,15.269765,73.95279,703.4,2026-08-07,18:03:00,2026-08-07 18:03:00
IND-USR-023,15.267266,73.959852,284.0,2026-08-07,18:05:00,2026-08-07 18:05:00
IND-USR-023,15.272744,73.959718,30.7,2026-08-07,18:09:00,2026-08-07 18:09:00
IND-USR-023,15.276362,73.959262,794.9,2026-08-07,18:18:00,2026-08-07 18:18:00
IND-USR-023,15.276231,73.957922,616.0,2026-08-07,18:36:00,2026-08-07 18:36:00
IND-USR-023,15.268852,73.962431,554.0,2026-08-07,18:51:00,2026-08-07 18:51:00
IND-USR-023,15.496544,73.824058,467.0,2026-08-07,19:03:00,2026-08-07 19:03:00
IND-USR-023,15.498188,73.824149,801.4,2026-08-07,19:21:00,2026-08-07 19:21:00
IND-USR-023,15.49723,73.829176,440.5,2026-08-07,19:37:00,2026-08-07 19:37:00
IND-USR-023,15.500293,73.824209,134.0,2026-08-07,19:57:00,2026-08-07 19:57:00
IND-USR-023,15.496949,73.832097,171.4,2026-08-07,20:08:00,2026-08-07 20:08:00
IND-USR-023,15.500886,73.8361,223.2,2026-08-07,20:18:00,2026-08-07 20:18:00
IND-USR-023,15.503621,73.832377,922.5,2026-08-07,20:31:00,2026-08-07 20:31:00
IND-USR-023,15.493349,73.830855,149.4,2026-08-07,20:34:00,2026-08-07 20:34:00
IND-USR-023,15.498688,73.825596,438.6,2026-08-07,20:45:00,2026-08-07 20:45:00
IND-USR-023,15.499572,73.831581,591.5,2026-08-07,20:52:00,2026-08-07 20:52:00
IND-USR-023,15.500903,73.824286,679.1,2026-08-07,20:59:00,2026-08-07 20:59:00
IND-USR-023,15.50187,73.82525,181.3,2026-08-07,21:10:00,2026-08-07 21:10:00
IND-USR-023,15.499767,73.826587,799.0,2026-08-07,21:17:00,2026-08-07 21:17:00
IND-USR-023,15.498025,73.830865,161.6,2026-08-07,21:23:00,2026-08-07 21:23:00
IND-USR-023,15.494739,73.835581,48.7,2026-08-07,21:28:00,2026-08-07 21:28:00
IND-USR-023,15.491616,73.825409,550.1,2026-08-07,21:40:00,2026-08-07 21:40:00
IND-USR-023,15.500381,73.830137,254.8,2026-08-07,21:56:00,2026-08-07 21:56:00
IND-USR-023,15.498498,73.82757,202.8,2026-08-07,22:03:00,2026-08-07 22:03:00
IND-USR-023,15.500542,73.826876,635.6,2026-08-07,22:06:00,2026-08-07 22:06:00
IND-USR-023,15.504473,73.831157,149.1,2026-08-07,22:19:00,2026-08-07 22:19:00
IND-USR-023,15.502391,73.823935,517.5,2026-08-07,22:35:00,2026-08-07 22:35:00
IND-USR-023,15.498582,73.826598,511.6,2026-08-07,22:42:00,2026-08-07 22:42:00
IND-USR-023,15.494878,73.829241,875.2,2026-08-07,22:47:00,2026-08-07 22:47:00
IND-USR-023,15.496749,73.830422,885.2,2026-08-07,23:01:00,2026-08-07 23:01:00
IND-USR-023,15.494619,73.834676,900.9,2026-08-07,23:07:00,2026-08-07 23:07:00
IND-USR-023,15.495315,73.828677,156.7,2026-08-07,23:19:00,2026-08-07 23:19:00
IND-USR-023,15.502067,73.825517,927.1,2026-08-07,23:38:00,2026-08-07 23:38:00
IND-USR-023,15.50231,73.822883,618.4,2026-08-07,23:50:00,2026-08-07 23:50:00
IND-USR-023,15.504708,73.827857,455.5,2026-08-08,00:01:00,2026-08-08 00:01:00
IND-USR-023,15.496514,73.826603,921.4,2026-08-08,00:12:00,2026-08-08 00:12:00
IND-USR-023,15.502136,73.825462,636.9,2026-08-08,00:32:00,2026-08-08 00:32:00
IND-USR-023,15.495903,73.826914,694.8,2026-08-08,00:52:00,2026-08-08 00:52:00
IND-USR-023,15.494192,73.835082,328.4,2026-08-08,01:08:00,2026-08-08 01:08:00
IND-USR-023,15.496634,73.831126,697.7,2026-08-08,01:13:00,2026-08-08 01:13:00
IND-USR-023,15.499738,73.823862,141.1,2026-08-08,01:16:00,2026-08-08 01:16:00
IND-USR-023,15.498876,73.830936,119.9,2026-08-08,01:35:00,2026-08-08 01:35:00
IND-USR-023,15.498147,73.832572,387.5,2026-08-08,01:37:00,2026-08-08 01:37:00
IND-USR-023,15.502986,73.831476,429.2,2026-08-08,01:46:00,2026-08-08 01:46:00
IND-USR-023,15.497061,73.823481,316.8,2026-08-08,01:50:00,2026-08-08 01:50:00
IND-USR-023,15.496446,73.828585,558.4,2026-08-08,01:58:00,2026-08-08 01:58:00
IND-USR-023,15.501083,73.819114,744.4,2026-08-08,02:07:00,2026-08-08 02:07:00
IND-USR-023,15.498868,73.828432,194.0,2026-08-08,02:17:00,2026-08-08 02:17:00
IND-USR-023,15.49779,73.832965,516.1,2026-08-08,02:21:00,2026-08-08 02:21:00
IND-USR-023,15.500587,73.833041,646.4,2026-08-08,02:37:00,2026-08-08 02:37:00
IND-USR-023,15.498036,73.83155,927.3,2026-08-08,02:41:00,2026-08-08 02:41:00
IND-USR-023,15.50544,73.833047,192.8,2026-08-08,02:55:00,2026-08-08 02:55:00
IND-USR-023,15.494531,73.826785,577.0,2026-08-08,03:07:00,2026-08-08 03:07:00
IND-USR-023,15.497519,73.829757,896.8,2026-08-08,03:25:00,2026-08-08 03:25:00
IND-USR-023,15.501645,73.824444,383.7,2026-08-08,03:38:00,2026-08-08 03:38:00
IND-USR-024,15.499171,73.81972,360.5,2026-08-07,06:14:00,2026-08-07 06:14:00
IND-USR-024,15.504668,73.825751,334.2,2026-08-07,06:25:00,2026-08-07 06:25:00
IND-USR-024,15.499123,73.826561,928.9,2026-08-07,06:36:00,2026-08-07 06:36:00
IND-USR-024,15.503484,73.81645,92.3,2026-08-07,06:55:00,2026-08-07 06:55:00
IND-USR-024,15.498834,73.827377,707.0,2026-08-07,07:11:00,2026-08-07 07:11:00
IND-USR-024,15.497085,73.834705,765.5,2026-08-07,07:26:00,2026-08-07 07:26:00
IND-USR-024,15.495351,73.830887,164.0,2026-08-07,07:37:00,2026-08-07 07:37:00
IND-USR-024,15.500325,73.832846,694.9,2026-08-07,07:52:00,2026-08-07 07:52:00
IND-USR-024,15.270931,73.955268,141.2,2026-08-07,08:07:00,2026-08-07 08:07:00
IND-USR-024,15.277984,73.959901,572.1,2026-08-07,08:27:00,2026-08-07 08:27:00
IND-USR-024,15.26742,73.956043,205.3,2026-08-07,08:33:00,2026-08-07 08:33:00
IND-USR-024,15.275146,73.961551,939.1,2026-08-07,08:50:00,2026-08-07 08:50:00
IND-USR-024,15.270883,73.946543,937.4,2026-08-07,09:08:00,2026-08-07 09:08:00
IND-USR-024,15.275693,73.953319,887.2,2026-08-07,09:12:00,2026-08-07 09:12:00
IND-USR-024,15.265531,73.946871,720.7,2026-08-07,09:32:00,2026-08-07 09:32:00
IND-USR-024,15.276856,73.958714,16.2,2026-08-07,09:36:00,2026-08-07 09:36:00
IND-USR-024,15.272697,73.963756,399.6,2026-08-07,09:46:00,2026-08-07 09:46:00
IND-USR-024,15.276149,73.964665,444.4,2026-08-07,10:05:00,2026-08-07 10:05:00
IND-USR-024,15.268029,73.958062,719.9,2026-08-07,10:25:00,2026-08-07 10:25:00
IND-USR-024,15.267133,73.957282,197.3,2026-08-07,10:31:00,2026-08-07 10:31:00
IND-USR-024,15.272606,73.960706,282.1,2026-08-07,10:45:00,2026-08-07 10:45:00
IND-USR-024,15.273782,73.960694,49.7,2026-08-07,11:02:00,2026-08-07 11:02:00
IND-USR-024,15.276414,73.96682,794.5,2026-08-07,11:13:00,2026-08-07 11:13:00
IND-USR-024,15.272339,73.954436,474.5,2026-08-07,11:24:00,2026-08-07 11:24:00
IND-USR-024,15.274584,73.954991,221.0,2026-08-07,11:40:00,2026-08-07 11:40:00
IND-USR-024,15.279528,73.957067,154.8,2026-08-07,11:42:00,2026-08-07 11:42:00
IND-USR-024,15.271338,73.956315,908.7,2026-08-07,11:53:00,2026-08-07 11:53:00
IND-USR-024,15.276474,73.957569,126.7,2026-08-07,12:10:00,2026-08-07 12:10:00
IND-USR-024,15.271033,73.964861,402.1,2026-08-07,12:21:00,2026-08-07 12:21:00
IND-USR-024,15.270175,73.958342,862.4,2026-08-07,12:38:00,2026-08-07 12:38:00
IND-USR-024,15.276209,73.951675,36.7,2026-08-07,12:47:00,2026-08-07 12:47:00
IND-USR-024,15.275521,73.95398,473.5,2026-08-07,12:57:00,2026-08-07 12:57:00
IND-USR-024,15.276891,73.954349,573.0,2026-08-07,13:01:00,2026-08-07 13:01:00
IND-USR-024,15.276371,73.962623,556.2,2026-08-07,13:14:00,2026-08-07 13:14:00
IND-USR-024,15.277046,73.959205,419.9,2026-08-07,13:34:00,2026-08-07 13:34:00
IND-USR-024,15.272675,73.955894,600.3,2026-08-07,13:44:00,2026-08-07 13:44:00
IND-USR-024,15.279484,73.955402,925.8,2026-08-07,14:01:00,2026-08-07 14:01:00
IND-USR-024,15.269452,73.960861,360.8,2026-08-07,14:06:00,2026-08-07 14:06:00
IND-USR-024,15.270415,73.9544,26.5,2026-08-07,14:26:00,2026-08-07 14:26:00
IND-USR-024,15.267826,73.956268,163.1,2026-08-07,14:36:00,2026-08-07 14:36:00
IND-USR-024,15.273269,73.959172,147.4,2026-08-07,14:39:00,2026-08-07 14:39:00
IND-USR-024,15.277405,73.960308,835.6,2026-08-07,14:55:00,2026-08-07 14:55:00
IND-USR-024,15.272837,73.957407,345.9,2026-08-07,15:01:00,2026-08-07 15:01:00
IND-USR-024,15.275641,73.96329,266.3,2026-08-07,15:04:00,2026-08-07 15:04:00
IND-USR-024,15.274105,73.956323,608.1,2026-08-07,15:19:00,2026-08-07 15:19:00
IND-USR-024,15.269629,73.952419,55.8,2026-08-07,15:32:00,2026-08-07 15:32:00
IND-USR-024,15.276265,73.960512,507.8,2026-08-07,15:43:00,2026-08-07 15:43:00
IND-USR-024,15.275909,73.957685,493.0,2026-08-07,15:47:00,2026-08-07 15:47:00
IND-USR-024,15.279228,73.956264,728.8,2026-08-07,15:54:00,2026-08-07 15:54:00
IND-USR-024,15.277421,73.958045,521.1,2026-08-07,16:01:00,2026-08-07 16:01:00
IND-USR-024,15.271167,73.96057,787.2,2026-08-07,16:13:00,2026-08-07 16:13:00
IND-USR-024,15.275239,73.959628,265.2,2026-08-07,16:24:00,2026-08-07 16:24:00
IND-USR-024,15.273925,73.958048,100.1,2026-08-07,16:37:00,2026-08-07 16:37:00
IND-USR-024,15.283153,73.962937,340.5,2026-08-07,16:57:00,2026-08-07 16:57:00
IND-USR-024,15.276491,73.958647,22.1,2026-08-07,17:03:00,2026-08-07 17:03:00
IND-USR-024,15.277629,73.960272,274.5,2026-08-07,17:21:00,2026-08-07 17:21:00
IND-USR-024,15.273705,73.956986,397.3,2026-08-07,17:38:00,2026-08-07 17:38:00
IND-USR-024,15.273276,73.945518,106.3,2026-08-07,17:45:00,2026-08-07 17:45:00
IND-USR-024,15.274442,73.956246,483.2,2026-08-07,17:51:00,2026-08-07 17:51:00
IND-USR-024,15.279971,73.958277,757.4,2026-08-07,17:59:00,2026-08-07 17:59:00
IND-USR-024,15.268844,73.958,586.6,2026-08-07,18:18:00,2026-08-07 18:18:00
IND-USR-024,15.269416,73.960094,805.3,2026-08-07,18:36:00,2026-08-07 18:36:00
IND-USR-024,15.274764,73.962031,670.1,2026-08-07,18:55:00,2026-08-07 18:55:00
IND-USR-024,15.495736,73.827936,402.3,2026-08-07,19:00:00,2026-08-07 19:00:00
IND-USR-024,15.49344,73.830606,119.6,2026-08-07,19:04:00,2026-08-07 19:04:00
IND-USR-024,15.500975,73.829783,878.0,2026-08-07,19:10:00,2026-08-07 19:10:00
IND-USR-024,15.498906,73.829459,337.3,2026-08-07,19:27:00,2026-08-07 19:27:00
IND-USR-024,15.505317,73.82666,140.7,2026-08-07,19:40:00,2026-08-07 19:40:00
IND-USR-024,15.499455,73.823455,846.3,2026-08-07,19:56:00,2026-08-07 19:56:00
IND-USR-024,15.495427,73.828191,727.8,2026-08-07,20:14:00,2026-08-07 20:14:00
IND-USR-024,15.503316,73.826775,171.9,2026-08-07,20:26:00,2026-08-07 20:26:00
IND-USR-024,15.497956,73.826172,37.0,2026-08-07,20:37:00,2026-08-07 20:37:00
IND-USR-024,15.496761,73.82898,219.0,2026-08-07,20:42:00,2026-08-07 20:42:00
IND-USR-024,15.492911,73.832924,656.8,2026-08-07,20:48:00,2026-08-07 20:48:00
IND-USR-024,15.496238,73.830688,127.8,2026-08-07,20:59:00,2026-08-07 20:59:00
IND-USR-024,15.49382,73.830475,932.2,2026-08-07,21:05:00,2026-08-07 21:05:00
IND-USR-024,15.501588,73.829337,659.4,2026-08-07,21:20:00,2026-08-07 21:20:00
IND-USR-024,15.494922,73.828798,83.1,2026-08-07,21:25:00,2026-08-07 21:25:00
IND-USR-024,15.494168,73.826789,721.9,2026-08-07,21:42:00,2026-08-07 21:42:00
IND-USR-024,15.503018,73.830987,194.6,2026-08-07,21:45:00,2026-08-07 21:45:00
IND-USR-024,15.498961,73.823901,755.5,2026-08-07,21:48:00,2026-08-07 21:48:00
IND-USR-024,15.501482,73.827878,567.6,2026-08-07,22:06:00,2026-08-07 22:06:00
IND-USR-024,15.489619,73.830931,121.8,2026-08-07,22:23:00,2026-08-07 22:23:00
IND-USR-024,15.498803,73.83261,50.7,2026-08-07,22:33:00,2026-08-07 22:33:00
IND-USR-024,15.494519,73.815093,637.5,2026-08-07,22:44:00,2026-08-07 22:44:00
IND-USR-024,15.500016,73.828966,745.4,2026-08-07,22:49:00,2026-08-07 22:49:00
IND-USR-024,15.492137,73.823886,562.3,2026-08-07,22:57:00,2026-08-07 22:57:00
IND-USR-024,15.509921,73.826578,183.7,2026-08-07,23:05:00,2026-08-07 23:05:00
IND-USR-024,15.501824,73.825197,37.5,2026-08-07,23:18:00,2026-08-07 23:18:00
IND-USR-024,15.490539,73.827119,805.1,2026-08-07,23:24:00,2026-08-07 23:24:00
IND-USR-024,15.497838,73.8262,901.9,2026-08-07,23:34:00,2026-08-07 23:34:00
IND-USR-024,15.498441,73.828857,341.1,2026-08-07,23:47:00,2026-08-07 23:47:00
IND-USR-024,15.4983,73.822744,744.0,2026-08-08,00:05:00,2026-08-08 00:05:00
IND-USR-024,15.500845,73.820003,484.6,2026-08-08,00:14:00,2026-08-08 00:14:00
IND-USR-024,15.490699,73.830757,103.2,2026-08-08,00:18:00,2026-08-08 00:18:00
IND-USR-024,15.500928,73.82757,727.4,2026-08-08,00:38:00,2026-08-08 00:38:00
IND-USR-024,15.493318,73.824968,214.0,2026-08-08,00:56:00,2026-08-08 00:56:00
IND-USR-024,15.497849,73.821416,916.4,2026-08-08,01:04:00,2026-08-08 01:04:00
IND-USR-024,15.495944,73.830409,857.6,2026-08-08,01:11:00,2026-08-08 01:11:00
IND-USR-024,15.504609,73.826122,14.1,2026-08-08,01:30:00,2026-08-08 01:30:00
IND-USR-024,15.501926,73.820144,878.8,2026-08-08,01:35:00,2026-08-08 01:35:00
IND-USR-024,15.501538,73.824584,810.2,2026-08-08,01:53:00,2026-08-08 01:53:00
IND-USR-024,15.500129,73.826809,354.5,2026-08-08,02:10:00,2026-08-08 02:10:00
IND-USR-025,23.027782,72.567902,643.1,2026-08-10,06:16:00,2026-08-10 06:16:00
IND-USR-025,23.02501,72.570282,180.0,2026-08-10,06:21:00,2026-08-10 06:21:00
IND-USR-025,23.021867,72.570665,932.4,2026-08-10,06:34:00,2026-08-10 06:34:00
IND-USR-025,23.019117,72.571344,211.4,2026-08-10,06:49:00,2026-08-10 06:49:00
IND-USR-025,23.022249,72.572365,393.1,2026-08-10,06:58:00,2026-08-10 06:58:00
IND-USR-025,23.022838,72.574592,126.2,2026-08-10,07:10:00,2026-08-10 07:10:00
IND-USR-025,23.026194,72.567198,498.5,2026-08-10,07:15:00,2026-08-10 07:15:00
IND-USR-025,23.025975,72.566655,726.5,2026-08-10,07:32:00,2026-08-10 07:32:00
IND-USR-025,23.024851,72.573879,533.7,2026-08-10,07:43:00,2026-08-10 07:43:00
IND-USR-025,23.014855,72.571772,87.3,2026-08-10,07:46:00,2026-08-10 07:46:00
IND-USR-025,21.168326,72.828065,118.8,2026-08-10,08:03:00,2026-08-10 08:03:00
IND-USR-025,21.175603,72.828485,439.5,2026-08-10,08:14:00,2026-08-10 08:14:00
IND-USR-025,21.166974,72.831403,655.8,2026-08-10,08:25:00,2026-08-10 08:25:00
IND-USR-025,21.172942,72.830533,222.3,2026-08-10,08:41:00,2026-08-10 08:41:00
IND-USR-025,21.174865,72.833224,283.2,2026-08-10,08:56:00,2026-08-10 08:56:00
IND-USR-025,21.161487,72.828982,187.5,2026-08-10,09:11:00,2026-08-10 09:11:00
IND-USR-025,21.167953,72.833017,851.1,2026-08-10,09:15:00,2026-08-10 09:15:00
IND-USR-025,21.159701,72.841296,892.7,2026-08-10,09:32:00,2026-08-10 09:32:00
IND-USR-025,21.172324,72.831696,178.5,2026-08-10,09:45:00,2026-08-10 09:45:00
IND-USR-025,21.174926,72.840475,641.8,2026-08-10,10:02:00,2026-08-10 10:02:00
IND-USR-025,21.173683,72.834895,421.8,2026-08-10,10:16:00,2026-08-10 10:16:00
IND-USR-025,21.170723,72.830534,122.1,2026-08-10,10:20:00,2026-08-10 10:20:00
IND-USR-025,21.168297,72.827796,386.6,2026-08-10,10:34:00,2026-08-10 10:34:00
IND-USR-025,21.167452,72.825698,928.9,2026-08-10,10:54:00,2026-08-10 10:54:00
IND-USR-025,21.169897,72.824361,70.8,2026-08-10,11:01:00,2026-08-10 11:01:00
IND-USR-025,21.170964,72.830955,328.3,2026-08-10,11:09:00,2026-08-10 11:09:00
IND-USR-025,21.170788,72.829011,125.4,2026-08-10,11:23:00,2026-08-10 11:23:00
IND-USR-025,21.182507,72.83654,691.7,2026-08-10,11:38:00,2026-08-10 11:38:00
IND-USR-025,21.165222,72.832031,728.9,2026-08-10,11:48:00,2026-08-10 11:48:00
IND-USR-025,21.167768,72.827042,568.0,2026-08-10,12:08:00,2026-08-10 12:08:00
IND-USR-025,21.16484,72.832829,344.7,2026-08-10,12:22:00,2026-08-10 12:22:00
IND-USR-025,21.167474,72.834971,938.3,2026-08-10,12:36:00,2026-08-10 12:36:00
IND-USR-025,21.174175,72.836596,272.2,2026-08-10,12:54:00,2026-08-10 12:54:00
IND-USR-025,21.16679,72.833001,111.6,2026-08-10,13:10:00,2026-08-10 13:10:00
IND-USR-025,21.17273,72.829203,470.0,2026-08-10,13:20:00,2026-08-10 13:20:00
IND-USR-025,21.167113,72.837538,600.7,2026-08-10,13:29:00,2026-08-10 13:29:00
IND-USR-025,21.17111,72.833644,37.9,2026-08-10,13:35:00,2026-08-10 13:35:00
IND-USR-025,21.166912,72.826223,790.5,2026-08-10,13:38:00,2026-08-10 13:38:00
IND-USR-025,21.167922,72.830604,647.4,2026-08-10,13:55:00,2026-08-10 13:55:00
IND-USR-025,21.165943,72.831061,369.7,2026-08-10,14:02:00,2026-08-10 14:02:00
IND-USR-025,21.163446,72.82662,153.6,2026-08-10,14:14:00,2026-08-10 14:14:00
IND-USR-025,21.172884,72.833515,724.6,2026-08-10,14:19:00,2026-08-10 14:19:00
IND-USR-025,21.168632,72.827029,731.5,2026-08-10,14:37:00,2026-08-10 14:37:00
IND-USR-025,21.16609,72.829607,199.8,2026-08-10,14:53:00,2026-08-10 14:53:00
IND-USR-025,21.172778,72.834813,470.8,2026-08-10,15:10:00,2026-08-10 15:10:00
IND-USR-025,21.168214,72.826486,519.9,2026-08-10,15:20:00,2026-08-10 15:20:00
IND-USR-025,21.171271,72.827806,523.8,2026-08-10,15:39:00,2026-08-10 15:39:00
IND-USR-025,21.168127,72.836401,941.3,2026-08-10,15:42:00,2026-08-10 15:42:00
IND-USR-025,21.173508,72.831732,370.6,2026-08-10,15:47:00,2026-08-10 15:47:00
IND-USR-025,21.165112,72.831946,811.7,2026-08-10,15:59:00,2026-08-10 15:59:00
IND-USR-025,21.174451,72.829597,442.1,2026-08-10,16:15:00,2026-08-10 16:15:00
IND-USR-025,21.175604,72.836271,176.3,2026-08-10,16:18:00,2026-08-10 16:18:00
IND-USR-025,21.176855,72.832321,841.6,2026-08-10,16:29:00,2026-08-10 16:29:00
IND-USR-025,21.17255,72.836757,472.0,2026-08-10,16:36:00,2026-08-10 16:36:00
IND-USR-025,21.17199,72.829095,303.7,2026-08-10,16:42:00,2026-08-10 16:42:00
IND-USR-025,21.168406,72.832054,468.2,2026-08-10,16:56:00,2026-08-10 16:56:00
IND-USR-025,21.165038,72.830527,544.7,2026-08-10,17:01:00,2026-08-10 17:01:00
IND-USR-025,21.174586,72.822335,630.5,2026-08-10,17:18:00,2026-08-10 17:18:00
IND-USR-025,21.176338,72.835589,547.9,2026-08-10,17:37:00,2026-08-10 17:37:00
IND-USR-025,21.168361,72.833274,538.5,2026-08-10,17:54:00,2026-08-10 17:54:00
IND-USR-025,21.170213,72.83602,486.3,2026-08-10,18:01:00,2026-08-10 18:01:00
IND-USR-025,21.174131,72.8255,257.6,2026-08-10,18:15:00,2026-08-10 18:15:00
IND-USR-025,21.172549,72.830277,922.6,2026-08-10,18:35:00,2026-08-10 18:35:00
IND-USR-025,21.170531,72.828187,730.5,2026-08-10,18:48:00,2026-08-10 18:48:00
IND-USR-025,21.177193,72.83526,311.3,2026-08-10,18:59:00,2026-08-10 18:59:00
IND-USR-025,23.019541,72.566062,565.0,2026-08-10,19:01:00,2026-08-10 19:01:00
IND-USR-025,23.020957,72.573138,796.7,2026-08-10,19:07:00,2026-08-10 19:07:00
IND-USR-025,23.023461,72.576413,771.0,2026-08-10,19:20:00,2026-08-10 19:20:00
IND-USR-025,23.02566,72.575278,35.3,2026-08-10,19:40:00,2026-08-10 19:40:00
IND-USR-025,23.023807,72.565843,367.7,2026-08-10,19:52:00,2026-08-10 19:52:00
IND-USR-025,23.021717,72.57564,334.4,2026-08-10,20:07:00,2026-08-10 20:07:00
IND-USR-025,23.022294,72.573412,397.2,2026-08-10,20:20:00,2026-08-10 20:20:00
IND-USR-025,23.021225,72.567281,631.6,2026-08-10,20:23:00,2026-08-10 20:23:00
IND-USR-025,23.022007,72.572636,230.5,2026-08-10,20:32:00,2026-08-10 20:32:00
IND-USR-025,23.019877,72.570457,567.0,2026-08-10,20:43:00,2026-08-10 20:43:00
IND-USR-025,23.018742,72.575877,826.8,2026-08-10,20:47:00,2026-08-10 20:47:00
IND-USR-025,23.021322,72.577211,327.3,2026-08-10,20:52:00,2026-08-10 20:52:00
IND-USR-025,23.028615,72.571076,516.1,2026-08-10,20:54:00,2026-08-10 20:54:00
IND-USR-025,23.018466,72.563056,443.3,2026-08-10,20:57:00,2026-08-10 20:57:00
IND-USR-025,23.016612,72.565905,544.0,2026-08-10,21:12:00,2026-08-10 21:12:00
IND-USR-025,23.028014,72.571863,260.6,2026-08-10,21:27:00,2026-08-10 21:27:00
IND-USR-025,23.024058,72.562518,562.7,2026-08-10,21:44:00,2026-08-10 21:44:00
IND-USR-025,23.017708,72.574948,365.1,2026-08-10,21:56:00,2026-08-10 21:56:00
IND-USR-025,23.023647,72.570811,313.1,2026-08-10,22:10:00,2026-08-10 22:10:00
IND-USR-025,23.024759,72.577943,769.8,2026-08-10,22:15:00,2026-08-10 22:15:00
IND-USR-025,23.021616,72.571677,659.4,2026-08-10,22:20:00,2026-08-10 22:20:00
IND-USR-025,23.02327,72.580968,325.8,2026-08-10,22:28:00,2026-08-10 22:28:00
IND-USR-025,23.014103,72.574133,772.8,2026-08-10,22:46:00,2026-08-10 22:46:00
IND-USR-025,23.022041,72.573667,166.6,2026-08-10,22:58:00,2026-08-10 22:58:00
IND-USR-025,23.019871,72.571204,351.5,2026-08-10,23:09:00,2026-08-10 23:09:00
IND-USR-025,23.025346,72.583852,199.7,2026-08-10,23:24:00,2026-08-10 23:24:00
IND-USR-026,23.025732,72.568008,211.2,2026-08-11,06:19:00,2026-08-11 06:19:00
IND-USR-026,23.020805,72.569586,54.7,2026-08-11,06:29:00,2026-08-11 06:29:00
IND-USR-026,23.015317,72.57008,387.9,2026-08-11,06:49:00,2026-08-11 06:49:00
IND-USR-026,23.025431,72.566303,597.1,2026-08-11,06:58:00,2026-08-11 06:58:00
IND-USR-026,23.026694,72.573351,684.6,2026-08-11,07:02:00,2026-08-11 07:02:00
IND-USR-026,23.019563,72.570834,99.0,2026-08-11,07:22:00,2026-08-11 07:22:00
IND-USR-026,23.028893,72.574334,267.0,2026-08-11,07:34:00,2026-08-11 07:34:00
IND-USR-026,23.022535,72.570449,763.1,2026-08-11,07:54:00,2026-08-11 07:54:00
IND-USR-026,21.170506,72.829053,411.5,2026-08-11,08:11:00,2026-08-11 08:11:00
IND-USR-026,21.161781,72.839269,757.9,2026-08-11,08:24:00,2026-08-11 08:24:00
IND-USR-026,21.170821,72.832693,484.4,2026-08-11,08:35:00,2026-08-11 08:35:00
IND-USR-026,21.169968,72.82816,416.9,2026-08-11,08:46:00,2026-08-11 08:46:00
IND-USR-026,21.169456,72.824702,304.6,2026-08-11,09:05:00,2026-08-11 09:05:00
IND-USR-026,21.179308,72.826162,388.2,2026-08-11,09:20:00,2026-08-11 09:20:00
IND-USR-026,21.166072,72.829339,436.0,2026-08-11,09:38:00,2026-08-11 09:38:00
IND-USR-026,21.175352,72.831158,179.8,2026-08-11,09:57:00,2026-08-11 09:57:00
IND-USR-026,21.165255,72.836117,600.2,2026-08-11,09:59:00,2026-08-11 09:59:00
IND-USR-026,21.173124,72.833254,820.9,2026-08-11,10:17:00,2026-08-11 10:17:00
IND-USR-026,21.173063,72.840677,479.3,2026-08-11,10:37:00,2026-08-11 10:37:00
IND-USR-026,21.17894,72.828353,261.9,2026-08-11,10:53:00,2026-08-11 10:53:00
IND-USR-026,21.176696,72.832633,770.4,2026-08-11,11:12:00,2026-08-11 11:12:00
IND-USR-026,21.172196,72.824331,888.6,2026-08-11,11:27:00,2026-08-11 11:27:00
IND-USR-026,21.169518,72.827849,500.9,2026-08-11,11:30:00,2026-08-11 11:30:00
IND-USR-026,21.173512,72.835384,444.7,2026-08-11,11:43:00,2026-08-11 11:43:00
IND-USR-026,21.161902,72.831012,151.4,2026-08-11,11:52:00,2026-08-11 11:52:00
IND-USR-026,21.174687,72.830353,803.5,2026-08-11,12:03:00,2026-08-11 12:03:00
IND-USR-026,21.173116,72.832505,309.5,2026-08-11,12:18:00,2026-08-11 12:18:00
IND-USR-026,21.171567,72.830015,605.9,2026-08-11,12:22:00,2026-08-11 12:22:00
IND-USR-026,21.165334,72.826614,260.9,2026-08-11,12:37:00,2026-08-11 12:37:00
IND-USR-026,21.173037,72.831178,617.3,2026-08-11,12:48:00,2026-08-11 12:48:00
IND-USR-026,21.169646,72.829404,655.6,2026-08-11,12:58:00,2026-08-11 12:58:00
IND-USR-026,21.168979,72.835288,391.5,2026-08-11,13:07:00,2026-08-11 13:07:00
IND-USR-026,21.168859,72.825736,151.0,2026-08-11,13:12:00,2026-08-11 13:12:00
IND-USR-026,21.173175,72.83028,240.9,2026-08-11,13:14:00,2026-08-11 13:14:00
IND-USR-026,21.170326,72.83753,446.3,2026-08-11,13:25:00,2026-08-11 13:25:00
IND-USR-026,21.170118,72.832257,941.8,2026-08-11,13:44:00,2026-08-11 13:44:00
IND-USR-026,21.165484,72.830221,618.1,2026-08-11,13:59:00,2026-08-11 13:59:00
IND-USR-026,21.172638,72.824879,199.9,2026-08-11,14:02:00,2026-08-11 14:02:00
IND-USR-026,21.171003,72.831503,138.2,2026-08-11,14:12:00,2026-08-11 14:12:00
IND-USR-026,21.170365,72.835249,752.3,2026-08-11,14:22:00,2026-08-11 14:22:00
IND-USR-026,21.171538,72.837012,629.2,2026-08-11,14:32:00,2026-08-11 14:32:00
IND-USR-026,21.166226,72.831644,615.6,2026-08-11,14:39:00,2026-08-11 14:39:00
IND-USR-026,21.170538,72.826823,916.0,2026-08-11,14:42:00,2026-08-11 14:42:00
IND-USR-026,21.174025,72.840399,745.3,2026-08-11,14:59:00,2026-08-11 14:59:00
IND-USR-026,21.170132,72.83312,818.0,2026-08-11,15:02:00,2026-08-11 15:02:00
IND-USR-026,21.170538,72.828246,305.1,2026-08-11,15:06:00,2026-08-11 15:06:00
IND-USR-026,21.162917,72.828277,825.1,2026-08-11,15:17:00,2026-08-11 15:17:00
IND-USR-026,21.164632,72.837916,853.0,2026-08-11,15:32:00,2026-08-11 15:32:00
IND-USR-026,21.16974,72.829716,383.1,2026-08-11,15:36:00,2026-08-11 15:36:00
IND-USR-026,21.173757,72.826613,231.9,2026-08-11,15:42:00,2026-08-11 15:42:00
IND-USR-026,21.167133,72.831372,700.4,2026-08-11,16:02:00,2026-08-11 16:02:00
IND-USR-026,21.174315,72.833107,500.6,2026-08-11,16:07:00,2026-08-11 16:07:00
IND-USR-026,21.171193,72.831412,902.7,2026-08-11,16:27:00,2026-08-11 16:27:00
IND-USR-026,21.171801,72.831907,246.7,2026-08-11,16:45:00,2026-08-11 16:45:00
IND-USR-026,21.16608,72.831284,233.8,2026-08-11,16:49:00,2026-08-11 16:49:00
IND-USR-026,21.165905,72.831424,736.8,2026-08-11,16:54:00,2026-08-11 16:54:00
IND-USR-026,21.168277,72.841258,319.5,2026-08-11,17:06:00,2026-08-11 17:06:00
IND-USR-026,21.17004,72.825483,703.0,2026-08-11,17:26:00,2026-08-11 17:26:00
IND-USR-026,21.169663,72.833177,889.4,2026-08-11,17:35:00,2026-08-11 17:35:00
IND-USR-026,21.176893,72.828742,145.6,2026-08-11,17:43:00,2026-08-11 17:43:00
IND-USR-026,21.16387,72.834367,211.3,2026-08-11,17:50:00,2026-08-11 17:50:00
IND-USR-026,21.164678,72.829355,423.1,2026-08-11,18:00:00,2026-08-11 18:00:00
IND-USR-026,21.16917,72.830821,821.1,2026-08-11,18:10:00,2026-08-11 18:10:00
IND-USR-026,21.172957,72.828365,470.9,2026-08-11,18:13:00,2026-08-11 18:13:00
IND-USR-026,21.169105,72.831043,667.6,2026-08-11,18:26:00,2026-08-11 18:26:00
IND-USR-026,21.170798,72.831491,307.5,2026-08-11,18:31:00,2026-08-11 18:31:00
IND-USR-026,21.171944,72.834475,456.4,2026-08-11,18:46:00,2026-08-11 18:46:00
IND-USR-026,21.171771,72.832914,915.5,2026-08-11,18:55:00,2026-08-11 18:55:00
IND-USR-026,23.016171,72.571601,351.2,2026-08-11,19:01:00,2026-08-11 19:01:00
IND-USR-026,23.024418,72.574316,782.1,2026-08-11,19:14:00,2026-08-11 19:14:00
IND-USR-026,23.019731,72.568764,616.7,2026-08-11,19:16:00,2026-08-11 19:16:00
IND-USR-026,23.020204,72.573546,801.0,2026-08-11,19:19:00,2026-08-11 19:19:00
IND-USR-026,23.026636,72.56977,659.2,2026-08-11,19:22:00,2026-08-11 19:22:00
IND-USR-026,23.026132,72.571894,247.8,2026-08-11,19:31:00,2026-08-11 19:31:00
IND-USR-026,23.022003,72.570554,300.7,2026-08-11,19:45:00,2026-08-11 19:45:00
IND-USR-026,23.025486,72.572702,859.0,2026-08-11,19:58:00,2026-08-11 19:58:00
IND-USR-026,23.031603,72.567991,512.8,2026-08-11,20:03:00,2026-08-11 20:03:00
IND-USR-026,23.024572,72.569283,816.2,2026-08-11,20:12:00,2026-08-11 20:12:00
IND-USR-026,23.019023,72.571357,17.4,2026-08-11,20:26:00,2026-08-11 20:26:00
IND-USR-026,23.023049,72.583073,881.9,2026-08-11,20:40:00,2026-08-11 20:40:00
IND-USR-026,23.021763,72.566879,292.8,2026-08-11,20:50:00,2026-08-11 20:50:00
IND-USR-026,23.023592,72.563101,289.6,2026-08-11,20:59:00,2026-08-11 20:59:00
IND-USR-026,23.022132,72.571464,870.9,2026-08-11,21:06:00,2026-08-11 21:06:00
IND-USR-026,23.025678,72.575294,836.7,2026-08-11,21:18:00,2026-08-11 21:18:00
IND-USR-027,23.020486,72.570798,267.6,2026-08-11,06:03:00,2026-08-11 06:03:00
IND-USR-027,23.019436,72.566888,783.8,2026-08-11,06:07:00,2026-08-11 06:07:00
IND-USR-027,23.02374,72.566306,452.8,2026-08-11,06:24:00,2026-08-11 06:24:00
IND-USR-027,23.020841,72.567419,880.9,2026-08-11,06:39:00,2026-08-11 06:39:00
IND-USR-027,23.024699,72.578606,684.3,2026-08-11,06:51:00,2026-08-11 06:51:00
IND-USR-027,23.017294,72.563988,784.9,2026-08-11,06:56:00,2026-08-11 06:56:00
IND-USR-027,23.022,72.571463,486.0,2026-08-11,07:06:00,2026-08-11 07:06:00
IND-USR-027,23.023375,72.569615,405.6,2026-08-11,07:19:00,2026-08-11 07:19:00
IND-USR-027,23.021697,72.57287,703.5,2026-08-11,07:38:00,2026-08-11 07:38:00
IND-USR-027,23.026662,72.56358,663.5,2026-08-11,07:54:00,2026-08-11 07:54:00
IND-USR-027,23.021024,72.572255,612.9,2026-08-11,07:57:00,2026-08-11 07:57:00
IND-USR-027,21.166528,72.838025,602.3,2026-08-11,08:04:00,2026-08-11 08:04:00
IND-USR-027,21.167658,72.830935,12.9,2026-08-11,08:10:00,2026-08-11 08:10:00
IND-USR-027,21.172424,72.828735,600.6,2026-08-11,08:18:00,2026-08-11 08:18:00
IND-USR-027,21.162814,72.829385,551.3,2026-08-11,08:30:00,2026-08-11 08:30:00
IND-USR-027,21.174318,72.829752,158.4,2026-08-11,08:35:00,2026-08-11 08:35:00
IND-USR-027,21.166814,72.834803,680.8,2026-08-11,08:53:00,2026-08-11 08:53:00
IND-USR-027,21.168877,72.829059,806.1,2026-08-11,08:59:00,2026-08-11 08:59:00
IND-USR-027,21.170798,72.834183,755.1,2026-08-11,09:14:00,2026-08-11 09:14:00
IND-USR-027,21.179727,72.834409,434.4,2026-08-11,09:26:00,2026-08-11 09:26:00
IND-USR-027,21.174839,72.829076,255.0,2026-08-11,09:32:00,2026-08-11 09:32:00
IND-USR-027,21.166097,72.831349,787.2,2026-08-11,09:52:00,2026-08-11 09:52:00
IND-USR-027,21.170629,72.826786,196.7,2026-08-11,10:03:00,2026-08-11 10:03:00
IND-USR-027,21.169499,72.832697,355.5,2026-08-11,10:18:00,2026-08-11 10:18:00
IND-USR-027,21.171642,72.833117,833.8,2026-08-11,10:32:00,2026-08-11 10:32:00
IND-USR-027,21.171364,72.829072,221.0,2026-08-11,10:52:00,2026-08-11 10:52:00
IND-USR-027,21.168144,72.826304,877.7,2026-08-11,10:54:00,2026-08-11 10:54:00
IND-USR-027,21.177339,72.831154,862.4,2026-08-11,11:03:00,2026-08-11 11:03:00
IND-USR-027,21.169301,72.827385,196.4,2026-08-11,11:19:00,2026-08-11 11:19:00
IND-USR-027,21.181943,72.826807,56.8,2026-08-11,11:26:00,2026-08-11 11:26:00
IND-USR-027,21.168485,72.832763,574.4,2026-08-11,11:41:00,2026-08-11 11:41:00
IND-USR-027,21.172601,72.834932,93.7,2026-08-11,11:47:00,2026-08-11 11:47:00
IND-USR-027,21.17743,72.833125,169.9,2026-08-11,12:00:00,2026-08-11 12:00:00
IND-USR-027,21.165976,72.830072,120.3,2026-08-11,12:20:00,2026-08-11 12:20:00
IND-USR-027,21.171431,72.839373,419.0,2026-08-11,12:38:00,2026-08-11 12:38:00
IND-USR-027,21.164609,72.83591,787.6,2026-08-11,12:54:00,2026-08-11 12:54:00
IND-USR-027,21.17092,72.834451,121.4,2026-08-11,13:11:00,2026-08-11 13:11:00
IND-USR-027,21.169792,72.82773,189.1,2026-08-11,13:19:00,2026-08-11 13:19:00
IND-USR-027,21.173203,72.833718,280.7,2026-08-11,13:29:00,2026-08-11 13:29:00
IND-USR-027,21.174088,72.831047,369.1,2026-08-11,13:46:00,2026-08-11 13:46:00
IND-USR-027,21.167801,72.824865,815.0,2026-08-11,14:01:00,2026-08-11 14:01:00
IND-USR-027,21.173477,72.832796,945.5,2026-08-11,14:09:00,2026-08-11 14:09:00
IND-USR-027,21.166337,72.828946,693.1,2026-08-11,14:20:00,2026-08-11 14:20:00
IND-USR-027,21.168333,72.825168,403.2,2026-08-11,14:28:00,2026-08-11 14:28:00
IND-USR-027,21.166929,72.826565,754.9,2026-08-11,14:43:00,2026-08-11 14:43:00
IND-USR-027,21.16855,72.828145,282.8,2026-08-11,14:45:00,2026-08-11 14:45:00
IND-USR-027,21.163692,72.83919,231.4,2026-08-11,14:55:00,2026-08-11 14:55:00
IND-USR-027,21.17521,72.827984,862.9,2026-08-11,15:11:00,2026-08-11 15:11:00
IND-USR-027,21.17129,72.83277,557.9,2026-08-11,15:24:00,2026-08-11 15:24:00
IND-USR-027,21.174964,72.827826,90.6,2026-08-11,15:40:00,2026-08-11 15:40:00
IND-USR-027,21.174568,72.828908,135.2,2026-08-11,15:57:00,2026-08-11 15:57:00
IND-USR-027,21.164857,72.833997,925.9,2026-08-11,16:09:00,2026-08-11 16:09:00
IND-USR-027,21.175363,72.841452,655.6,2026-08-11,16:23:00,2026-08-11 16:23:00
IND-USR-027,21.165401,72.833896,675.9,2026-08-11,16:37:00,2026-08-11 16:37:00
IND-USR-027,21.168561,72.834233,78.7,2026-08-11,16:47:00,2026-08-11 16:47:00
IND-USR-027,21.164318,72.826049,65.2,2026-08-11,17:06:00,2026-08-11 17:06:00
IND-USR-027,21.167097,72.831416,885.2,2026-08-11,17:18:00,2026-08-11 17:18:00
IND-USR-027,21.167636,72.833736,863.7,2026-08-11,17:35:00,2026-08-11 17:35:00
IND-USR-027,21.174308,72.833498,15.0,2026-08-11,17:38:00,2026-08-11 17:38:00
IND-USR-027,21.176675,72.832763,592.5,2026-08-11,17:56:00,2026-08-11 17:56:00
IND-USR-027,21.165332,72.836554,928.9,2026-08-11,18:07:00,2026-08-11 18:07:00
IND-USR-027,21.167779,72.834742,134.3,2026-08-11,18:20:00,2026-08-11 18:20:00
IND-USR-027,21.176495,72.832927,48.7,2026-08-11,18:39:00,2026-08-11 18:39:00
IND-USR-027,21.164215,72.827427,254.7,2026-08-11,18:46:00,2026-08-11 18:46:00
IND-USR-027,23.027791,72.570724,473.3,2026-08-11,19:04:00,2026-08-11 19:04:00
IND-USR-027,23.022818,72.574435,835.2,2026-08-11,19:16:00,2026-08-11 19:16:00
IND-USR-027,23.025285,72.572515,94.3,2026-08-11,19:22:00,2026-08-11 19:22:00
IND-USR-027,23.021665,72.570149,417.0,2026-08-11,19:40:00,2026-08-11 19:40:00
IND-USR-027,23.025932,72.573614,119.8,2026-08-11,19:50:00,2026-08-11 19:50:00
IND-USR-027,23.021471,72.575728,929.8,2026-08-11,19:53:00,2026-08-11 19:53:00
IND-USR-027,23.021984,72.567993,829.4,2026-08-11,20:10:00,2026-08-11 20:10:00
IND-USR-027,23.019464,72.567485,713.0,2026-08-11,20:20:00,2026-08-11 20:20:00
IND-USR-027,23.02141,72.576335,275.9,2026-08-11,20:35:00,2026-08-11 20:35:00
IND-USR-027,23.01928,72.572154,586.2,2026-08-11,20:45:00,2026-08-11 20:45:00
IND-USR-027,23.019873,72.570359,496.0,2026-08-11,20:55:00,2026-08-11 20:55:00
IND-USR-027,23.01646,72.570518,849.1,2026-08-11,21:10:00,2026-08-11 21:10:00
IND-USR-027,23.021725,72.573561,702.7,2026-08-11,21:22:00,2026-08-11 21:22:00
IND-USR-027,23.023393,72.566606,727.9,2026-08-11,21:39:00,2026-08-11 21:39:00
IND-USR-027,23.026837,72.572241,532.3,2026-08-11,21:45:00,2026-08-11 21:45:00
IND-USR-027,23.023294,72.571363,60.0,2026-08-11,22:01:00,2026-08-11 22:01:00
IND-USR-027,23.020429,72.572271,61.3,2026-08-11,22:07:00,2026-08-11 22:07:00
IND-USR-027,23.024402,72.564412,43.7,2026-08-11,22:14:00,2026-08-11 22:14:00
IND-USR-027,23.020345,72.57038,163.7,2026-08-11,22:24:00,2026-08-11 22:24:00
IND-USR-027,23.023525,72.576173,420.2,2026-08-11,22:40:00,2026-08-11 22:40:00
IND-USR-027,23.019413,72.569408,48.3,2026-08-11,22:57:00,2026-08-11 22:57:00
IND-USR-027,23.02045,72.568194,939.5,2026-08-11,23:10:00,2026-08-11 23:10:00
IND-USR-027,23.021111,72.574483,466.1,2026-08-11,23:29:00,2026-08-11 23:29:00
IND-USR-027,23.018285,72.573111,115.7,2026-08-11,23:46:00,2026-08-11 23:46:00
IND-USR-027,23.015692,72.569155,126.2,2026-08-11,23:52:00,2026-08-11 23:52:00
IND-USR-027,23.021182,72.578099,201.5,2026-08-11,23:56:00,2026-08-11 23:56:00
IND-USR-027,23.021401,72.562595,179.8,2026-08-12,00:07:00,2026-08-12 00:07:00
IND-USR-027,23.014504,72.571536,714.9,2026-08-12,00:14:00,2026-08-12 00:14:00
IND-USR-027,23.024955,72.572902,539.5,2026-08-12,00:24:00,2026-08-12 00:24:00
IND-USR-027,23.02317,72.576049,209.7,2026-08-12,00:44:00,2026-08-12 00:44:00
IND-USR-027,23.020342,72.57498,504.5,2026-08-12,00:46:00,2026-08-12 00:46:00
IND-USR-027,23.015972,72.56778,179.7,2026-08-12,01:06:00,2026-08-12 01:06:00
IND-USR-027,23.015272,72.570301,241.4,2026-08-12,01:10:00,2026-08-12 01:10:00
IND-USR-027,23.022315,72.571856,646.3,2026-08-12,01:27:00,2026-08-12 01:27:00
IND-USR-027,23.022748,72.56769,34.4,2026-08-12,01:39:00,2026-08-12 01:39:00
IND-USR-027,23.021739,72.56541,380.5,2026-08-12,01:44:00,2026-08-12 01:44:00
IND-USR-027,23.027953,72.570185,883.4,2026-08-12,02:04:00,2026-08-12 02:04:00
IND-USR-027,23.020544,72.577756,796.8,2026-08-12,02:09:00,2026-08-12 02:09:00
IND-USR-027,23.017531,72.566898,37.1,2026-08-12,02:15:00,2026-08-12 02:15:00
IND-USR-027,23.018115,72.571129,790.9,2026-08-12,02:31:00,2026-08-12 02:31:00
IND-USR-027,23.024227,72.574359,436.8,2026-08-12,02:48:00,2026-08-12 02:48:00
IND-USR-027,23.032788,72.562402,568.6,2026-08-12,02:58:00,2026-08-12 02:58:00
IND-USR-028,23.024935,72.569171,626.8,2026-08-01,06:03:00,2026-08-01 06:03:00
IND-USR-028,23.020154,72.568921,315.4,2026-08-01,06:19:00,2026-08-01 06:19:00
IND-USR-028,23.018865,72.578138,131.6,2026-08-01,06:39:00,2026-08-01 06:39:00
IND-USR-028,23.025869,72.571493,763.5,2026-08-01,06:42:00,2026-08-01 06:42:00
IND-USR-028,23.027904,72.56535,313.8,2026-08-01,06:53:00,2026-08-01 06:53:00
IND-USR-028,23.017177,72.562688,709.2,2026-08-01,06:56:00,2026-08-01 06:56:00
IND-USR-028,23.019702,72.572047,904.8,2026-08-01,07:15:00,2026-08-01 07:15:00
IND-USR-028,23.022911,72.571997,97.0,2026-08-01,07:29:00,2026-08-01 07:29:00
IND-USR-028,23.016856,72.574613,177.3,2026-08-01,07:39:00,2026-08-01 07:39:00
IND-USR-028,23.023459,72.574332,93.8,2026-08-01,07:53:00,2026-08-01 07:53:00
IND-USR-028,21.162629,72.832346,163.2,2026-08-01,08:01:00,2026-08-01 08:01:00
IND-USR-028,21.165449,72.829511,277.8,2026-08-01,08:15:00,2026-08-01 08:15:00
IND-USR-028,21.172337,72.831464,123.4,2026-08-01,08:21:00,2026-08-01 08:21:00
IND-USR-028,21.166794,72.831125,763.0,2026-08-01,08:38:00,2026-08-01 08:38:00
IND-USR-028,21.164074,72.835701,859.5,2026-08-01,08:49:00,2026-08-01 08:49:00
IND-USR-028,21.169379,72.835574,347.5,2026-08-01,08:55:00,2026-08-01 08:55:00
IND-USR-028,21.168094,72.829006,792.1,2026-08-01,09:00:00,2026-08-01 09:00:00
IND-USR-028,21.167143,72.834605,197.9,2026-08-01,09:18:00,2026-08-01 09:18:00
IND-USR-028,21.167362,72.833678,842.3,2026-08-01,09:34:00,2026-08-01 09:34:00
IND-USR-028,21.16867,72.823196,262.4,2026-08-01,09:51:00,2026-08-01 09:51:00
IND-USR-028,21.167919,72.826384,94.8,2026-08-01,10:06:00,2026-08-01 10:06:00
IND-USR-028,21.170336,72.826338,772.3,2026-08-01,10:21:00,2026-08-01 10:21:00
IND-USR-028,21.173904,72.830736,418.1,2026-08-01,10:28:00,2026-08-01 10:28:00
IND-USR-028,21.16949,72.833724,97.4,2026-08-01,10:43:00,2026-08-01 10:43:00
IND-USR-028,21.174056,72.83102,331.2,2026-08-01,11:01:00,2026-08-01 11:01:00
IND-USR-028,21.167115,72.824004,645.9,2026-08-01,11:17:00,2026-08-01 11:17:00
IND-USR-028,21.167456,72.828631,884.8,2026-08-01,11:23:00,2026-08-01 11:23:00
IND-USR-028,21.170628,72.829719,601.8,2026-08-01,11:41:00,2026-08-01 11:41:00
IND-USR-028,21.172952,72.828648,88.9,2026-08-01,11:59:00,2026-08-01 11:59:00
IND-USR-028,21.169972,72.835836,421.1,2026-08-01,12:15:00,2026-08-01 12:15:00
IND-USR-028,21.171567,72.83086,292.4,2026-08-01,12:32:00,2026-08-01 12:32:00
IND-USR-028,21.167792,72.828567,653.3,2026-08-01,12:38:00,2026-08-01 12:38:00
IND-USR-028,21.166798,72.828936,801.0,2026-08-01,12:49:00,2026-08-01 12:49:00
IND-USR-028,21.173223,72.830212,412.1,2026-08-01,13:07:00,2026-08-01 13:07:00
IND-USR-028,21.164801,72.838173,54.9,2026-08-01,13:27:00,2026-08-01 13:27:00
IND-USR-028,21.17148,72.825472,872.3,2026-08-01,13:31:00,2026-08-01 13:31:00
IND-USR-028,21.168433,72.831544,111.2,2026-08-01,13:49:00,2026-08-01 13:49:00
IND-USR-028,21.177018,72.826668,398.2,2026-08-01,14:04:00,2026-08-01 14:04:00
IND-USR-028,21.174104,72.836698,631.2,2026-08-01,14:20:00,2026-08-01 14:20:00
IND-USR-028,21.167685,72.82999,774.1,2026-08-01,14:40:00,2026-08-01 14:40:00
IND-USR-028,21.166055,72.830286,249.6,2026-08-01,14:53:00,2026-08-01 14:53:00
IND-USR-028,21.170054,72.833739,732.5,2026-08-01,14:57:00,2026-08-01 14:57:00
IND-USR-028,21.174561,72.828108,117.1,2026-08-01,14:59:00,2026-08-01 14:59:00
IND-USR-028,21.162331,72.831015,178.8,2026-08-01,15:15:00,2026-08-01 15:15:00
IND-USR-028,21.171374,72.832098,802.3,2026-08-01,15:22:00,2026-08-01 15:22:00
IND-USR-028,21.168893,72.831599,88.3,2026-08-01,15:25:00,2026-08-01 15:25:00
IND-USR-028,21.176262,72.832627,305.1,2026-08-01,15:36:00,2026-08-01 15:36:00
IND-USR-028,21.168707,72.829099,721.9,2026-08-01,15:52:00,2026-08-01 15:52:00
IND-USR-028,21.169521,72.837647,596.4,2026-08-01,16:08:00,2026-08-01 16:08:00
IND-USR-028,21.169467,72.831021,330.9,2026-08-01,16:18:00,2026-08-01 16:18:00
IND-USR-028,21.168271,72.835496,208.4,2026-08-01,16:25:00,2026-08-01 16:25:00
IND-USR-028,21.178039,72.832902,712.2,2026-08-01,16:29:00,2026-08-01 16:29:00
IND-USR-028,21.170531,72.831247,829.3,2026-08-01,16:39:00,2026-08-01 16:39:00
IND-USR-028,21.160663,72.834081,417.8,2026-08-01,16:44:00,2026-08-01 16:44:00
IND-USR-028,21.170737,72.832813,15.5,2026-08-01,16:46:00,2026-08-01 16:46:00
IND-USR-028,21.167354,72.829562,22.5,2026-08-01,16:51:00,2026-08-01 16:51:00
IND-USR-028,21.168556,72.835186,442.6,2026-08-01,17:08:00,2026-08-01 17:08:00
IND-USR-028,21.168685,72.839431,826.7,2026-08-01,17:22:00,2026-08-01 17:22:00
IND-USR-028,21.171923,72.825997,294.6,2026-08-01,17:39:00,2026-08-01 17:39:00
IND-USR-028,21.169686,72.828493,659.2,2026-08-01,17:52:00,2026-08-01 17:52:00
IND-USR-028,21.161422,72.837498,766.4,2026-08-01,18:06:00,2026-08-01 18:06:00
IND-USR-028,21.173013,72.833233,127.6,2026-08-01,18:10:00,2026-08-01 18:10:00
IND-USR-028,21.170862,72.825572,189.4,2026-08-01,18:12:00,2026-08-01 18:12:00
IND-USR-028,21.168266,72.834467,664.3,2026-08-01,18:14:00,2026-08-01 18:14:00
IND-USR-028,21.165995,72.820973,817.5,2026-08-01,18:22:00,2026-08-01 18:22:00
IND-USR-028,21.169292,72.830533,462.3,2026-08-01,18:30:00,2026-08-01 18:30:00
IND-USR-028,21.170742,72.834014,620.8,2026-08-01,18:36:00,2026-08-01 18:36:00
IND-USR-028,21.17275,72.832135,801.6,2026-08-01,18:51:00,2026-08-01 18:51:00
IND-USR-028,23.027282,72.565324,189.5,2026-08-01,19:10:00,2026-08-01 19:10:00
IND-USR-028,23.024518,72.573906,733.5,2026-08-01,19:21:00,2026-08-01 19:21:00
IND-USR-028,23.017542,72.565389,455.5,2026-08-01,19:27:00,2026-08-01 19:27:00
IND-USR-028,23.019516,72.568754,119.5,2026-08-01,19:29:00,2026-08-01 19:29:00
IND-USR-028,23.025514,72.568942,704.5,2026-08-01,19:35:00,2026-08-01 19:35:00
IND-USR-028,23.019075,72.568953,916.0,2026-08-01,19:51:00,2026-08-01 19:51:00
IND-USR-028,23.026975,72.571452,28.5,2026-08-01,20:08:00,2026-08-01 20:08:00
IND-USR-028,23.021783,72.57096,560.1,2026-08-01,20:24:00,2026-08-01 20:24:00
IND-USR-028,23.027668,72.568403,287.1,2026-08-01,20:32:00,2026-08-01 20:32:00
IND-USR-028,23.027762,72.572242,57.9,2026-08-01,20:46:00,2026-08-01 20:46:00
IND-USR-028,23.021858,72.581404,106.5,2026-08-01,20:48:00,2026-08-01 20:48:00
IND-USR-028,23.018277,72.569985,930.7,2026-08-01,21:03:00,2026-08-01 21:03:00
IND-USR-028,23.01757,72.57521,702.9,2026-08-01,21:20:00,2026-08-01 21:20:00
IND-USR-028,23.029257,72.57808,949.1,2026-08-01,21:39:00,2026-08-01 21:39:00
IND-USR-028,23.027396,72.57061,468.2,2026-08-01,21:42:00,2026-08-01 21:42:00
IND-USR-028,23.021039,72.564715,492.6,2026-08-01,21:59:00,2026-08-01 21:59:00
IND-USR-028,23.030643,72.573276,228.0,2026-08-01,22:16:00,2026-08-01 22:16:00
IND-USR-028,23.020532,72.576712,506.6,2026-08-01,22:19:00,2026-08-01 22:19:00
IND-USR-028,23.018609,72.573026,551.8,2026-08-01,22:34:00,2026-08-01 22:34:00
IND-USR-028,23.021809,72.573955,69.7,2026-08-01,22:53:00,2026-08-01 22:53:00
IND-USR-028,23.022246,72.565596,845.8,2026-08-01,23:08:00,2026-08-01 23:08:00
IND-USR-028,23.022802,72.575595,475.1,2026-08-01,23:13:00,2026-08-01 23:13:00
IND-USR-028,23.022383,72.5745,431.4,2026-08-01,23:26:00,2026-08-01 23:26:00
IND-USR-028,23.018318,72.571295,29.6,2026-08-01,23:41:00,2026-08-01 23:41:00
IND-USR-028,23.020002,72.574388,692.6,2026-08-01,23:52:00,2026-08-01 23:52:00
IND-USR-028,23.022626,72.57416,333.2,2026-08-02,00:09:00,2026-08-02 00:09:00
IND-USR-028,23.026851,72.574166,487.2,2026-08-02,00:18:00,2026-08-02 00:18:00
IND-USR-028,23.023592,72.567407,864.5,2026-08-02,00:38:00,2026-08-02 00:38:00
IND-USR-028,23.022489,72.569268,876.4,2026-08-02,00:50:00,2026-08-02 00:50:00
IND-USR-028,23.021124,72.569902,133.3,2026-08-02,01:06:00,2026-08-02 01:06:00
IND-USR-028,23.01858,72.563571,689.6,2026-08-02,01:17:00,2026-08-02 01:17:00
IND-USR-028,23.019827,72.572174,912.2,2026-08-02,01:31:00,2026-08-02 01:31:00
IND-USR-028,23.017107,72.571463,758.2,2026-08-02,01:44:00,2026-08-02 01:44:00
IND-USR-029,28.502601,77.093592,275.5,2026-08-03,06:08:00,2026-08-03 06:08:00
IND-USR-029,28.501574,77.091065,637.0,2026-08-03,06:12:00,2026-08-03 06:12:00
IND-USR-029,28.49967,77.086604,172.9,2026-08-03,06:18:00,2026-08-03 06:18:00
IND-USR-029,28.492423,77.078543,579.4,2026-08-03,06:25:00,2026-08-03 06:25:00
IND-USR-029,28.499745,77.095661,755.9,2026-08-03,06:30:00,2026-08-03 06:30:00
IND-USR-029,28.492787,77.088484,295.4,2026-08-03,06:47:00,2026-08-03 06:47:00
IND-USR-029,28.491985,77.091031,533.4,2026-08-03,06:55:00,2026-08-03 06:55:00
IND-USR-029,28.4995,77.082529,347.3,2026-08-03,06:57:00,2026-08-03 06:57:00
IND-USR-029,28.496638,77.088393,345.6,2026-08-03,07:07:00,2026-08-03 07:07:00
IND-USR-029,28.495454,77.091336,174.2,2026-08-03,07:14:00,2026-08-03 07:14:00
IND-USR-029,28.494247,77.089086,40.1,2026-08-03,07:32:00,2026-08-03 07:32:00
IND-USR-029,28.494144,77.093381,327.5,2026-08-03,07:36:00,2026-08-03 07:36:00
IND-USR-029,28.496675,77.090382,590.5,2026-08-03,07:41:00,2026-08-03 07:41:00
IND-USR-029,28.489916,77.087986,538.3,2026-08-03,07:46:00,2026-08-03 07:46:00
IND-USR-029,28.388095,77.316051,252.4,2026-08-03,08:03:00,2026-08-03 08:03:00
IND-USR-029,28.387138,77.322966,747.8,2026-08-03,08:15:00,2026-08-03 08:15:00
IND-USR-029,28.388654,77.316273,733.9,2026-08-03,08:18:00,2026-08-03 08:18:00
IND-USR-029,28.382456,77.305686,261.4,2026-08-03,08:37:00,2026-08-03 08:37:00
IND-USR-029,28.383826,77.314596,812.2,2026-08-03,08:43:00,2026-08-03 08:43:00
IND-USR-029,28.386061,77.315284,578.0,2026-08-03,09:01:00,2026-08-03 09:01:00
IND-USR-029,28.383218,77.308782,674.0,2026-08-03,09:06:00,2026-08-03 09:06:00
IND-USR-029,28.38074,77.317807,761.0,2026-08-03,09:22:00,2026-08-03 09:22:00
IND-USR-029,28.391364,77.31551,926.2,2026-08-03,09:27:00,2026-08-03 09:27:00
IND-USR-029,28.385811,77.31971,784.2,2026-08-03,09:32:00,2026-08-03 09:32:00
IND-USR-029,28.381256,77.317367,486.9,2026-08-03,09:35:00,2026-08-03 09:35:00
IND-USR-029,28.381538,77.319359,602.1,2026-08-03,09:42:00,2026-08-03 09:42:00
IND-USR-029,28.385106,77.317094,866.3,2026-08-03,09:50:00,2026-08-03 09:50:00
IND-USR-029,28.38137,77.318728,694.6,2026-08-03,09:57:00,2026-08-03 09:57:00
IND-USR-029,28.392839,77.311868,726.2,2026-08-03,10:13:00,2026-08-03 10:13:00
IND-USR-029,28.383141,77.316826,698.6,2026-08-03,10:30:00,2026-08-03 10:30:00
IND-USR-029,28.387646,77.313662,155.0,2026-08-03,10:35:00,2026-08-03 10:35:00
IND-USR-029,28.373168,77.321337,324.5,2026-08-03,10:48:00,2026-08-03 10:48:00
IND-USR-029,28.387542,77.308928,125.6,2026-08-03,10:54:00,2026-08-03 10:54:00
IND-USR-029,28.38207,77.322173,422.8,2026-08-03,11:02:00,2026-08-03 11:02:00
IND-USR-029,28.390291,77.319655,733.1,2026-08-03,11:17:00,2026-08-03 11:17:00
IND-USR-029,28.383796,77.316232,240.6,2026-08-03,11:19:00,2026-08-03 11:19:00
IND-USR-029,28.383976,77.320413,330.8,2026-08-03,11:36:00,2026-08-03 11:36:00
IND-USR-029,28.380997,77.312677,171.0,2026-08-03,11:54:00,2026-08-03 11:54:00
IND-USR-029,28.388541,77.315723,360.1,2026-08-03,12:04:00,2026-08-03 12:04:00
IND-USR-029,28.390014,77.313214,349.0,2026-08-03,12:19:00,2026-08-03 12:19:00
IND-USR-029,28.384281,77.31221,152.5,2026-08-03,12:28:00,2026-08-03 12:28:00
IND-USR-029,28.384529,77.309986,406.4,2026-08-03,12:46:00,2026-08-03 12:46:00
IND-USR-029,28.382549,77.310155,139.7,2026-08-03,12:55:00,2026-08-03 12:55:00
IND-USR-029,28.387276,77.318766,398.6,2026-08-03,13:10:00,2026-08-03 13:10:00
IND-USR-029,28.377579,77.321236,854.2,2026-08-03,13:25:00,2026-08-03 13:25:00
IND-USR-029,28.39449,77.316084,756.9,2026-08-03,13:43:00,2026-08-03 13:43:00
IND-USR-029,28.381936,77.327197,897.1,2026-08-03,13:56:00,2026-08-03 13:56:00
IND-USR-029,28.379224,77.31598,146.8,2026-08-03,14:12:00,2026-08-03 14:12:00
IND-USR-029,28.385218,77.321281,684.6,2026-08-03,14:14:00,2026-08-03 14:14:00
IND-USR-029,28.385939,77.313905,897.0,2026-08-03,14:32:00,2026-08-03 14:32:00
IND-USR-029,28.380695,77.314533,328.0,2026-08-03,14:36:00,2026-08-03 14:36:00
IND-USR-029,28.380472,77.316091,933.0,2026-08-03,14:50:00,2026-08-03 14:50:00
IND-USR-029,28.382243,77.309924,418.0,2026-08-03,14:57:00,2026-08-03 14:57:00
IND-USR-029,28.389521,77.313909,723.6,2026-08-03,15:11:00,2026-08-03 15:11:00
IND-USR-029,28.379427,77.315227,858.4,2026-08-03,15:17:00,2026-08-03 15:17:00
IND-USR-029,28.384773,77.308914,929.1,2026-08-03,15:20:00,2026-08-03 15:20:00
IND-USR-029,28.385827,77.311711,924.3,2026-08-03,15:38:00,2026-08-03 15:38:00
IND-USR-029,28.391344,77.317996,387.9,2026-08-03,15:53:00,2026-08-03 15:53:00
IND-USR-029,28.3829,77.312919,831.1,2026-08-03,16:12:00,2026-08-03 16:12:00
IND-USR-029,28.38408,77.318351,864.7,2026-08-03,16:24:00,2026-08-03 16:24:00
IND-USR-029,28.384398,77.315031,787.4,2026-08-03,16:26:00,2026-08-03 16:26:00
IND-USR-029,28.384733,77.313485,583.8,2026-08-03,16:44:00,2026-08-03 16:44:00
IND-USR-029,28.383127,77.307557,668.3,2026-08-03,16:50:00,2026-08-03 16:50:00
IND-USR-029,28.388395,77.317095,615.2,2026-08-03,17:06:00,2026-08-03 17:06:00
IND-USR-029,28.381406,77.323495,596.9,2026-08-03,17:25:00,2026-08-03 17:25:00
IND-USR-029,28.384848,77.311755,665.6,2026-08-03,17:41:00,2026-08-03 17:41:00
IND-USR-029,28.387927,77.317492,738.9,2026-08-03,17:55:00,2026-08-03 17:55:00
IND-USR-029,28.386078,77.314197,89.2,2026-08-03,18:06:00,2026-08-03 18:06:00
IND-USR-029,28.386302,77.314853,324.4,2026-08-03,18:25:00,2026-08-03 18:25:00
IND-USR-029,28.386724,77.30828,499.2,2026-08-03,18:31:00,2026-08-03 18:31:00
IND-USR-029,28.382765,77.322789,276.9,2026-08-03,18:50:00,2026-08-03 18:50:00
IND-USR-029,28.381432,77.313485,491.0,2026-08-03,18:54:00,2026-08-03 18:54:00
IND-USR-029,28.493208,77.084641,500.1,2026-08-03,19:05:00,2026-08-03 19:05:00
IND-USR-029,28.486167,77.088578,32.0,2026-08-03,19:12:00,2026-08-03 19:12:00
IND-USR-029,28.495543,77.08929,567.0,2026-08-03,19:31:00,2026-08-03 19:31:00
IND-USR-029,28.49442,77.089672,792.3,2026-08-03,19:40:00,2026-08-03 19:40:00
IND-USR-029,28.499091,77.088738,692.9,2026-08-03,19:51:00,2026-08-03 19:51:00
IND-USR-029,28.492704,77.088375,113.8,2026-08-03,20:09:00,2026-08-03 20:09:00
IND-USR-029,28.497317,77.095148,801.1,2026-08-03,20:12:00,2026-08-03 20:12:00
IND-USR-029,28.492487,77.089896,599.4,2026-08-03,20:22:00,2026-08-03 20:22:00
IND-USR-029,28.496353,77.08553,126.4,2026-08-03,20:35:00,2026-08-03 20:35:00
IND-USR-029,28.495082,77.083637,431.8,2026-08-03,20:40:00,2026-08-03 20:40:00
IND-USR-029,28.487924,77.090967,702.6,2026-08-03,21:00:00,2026-08-03 21:00:00
IND-USR-029,28.493465,77.090309,328.6,2026-08-03,21:16:00,2026-08-03 21:16:00
IND-USR-029,28.494928,77.085594,767.1,2026-08-03,21:25:00,2026-08-03 21:25:00
IND-USR-029,28.494819,77.084568,541.7,2026-08-03,21:45:00,2026-08-03 21:45:00
IND-USR-029,28.500564,77.084076,803.8,2026-08-03,22:04:00,2026-08-03 22:04:00
IND-USR-029,28.494217,77.085331,339.3,2026-08-03,22:13:00,2026-08-03 22:13:00
IND-USR-029,28.497282,77.088174,636.9,2026-08-03,22:24:00,2026-08-03 22:24:00
IND-USR-029,28.492925,77.092913,642.1,2026-08-03,22:44:00,2026-08-03 22:44:00
IND-USR-029,28.495118,77.091567,498.5,2026-08-03,22:58:00,2026-08-03 22:58:00
IND-USR-029,28.491075,77.083881,108.9,2026-08-03,23:07:00,2026-08-03 23:07:00
IND-USR-029,28.495429,77.088225,557.4,2026-08-03,23:25:00,2026-08-03 23:25:00
IND-USR-029,28.497506,77.08918,437.1,2026-08-03,23:38:00,2026-08-03 23:38:00
IND-USR-029,28.49582,77.083006,678.9,2026-08-03,23:44:00,2026-08-03 23:44:00
IND-USR-029,28.502554,77.088843,87.0,2026-08-03,23:59:00,2026-08-03 23:59:00
IND-USR-029,28.49779,77.086156,409.4,2026-08-04,00:02:00,2026-08-04 00:02:00
IND-USR-029,28.496232,77.084289,457.7,2026-08-04,00:08:00,2026-08-04 00:08:00
IND-USR-029,28.496808,77.088076,83.4,2026-08-04,00:24:00,2026-08-04 00:24:00
IND-USR-029,28.495117,77.092292,388.6,2026-08-04,00:42:00,2026-08-04 00:42:00
IND-USR-029,28.49007,77.086762,497.8,2026-08-04,01:01:00,2026-08-04 01:01:00
IND-USR-029,28.496829,77.097893,829.7,2026-08-04,01:15:00,2026-08-04 01:15:00
IND-USR-029,28.494448,77.091865,478.9,2026-08-04,01:35:00,2026-08-04 01:35:00
IND-USR-029,28.494572,77.097269,946.7,2026-08-04,01:50:00,2026-08-04 01:50:00
IND-USR-029,28.488011,77.089878,697.8,2026-08-04,02:07:00,2026-08-04 02:07:00
IND-USR-029,28.488498,77.079474,784.4,2026-08-04,02:22:00,2026-08-04 02:22:00
IND-USR-029,28.49619,77.090058,485.4,2026-08-04,02:28:00,2026-08-04 02:28:00
IND-USR-029,28.493861,77.089075,678.5,2026-08-04,02:45:00,2026-08-04 02:45:00
IND-USR-029,28.507393,77.088467,919.9,2026-08-04,02:51:00,2026-08-04 02:51:00
IND-USR-029,28.49704,77.086903,821.5,2026-08-04,03:09:00,2026-08-04 03:09:00
IND-USR-029,28.496181,77.088547,662.8,2026-08-04,03:14:00,2026-08-04 03:14:00
IND-USR-029,28.493358,77.096776,455.0,2026-08-04,03:30:00,2026-08-04 03:30:00
IND-USR-029,28.499709,77.090047,897.4,2026-08-04,03:37:00,2026-08-04 03:37:00
IND-USR-029,28.485783,77.088056,876.4,2026-08-04,03:50:00,2026-08-04 03:50:00
IND-USR-029,28.505812,77.088577,575.5,2026-08-04,03:55:00,2026-08-04 03:55:00
IND-USR-029,28.499413,77.095268,113.7,2026-08-04,04:10:00,2026-08-04 04:10:00
IND-USR-029,28.495876,77.086133,547.5,2026-08-04,04:23:00,2026-08-04 04:23:00
IND-USR-029,28.485259,77.092237,501.4,2026-08-04,04:26:00,2026-08-04 04:26:00
IND-USR-029,28.491741,77.090205,359.2,2026-08-04,04:31:00,2026-08-04 04:31:00
IND-USR-030,28.490001,77.088439,466.8,2026-08-06,06:11:00,2026-08-06 06:11:00
IND-USR-030,28.495135,77.090574,143.6,2026-08-06,06:17:00,2026-08-06 06:17:00
IND-USR-030,28.490541,77.094288,406.5,2026-08-06,06:37:00,2026-08-06 06:37:00
IND-USR-030,28.492612,77.082802,845.7,2026-08-06,06:48:00,2026-08-06 06:48:00
IND-USR-030,28.494564,77.089638,182.1,2026-08-06,06:56:00,2026-08-06 06:56:00
IND-USR-030,28.495642,77.094949,12.0,2026-08-06,07:13:00,2026-08-06 07:13:00
IND-USR-030,28.494054,77.089022,337.7,2026-08-06,07:32:00,2026-08-06 07:32:00
IND-USR-030,28.490587,77.092782,402.5,2026-08-06,07:35:00,2026-08-06 07:35:00
IND-USR-030,28.495737,77.08782,301.1,2026-08-06,07:55:00,2026-08-06 07:55:00
IND-USR-030,28.376881,77.321678,856.3,2026-08-06,08:11:00,2026-08-06 08:11:00
IND-USR-030,28.379589,77.313535,456.7,2026-08-06,08:25:00,2026-08-06 08:25:00
IND-USR-030,28.385933,77.311114,726.2,2026-08-06,08:31:00,2026-08-06 08:31:00
IND-USR-030,28.378526,77.307404,608.3,2026-08-06,08:49:00,2026-08-06 08:49:00
IND-USR-030,28.387384,77.313719,637.2,2026-08-06,09:05:00,2026-08-06 09:05:00
IND-USR-030,28.396209,77.311923,824.4,2026-08-06,09:11:00,2026-08-06 09:11:00
IND-USR-030,28.380814,77.313638,94.0,2026-08-06,09:23:00,2026-08-06 09:23:00
IND-USR-030,28.385473,77.314019,374.0,2026-08-06,09:38:00,2026-08-06 09:38:00
IND-USR-030,28.386949,77.311986,328.7,2026-08-06,09:52:00,2026-08-06 09:52:00
IND-USR-030,28.378974,77.308707,910.6,2026-08-06,09:55:00,2026-08-06 09:55:00
IND-USR-030,28.375606,77.313828,701.8,2026-08-06,10:11:00,2026-08-06 10:11:00
IND-USR-030,28.383296,77.313374,824.0,2026-08-06,10:15:00,2026-08-06 10:15:00
IND-USR-030,28.389474,77.320812,547.7,2026-08-06,10:17:00,2026-08-06 10:17:00
IND-USR-030,28.383161,77.308724,537.4,2026-08-06,10:28:00,2026-08-06 10:28:00
IND-USR-030,28.382233,77.313501,615.3,2026-08-06,10:33:00,2026-08-06 10:33:00
IND-USR-030,28.381871,77.313109,190.9,2026-08-06,10:37:00,2026-08-06 10:37:00
IND-USR-030,28.381886,77.314354,552.2,2026-08-06,10:56:00,2026-08-06 10:56:00
IND-USR-030,28.381958,77.316733,909.9,2026-08-06,10:59:00,2026-08-06 10:59:00
IND-USR-030,28.385941,77.312257,188.0,2026-08-06,11:17:00,2026-08-06 11:17:00
IND-USR-030,28.389584,77.31198,482.5,2026-08-06,11:34:00,2026-08-06 11:34:00
IND-USR-030,28.378029,77.317423,123.1,2026-08-06,11:36:00,2026-08-06 11:36:00
IND-USR-030,28.38123,77.317185,179.0,2026-08-06,11:55:00,2026-08-06 11:55:00
IND-USR-030,28.374885,77.32147,268.5,2026-08-06,11:57:00,2026-08-06 11:57:00
IND-USR-030,28.387189,77.309898,240.6,2026-08-06,12:05:00,2026-08-06 12:05:00
IND-USR-030,28.378585,77.322589,427.6,2026-08-06,12:25:00,2026-08-06 12:25:00
IND-USR-030,28.38155,77.312563,580.4,2026-08-06,12:44:00,2026-08-06 12:44:00
IND-USR-030,28.375436,77.314497,563.6,2026-08-06,12:58:00,2026-08-06 12:58:00
IND-USR-030,28.383589,77.318762,820.3,2026-08-06,13:15:00,2026-08-06 13:15:00
IND-USR-030,28.378904,77.309819,329.6,2026-08-06,13:17:00,2026-08-06 13:17:00
IND-USR-030,28.386304,77.319927,400.0,2026-08-06,13:24:00,2026-08-06 13:24:00
IND-USR-030,28.378215,77.320226,308.3,2026-08-06,13:42:00,2026-08-06 13:42:00
IND-USR-030,28.38465,77.320267,95.6,2026-08-06,13:52:00,2026-08-06 13:52:00
IND-USR-030,28.384219,77.305811,519.3,2026-08-06,13:57:00,2026-08-06 13:57:00
IND-USR-030,28.383892,77.320141,145.4,2026-08-06,14:08:00,2026-08-06 14:08:00
IND-USR-030,28.380925,77.314348,732.2,2026-08-06,14:18:00,2026-08-06 14:18:00
IND-USR-030,28.383795,77.304302,298.4,2026-08-06,14:24:00,2026-08-06 14:24:00
IND-USR-030,28.391185,77.312294,647.9,2026-08-06,14:39:00,2026-08-06 14:39:00
IND-USR-030,28.386523,77.315553,587.6,2026-08-06,14:42:00,2026-08-06 14:42:00
IND-USR-030,28.38953,77.317524,180.6,2026-08-06,14:54:00,2026-08-06 14:54:00
IND-USR-030,28.38356,77.312326,290.1,2026-08-06,14:57:00,2026-08-06 14:57:00
IND-USR-030,28.387691,77.308406,310.8,2026-08-06,15:02:00,2026-08-06 15:02:00
IND-USR-030,28.387084,77.311504,849.4,2026-08-06,15:17:00,2026-08-06 15:17:00
IND-USR-030,28.389509,77.316545,363.0,2026-08-06,15:27:00,2026-08-06 15:27:00
IND-USR-030,28.387076,77.316228,58.8,2026-08-06,15:32:00,2026-08-06 15:32:00
IND-USR-030,28.37749,77.312457,717.0,2026-08-06,15:41:00,2026-08-06 15:41:00
IND-USR-030,28.38719,77.316567,232.3,2026-08-06,16:01:00,2026-08-06 16:01:00
IND-USR-030,28.389224,77.317513,717.2,2026-08-06,16:19:00,2026-08-06 16:19:00
IND-USR-030,28.380633,77.312716,902.4,2026-08-06,16:33:00,2026-08-06 16:33:00
IND-USR-030,28.384912,77.306644,67.0,2026-08-06,16:43:00,2026-08-06 16:43:00
IND-USR-030,28.391194,77.317667,529.9,2026-08-06,16:59:00,2026-08-06 16:59:00
IND-USR-030,28.389408,77.309578,465.1,2026-08-06,17:03:00,2026-08-06 17:03:00
IND-USR-030,28.389478,77.324826,605.5,2026-08-06,17:18:00,2026-08-06 17:18:00
IND-USR-030,28.379216,77.318986,263.0,2026-08-06,17:20:00,2026-08-06 17:20:00
IND-USR-030,28.384504,77.309722,644.6,2026-08-06,17:40:00,2026-08-06 17:40:00
IND-USR-030,28.386472,77.319234,727.2,2026-08-06,17:49:00,2026-08-06 17:49:00
IND-USR-030,28.382095,77.320564,296.3,2026-08-06,17:55:00,2026-08-06 17:55:00
IND-USR-030,28.377833,77.309921,429.2,2026-08-06,18:10:00,2026-08-06 18:10:00
IND-USR-030,28.385046,77.316002,201.2,2026-08-06,18:28:00,2026-08-06 18:28:00
IND-USR-030,28.381634,77.319138,360.9,2026-08-06,18:34:00,2026-08-06 18:34:00
IND-USR-030,28.386624,77.319333,745.1,2026-08-06,18:41:00,2026-08-06 18:41:00
IND-USR-030,28.494507,77.09191,905.5,2026-08-06,19:00:00,2026-08-06 19:00:00
IND-USR-030,28.493217,77.097715,434.6,2026-08-06,19:19:00,2026-08-06 19:19:00
IND-USR-030,28.49175,77.097921,773.9,2026-08-06,19:21:00,2026-08-06 19:21:00
IND-USR-030,28.49514,77.083998,623.9,2026-08-06,19:32:00,2026-08-06 19:32:00
IND-USR-030,28.500472,77.090004,10.5,2026-08-06,19:39:00,2026-08-06 19:39:00
IND-USR-030,28.498404,77.094395,266.9,2026-08-06,19:56:00,2026-08-06 19:56:00
IND-USR-030,28.496352,77.087131,799.1,2026-08-06,20:06:00,2026-08-06 20:06:00
IND-USR-030,28.498903,77.089503,949.3,2026-08-06,20:20:00,2026-08-06 20:20:00
IND-USR-030,28.497743,77.080885,560.0,2026-08-06,20:28:00,2026-08-06 20:28:00
IND-USR-030,28.496788,77.086946,274.4,2026-08-06,20:46:00,2026-08-06 20:46:00
IND-USR-030,28.501613,77.091992,704.8,2026-08-06,20:53:00,2026-08-06 20:53:00
IND-USR-030,28.495959,77.091445,75.7,2026-08-06,21:13:00,2026-08-06 21:13:00
IND-USR-030,28.491006,77.095993,381.6,2026-08-06,21:17:00,2026-08-06 21:17:00
IND-USR-030,28.502965,77.091072,790.7,2026-08-06,21:22:00,2026-08-06 21:22:00
IND-USR-030,28.501362,77.087223,948.9,2026-08-06,21:41:00,2026-08-06 21:41:00
IND-USR-030,28.491812,77.089664,208.2,2026-08-06,21:56:00,2026-08-06 21:56:00
IND-USR-030,28.49674,77.087924,910.0,2026-08-06,22:14:00,2026-08-06 22:14:00
IND-USR-030,28.497151,77.090726,840.9,2026-08-06,22:26:00,2026-08-06 22:26:00
IND-USR-030,28.491007,77.091575,607.1,2026-08-06,22:38:00,2026-08-06 22:38:00
IND-USR-030,28.498454,77.090186,266.6,2026-08-06,22:54:00,2026-08-06 22:54:00
IND-USR-030,28.499611,77.08463,331.1,2026-08-06,23:06:00,2026-08-06 23:06:00
IND-USR-030,28.496872,77.084819,911.5,2026-08-06,23:22:00,2026-08-06 23:22:00
IND-USR-030,28.490544,77.086976,24.9,2026-08-06,23:34:00,2026-08-06 23:34:00
IND-USR-030,28.491232,77.087308,617.7,2026-08-06,23:40:00,2026-08-06 23:40:00
IND-USR-030,28.494143,77.092849,582.3,2026-08-06,23:42:00,2026-08-06 23:42:00
IND-USR-030,28.493715,77.083157,857.4,2026-08-06,23:44:00,2026-08-06 23:44:00
IND-USR-030,28.49956,77.086152,398.4,2026-08-06,23:51:00,2026-08-06 23:51:00
IND-USR-030,28.494765,77.091286,726.7,2026-08-07,00:08:00,2026-08-07 00:08:00
IND-USR-030,28.495798,77.093877,86.3,2026-08-07,00:27:00,2026-08-07 00:27:00
IND-USR-030,28.496916,77.086055,516.3,2026-08-07,00:31:00,2026-08-07 00:31:00
IND-USR-031,28.503714,77.090277,341.8,2026-08-11,06:05:00,2026-08-11 06:05:00
IND-USR-031,28.494411,77.093356,787.8,2026-08-11,06:19:00,2026-08-11 06:19:00
IND-USR-031,28.495998,77.091097,373.5,2026-08-11,06:32:00,2026-08-11 06:32:00
IND-USR-031,28.504969,77.0884,127.3,2026-08-11,06:34:00,2026-08-11 06:34:00
IND-USR-031,28.493729,77.089966,890.1,2026-08-11,06:47:00,2026-08-11 06:47:00
IND-USR-031,28.499286,77.083474,18.8,2026-08-11,07:03:00,2026-08-11 07:03:00
IND-USR-031,28.487138,77.087152,722.9,2026-08-11,07:05:00,2026-08-11 07:05:00
IND-USR-031,28.488464,77.087801,190.0,2026-08-11,07:18:00,2026-08-11 07:18:00
IND-USR-031,28.49701,77.085937,769.9,2026-08-11,07:29:00,2026-08-11 07:29:00
IND-USR-031,28.489293,77.089777,230.2,2026-08-11,07:38:00,2026-08-11 07:38:00
IND-USR-031,28.49845,77.08272,919.3,2026-08-11,07:55:00,2026-08-11 07:55:00
IND-USR-031,28.498281,77.092769,273.9,2026-08-11,07:58:00,2026-08-11 07:58:00
IND-USR-031,28.388316,77.320774,16.7,2026-08-11,08:06:00,2026-08-11 08:06:00
IND-USR-031,28.393308,77.314476,114.3,2026-08-11,08:20:00,2026-08-11 08:20:00
IND-USR-031,28.384938,77.314234,545.0,2026-08-11,08:30:00,2026-08-11 08:30:00
IND-USR-031,28.384508,77.322031,170.2,2026-08-11,08:47:00,2026-08-11 08:47:00
IND-USR-031,28.37912,77.312456,630.2,2026-08-11,08:55:00,2026-08-11 08:55:00
IND-USR-031,28.390009,77.31998,641.8,2026-08-11,09:15:00,2026-08-11 09:15:00
IND-USR-031,28.383047,77.319318,175.0,2026-08-11,09:35:00,2026-08-11 09:35:00
IND-USR-031,28.385865,77.321901,130.6,2026-08-11,09:55:00,2026-08-11 09:55:00
IND-USR-031,28.384798,77.320003,129.8,2026-08-11,09:59:00,2026-08-11 09:59:00
IND-USR-031,28.395068,77.318292,814.2,2026-08-11,10:19:00,2026-08-11 10:19:00
IND-USR-031,28.384697,77.31879,695.2,2026-08-11,10:37:00,2026-08-11 10:37:00
IND-USR-031,28.383039,77.325452,190.3,2026-08-11,10:47:00,2026-08-11 10:47:00
IND-USR-031,28.38522,77.314808,942.4,2026-08-11,10:49:00,2026-08-11 10:49:00
IND-USR-031,28.381157,77.320289,587.6,2026-08-11,11:08:00,2026-08-11 11:08:00
IND-USR-031,28.387969,77.313911,840.1,2026-08-11,11:27:00,2026-08-11 11:27:00
IND-USR-031,28.386806,77.309866,891.6,2026-08-11,11:29:00,2026-08-11 11:29:00
IND-USR-031,28.38524,77.317711,812.6,2026-08-11,11:32:00,2026-08-11 11:32:00
IND-USR-031,28.391329,77.312817,416.6,2026-08-11,11:44:00,2026-08-11 11:44:00
IND-USR-031,28.379387,77.312318,267.6,2026-08-11,11:59:00,2026-08-11 11:59:00
IND-USR-031,28.379154,77.321247,448.6,2026-08-11,12:17:00,2026-08-11 12:17:00
IND-USR-031,28.390695,77.317181,496.2,2026-08-11,12:30:00,2026-08-11 12:30:00
IND-USR-031,28.389385,77.316436,840.8,2026-08-11,12:33:00,2026-08-11 12:33:00
IND-USR-031,28.38412,77.314568,54.1,2026-08-11,12:42:00,2026-08-11 12:42:00
IND-USR-031,28.383258,77.309709,510.5,2026-08-11,12:57:00,2026-08-11 12:57:00
IND-USR-031,28.385557,77.315739,14.8,2026-08-11,13:09:00,2026-08-11 13:09:00
IND-USR-031,28.387481,77.316274,324.6,2026-08-11,13:17:00,2026-08-11 13:17:00
IND-USR-031,28.383849,77.312415,769.2,2026-08-11,13:37:00,2026-08-11 13:37:00
IND-USR-031,28.384789,77.318853,929.4,2026-08-11,13:46:00,2026-08-11 13:46:00
IND-USR-031,28.379927,77.31625,910.3,2026-08-11,14:01:00,2026-08-11 14:01:00
IND-USR-031,28.385432,77.313028,195.1,2026-08-11,14:10:00,2026-08-11 14:10:00
IND-USR-031,28.382149,77.316822,302.2,2026-08-11,14:22:00,2026-08-11 14:22:00
IND-USR-031,28.379966,77.3173,36.2,2026-08-11,14:27:00,2026-08-11 14:27:00
IND-USR-031,28.380919,77.320151,769.6,2026-08-11,14:42:00,2026-08-11 14:42:00
IND-USR-031,28.393851,77.312457,759.4,2026-08-11,15:02:00,2026-08-11 15:02:00
IND-USR-031,28.386637,77.312993,800.1,2026-08-11,15:14:00,2026-08-11 15:14:00
IND-USR-031,28.388664,77.310839,111.4,2026-08-11,15:23:00,2026-08-11 15:23:00
IND-USR-031,28.386422,77.312408,911.3,2026-08-11,15:32:00,2026-08-11 15:32:00
IND-USR-031,28.383672,77.311776,782.3,2026-08-11,15:35:00,2026-08-11 15:35:00
IND-USR-031,28.387789,77.312552,756.5,2026-08-11,15:53:00,2026-08-11 15:53:00
IND-USR-031,28.386708,77.314524,739.2,2026-08-11,15:57:00,2026-08-11 15:57:00
IND-USR-031,28.384042,77.316491,728.3,2026-08-11,16:13:00,2026-08-11 16:13:00
IND-USR-031,28.381453,77.316741,554.2,2026-08-11,16:29:00,2026-08-11 16:29:00
IND-USR-031,28.390621,77.312788,926.1,2026-08-11,16:33:00,2026-08-11 16:33:00
IND-USR-031,28.389187,77.321892,364.8,2026-08-11,16:36:00,2026-08-11 16:36:00
IND-USR-031,28.381235,77.31008,745.7,2026-08-11,16:40:00,2026-08-11 16:40:00
IND-USR-031,28.385708,77.31371,874.0,2026-08-11,16:43:00,2026-08-11 16:43:00
IND-USR-031,28.391974,77.316039,61.5,2026-08-11,16:59:00,2026-08-11 16:59:00
IND-USR-031,28.381291,77.311311,71.8,2026-08-11,17:14:00,2026-08-11 17:14:00
IND-USR-031,28.38886,77.313615,535.7,2026-08-11,17:17:00,2026-08-11 17:17:00
IND-USR-031,28.384675,77.319723,808.9,2026-08-11,17:28:00,2026-08-11 17:28:00
IND-USR-031,28.382563,77.315716,100.1,2026-08-11,17:42:00,2026-08-11 17:42:00
IND-USR-031,28.384434,77.318633,229.1,2026-08-11,17:57:00,2026-08-11 17:57:00
IND-USR-031,28.386863,77.31502,436.2,2026-08-11,17:59:00,2026-08-11 17:59:00
IND-USR-031,28.384755,77.314413,757.5,2026-08-11,18:15:00,2026-08-11 18:15:00
IND-USR-031,28.37859,77.31693,329.2,2026-08-11,18:20:00,2026-08-11 18:20:00
IND-USR-031,28.392069,77.312365,436.8,2026-08-11,18:22:00,2026-08-11 18:22:00
IND-USR-031,28.381408,77.312417,562.5,2026-08-11,18:34:00,2026-08-11 18:34:00
IND-USR-031,28.387398,77.317694,106.5,2026-08-11,18:39:00,2026-08-11 18:39:00
IND-USR-031,28.383866,77.312228,567.3,2026-08-11,18:43:00,2026-08-11 18:43:00
IND-USR-031,28.38487,77.309642,860.1,2026-08-11,18:51:00,2026-08-11 18:51:00
IND-USR-031,28.385074,77.319386,609.1,2026-08-11,18:57:00,2026-08-11 18:57:00
IND-USR-031,28.489995,77.08337,344.1,2026-08-11,19:07:00,2026-08-11 19:07:00
IND-USR-031,28.501318,77.087053,691.1,2026-08-11,19:24:00,2026-08-11 19:24:00
IND-USR-031,28.499544,77.088884,184.8,2026-08-11,19:40:00,2026-08-11 19:40:00
IND-USR-031,28.494352,77.091254,759.2,2026-08-11,19:46:00,2026-08-11 19:46:00
IND-USR-031,28.491464,77.09003,130.0,2026-08-11,19:49:00,2026-08-11 19:49:00
IND-USR-031,28.493474,77.084218,419.7,2026-08-11,20:09:00,2026-08-11 20:09:00
IND-USR-031,28.49635,77.088447,302.5,2026-08-11,20:22:00,2026-08-11 20:22:00
IND-USR-031,28.494372,77.084659,739.0,2026-08-11,20:41:00,2026-08-11 20:41:00
IND-USR-031,28.501366,77.093007,451.4,2026-08-11,20:47:00,2026-08-11 20:47:00
IND-USR-031,28.498857,77.088278,283.6,2026-08-11,20:59:00,2026-08-11 20:59:00
IND-USR-031,28.488083,77.097312,496.6,2026-08-11,21:01:00,2026-08-11 21:01:00
IND-USR-031,28.494756,77.086505,63.9,2026-08-11,21:07:00,2026-08-11 21:07:00
IND-USR-031,28.496667,77.094168,780.0,2026-08-11,21:25:00,2026-08-11 21:25:00
IND-USR-031,28.494908,77.094614,817.2,2026-08-11,21:44:00,2026-08-11 21:44:00
IND-USR-031,28.499332,77.085194,333.2,2026-08-11,21:59:00,2026-08-11 21:59:00
IND-USR-031,28.492305,77.09333,612.1,2026-08-11,22:07:00,2026-08-11 22:07:00
IND-USR-031,28.48415,77.088902,748.1,2026-08-11,22:15:00,2026-08-11 22:15:00
IND-USR-031,28.489277,77.087594,188.0,2026-08-11,22:27:00,2026-08-11 22:27:00
IND-USR-031,28.493805,77.088067,663.1,2026-08-11,22:44:00,2026-08-11 22:44:00
IND-USR-031,28.492791,77.085111,573.8,2026-08-11,23:00:00,2026-08-11 23:00:00
IND-USR-031,28.504168,77.09697,810.9,2026-08-11,23:12:00,2026-08-11 23:12:00
IND-USR-031,28.490352,77.095828,915.3,2026-08-11,23:32:00,2026-08-11 23:32:00
IND-USR-031,28.493402,77.090017,403.6,2026-08-11,23:43:00,2026-08-11 23:43:00
IND-USR-031,28.494747,77.086861,108.6,2026-08-11,23:50:00,2026-08-11 23:50:00
IND-USR-031,28.498935,77.090004,476.2,2026-08-11,23:53:00,2026-08-11 23:53:00
IND-USR-031,28.493094,77.084282,610.4,2026-08-11,23:55:00,2026-08-11 23:55:00
IND-USR-031,28.491426,77.082934,448.5,2026-08-12,00:04:00,2026-08-12 00:04:00
IND-USR-031,28.495049,77.084713,234.7,2026-08-12,00:12:00,2026-08-12 00:12:00
IND-USR-031,28.493938,77.09498,768.8,2026-08-12,00:24:00,2026-08-12 00:24:00
IND-USR-031,28.499797,77.089371,203.0,2026-08-12,00:38:00,2026-08-12 00:38:00
IND-USR-031,28.494652,77.097019,786.5,2026-08-12,00:45:00,2026-08-12 00:45:00
IND-USR-031,28.497083,77.088189,351.0,2026-08-12,00:47:00,2026-08-12 00:47:00
IND-USR-031,28.489296,77.091075,346.4,2026-08-12,00:51:00,2026-08-12 00:51:00
IND-USR-031,28.498317,77.086973,118.3,2026-08-12,01:10:00,2026-08-12 01:10:00
IND-USR-031,28.496165,77.088046,424.0,2026-08-12,01:21:00,2026-08-12 01:21:00
IND-USR-032,28.494264,77.079549,51.3,2026-08-11,06:13:00,2026-08-11 06:13:00
IND-USR-032,28.494113,77.093377,197.2,2026-08-11,06:15:00,2026-08-11 06:15:00
IND-USR-032,28.492474,77.08971,173.7,2026-08-11,06:26:00,2026-08-11 06:26:00
IND-USR-032,28.491976,77.090942,685.7,2026-08-11,06:36:00,2026-08-11 06:36:00
IND-USR-032,28.494134,77.085743,806.7,2026-08-11,06:48:00,2026-08-11 06:48:00
IND-USR-032,28.50033,77.093216,177.8,2026-08-11,06:57:00,2026-08-11 06:57:00
IND-USR-032,28.49258,77.091491,175.5,2026-08-11,06:59:00,2026-08-11 06:59:00
IND-USR-032,28.49715,77.092069,866.0,2026-08-11,07:09:00,2026-08-11 07:09:00
IND-USR-032,28.488223,77.093526,791.6,2026-08-11,07:11:00,2026-08-11 07:11:00
IND-USR-032,28.492721,77.088069,366.2,2026-08-11,07:17:00,2026-08-11 07:17:00
IND-USR-032,28.505552,77.090707,328.1,2026-08-11,07:22:00,2026-08-11 07:22:00
IND-USR-032,28.493455,77.080679,296.8,2026-08-11,07:30:00,2026-08-11 07:30:00
IND-USR-032,28.500559,77.084119,357.5,2026-08-11,07:39:00,2026-08-11 07:39:00
IND-USR-032,28.490986,77.088175,631.3,2026-08-11,07:52:00,2026-08-11 07:52:00
IND-USR-032,28.390166,77.318993,928.5,2026-08-11,08:10:00,2026-08-11 08:10:00
IND-USR-032,28.383869,77.317133,835.7,2026-08-11,08:25:00,2026-08-11 08:25:00
IND-USR-032,28.382098,77.316459,121.4,2026-08-11,08:29:00,2026-08-11 08:29:00
IND-USR-032,28.384793,77.319775,757.2,2026-08-11,08:35:00,2026-08-11 08:35:00
IND-USR-032,28.388369,77.317876,510.6,2026-08-11,08:43:00,2026-08-11 08:43:00
IND-USR-032,28.383051,77.318867,308.9,2026-08-11,08:56:00,2026-08-11 08:56:00
IND-USR-032,28.384132,77.311572,928.4,2026-08-11,09:11:00,2026-08-11 09:11:00
IND-USR-032,28.382887,77.316238,875.8,2026-08-11,09:20:00,2026-08-11 09:20:00
IND-USR-032,28.388141,77.315166,187.8,2026-08-11,09:40:00,2026-08-11 09:40:00
IND-USR-032,28.379663,77.316127,286.5,2026-08-11,09:59:00,2026-08-11 09:59:00
IND-USR-032,28.384954,77.316643,318.0,2026-08-11,10:05:00,2026-08-11 10:05:00
IND-USR-032,28.388179,77.319976,601.7,2026-08-11,10:08:00,2026-08-11 10:08:00
IND-USR-032,28.382123,77.313435,830.5,2026-08-11,10:18:00,2026-08-11 10:18:00
IND-USR-032,28.380339,77.318695,920.3,2026-08-11,10:36:00,2026-08-11 10:36:00
IND-USR-032,28.390295,77.31464,206.7,2026-08-11,10:53:00,2026-08-11 10:53:00
IND-USR-032,28.383534,77.321767,747.6,2026-08-11,10:57:00,2026-08-11 10:57:00
IND-USR-032,28.386522,77.317645,167.4,2026-08-11,11:01:00,2026-08-11 11:01:00
IND-USR-032,28.379736,77.318615,716.2,2026-08-11,11:15:00,2026-08-11 11:15:00
IND-USR-032,28.380783,77.311364,361.8,2026-08-11,11:33:00,2026-08-11 11:33:00
IND-USR-032,28.383113,77.313557,446.4,2026-08-11,11:51:00,2026-08-11 11:51:00
IND-USR-032,28.383614,77.310136,679.7,2026-08-11,12:03:00,2026-08-11 12:03:00
IND-USR-032,28.388335,77.320411,662.8,2026-08-11,12:21:00,2026-08-11 12:21:00
IND-USR-032,28.376711,77.319814,455.3,2026-08-11,12:38:00,2026-08-11 12:38:00
IND-USR-032,28.381258,77.319328,386.9,2026-08-11,12:58:00,2026-08-11 12:58:00
IND-USR-032,28.384226,77.316015,620.8,2026-08-11,13:18:00,2026-08-11 13:18:00
IND-USR-032,28.38376,77.320749,216.4,2026-08-11,13:26:00,2026-08-11 13:26:00
IND-USR-032,28.379542,77.318331,435.0,2026-08-11,13:34:00,2026-08-11 13:34:00
IND-USR-032,28.388905,77.318765,382.1,2026-08-11,13:43:00,2026-08-11 13:43:00
IND-USR-032,28.393799,77.313784,409.5,2026-08-11,13:54:00,2026-08-11 13:54:00
IND-USR-032,28.388329,77.315476,547.1,2026-08-11,14:08:00,2026-08-11 14:08:00
IND-USR-032,28.389434,77.315869,249.3,2026-08-11,14:21:00,2026-08-11 14:21:00
IND-USR-032,28.382948,77.321124,136.3,2026-08-11,14:25:00,2026-08-11 14:25:00
IND-USR-032,28.382534,77.310249,287.3,2026-08-11,14:29:00,2026-08-11 14:29:00
IND-USR-032,28.382433,77.318376,340.5,2026-08-11,14:47:00,2026-08-11 14:47:00
IND-USR-032,28.390068,77.316345,48.7,2026-08-11,15:07:00,2026-08-11 15:07:00
IND-USR-032,28.389773,77.310467,593.9,2026-08-11,15:25:00,2026-08-11 15:25:00
IND-USR-032,28.382727,77.314746,434.1,2026-08-11,15:40:00,2026-08-11 15:40:00
IND-USR-032,28.384042,77.316236,394.4,2026-08-11,15:55:00,2026-08-11 15:55:00
IND-USR-032,28.387264,77.314121,308.0,2026-08-11,16:12:00,2026-08-11 16:12:00
IND-USR-032,28.385056,77.31572,33.2,2026-08-11,16:26:00,2026-08-11 16:26:00
IND-USR-032,28.380796,77.315445,229.8,2026-08-11,16:42:00,2026-08-11 16:42:00
IND-USR-032,28.383925,77.31524,347.5,2026-08-11,16:46:00,2026-08-11 16:46:00
IND-USR-032,28.384627,77.316203,286.8,2026-08-11,16:50:00,2026-08-11 16:50:00
IND-USR-032,28.382771,77.320991,492.0,2026-08-11,17:08:00,2026-08-11 17:08:00
IND-USR-032,28.379822,77.313016,748.7,2026-08-11,17:12:00,2026-08-11 17:12:00
IND-USR-032,28.39562,77.311748,102.5,2026-08-11,17:21:00,2026-08-11 17:21:00
IND-USR-032,28.379085,77.318838,348.6,2026-08-11,17:25:00,2026-08-11 17:25:00
IND-USR-032,28.376192,77.314959,198.3,2026-08-11,17:44:00,2026-08-11 17:44:00
IND-USR-032,28.393083,77.30972,644.6,2026-08-11,17:52:00,2026-08-11 17:52:00
IND-USR-032,28.376572,77.309903,294.6,2026-08-11,18:02:00,2026-08-11 18:02:00
IND-USR-032,28.388093,77.320399,189.2,2026-08-11,18:12:00,2026-08-11 18:12:00
IND-USR-032,28.38245,77.318633,948.5,2026-08-11,18:18:00,2026-08-11 18:18:00
IND-USR-032,28.390061,77.323049,867.6,2026-08-11,18:37:00,2026-08-11 18:37:00
IND-USR-032,28.383515,77.306694,733.9,2026-08-11,18:39:00,2026-08-11 18:39:00
IND-USR-032,28.381216,77.314193,783.0,2026-08-11,18:50:00,2026-08-11 18:50:00
IND-USR-032,28.493964,77.088749,899.1,2026-08-11,19:04:00,2026-08-11 19:04:00
IND-USR-032,28.499476,77.094598,722.3,2026-08-11,19:24:00,2026-08-11 19:24:00
IND-USR-032,28.494313,77.093894,453.7,2026-08-11,19:26:00,2026-08-11 19:26:00
IND-USR-032,28.496431,77.089758,939.9,2026-08-11,19:44:00,2026-08-11 19:44:00
IND-USR-032,28.498626,77.089789,823.5,2026-08-11,19:50:00,2026-08-11 19:50:00
IND-USR-032,28.503231,77.083746,223.3,2026-08-11,19:59:00,2026-08-11 19:59:00
IND-USR-032,28.492939,77.088994,456.0,2026-08-11,20:07:00,2026-08-11 20:07:00
IND-USR-032,28.496758,77.094572,561.8,2026-08-11,20:25:00,2026-08-11 20:25:00
IND-USR-032,28.494902,77.083811,722.2,2026-08-11,20:44:00,2026-08-11 20:44:00
IND-USR-032,28.49837,77.09252,330.2,2026-08-11,21:00:00,2026-08-11 21:00:00
IND-USR-032,28.487233,77.089485,304.3,2026-08-11,21:04:00,2026-08-11 21:04:00
IND-USR-032,28.488639,77.086841,413.1,2026-08-11,21:12:00,2026-08-11 21:12:00
IND-USR-032,28.491389,77.092737,207.0,2026-08-11,21:27:00,2026-08-11 21:27:00
IND-USR-032,28.495467,77.084358,811.8,2026-08-11,21:43:00,2026-08-11 21:43:00
IND-USR-032,28.49852,77.083765,362.2,2026-08-11,21:45:00,2026-08-11 21:45:00
IND-USR-032,28.49632,77.086244,831.3,2026-08-11,22:05:00,2026-08-11 22:05:00
IND-USR-032,28.493537,77.091517,896.8,2026-08-11,22:16:00,2026-08-11 22:16:00
IND-USR-032,28.497086,77.094848,479.8,2026-08-11,22:18:00,2026-08-11 22:18:00
IND-USR-032,28.494671,77.090726,329.4,2026-08-11,22:31:00,2026-08-11 22:31:00
IND-USR-032,28.493249,77.090228,410.2,2026-08-11,22:46:00,2026-08-11 22:46:00
IND-USR-032,28.496758,77.089107,727.1,2026-08-11,23:00:00,2026-08-11 23:00:00
IND-USR-032,28.487785,77.090826,291.7,2026-08-11,23:19:00,2026-08-11 23:19:00
IND-USR-032,28.496458,77.086779,31.8,2026-08-11,23:39:00,2026-08-11 23:39:00
IND-USR-032,28.489862,77.095404,876.8,2026-08-11,23:42:00,2026-08-11 23:42:00
IND-USR-032,28.496966,77.088584,928.6,2026-08-11,23:48:00,2026-08-11 23:48:00
IND-USR-032,28.490452,77.086213,544.1,2026-08-12,00:00:00,2026-08-12 00:00:00
IND-USR-032,28.50021,77.090051,824.9,2026-08-12,00:20:00,2026-08-12 00:20:00
IND-USR-032,28.492798,77.091539,202.0,2026-08-12,00:34:00,2026-08-12 00:34:00
IND-USR-032,28.491742,77.095503,69.9,2026-08-12,00:48:00,2026-08-12 00:48:00
IND-USR-032,28.500411,77.087634,187.0,2026-08-12,01:02:00,2026-08-12 01:02:00
IND-USR-032,28.492485,77.079027,319.1,2026-08-12,01:07:00,2026-08-12 01:07:00
IND-USR-032,28.489074,77.084142,610.7,2026-08-12,01:23:00,2026-08-12 01:23:00
IND-USR-032,28.495541,77.088195,97.6,2026-08-12,01:34:00,2026-08-12 01:34:00
IND-USR-032,28.489619,77.088375,644.4,2026-08-12,01:39:00,2026-08-12 01:39:00
IND-USR-032,28.497021,77.091611,40.1,2026-08-12,01:46:00,2026-08-12 01:46:00
IND-USR-032,28.487401,77.088987,35.2,2026-08-12,02:03:00,2026-08-12 02:03:00
IND-USR-032,28.489467,77.093107,75.3,2026-08-12,02:11:00,2026-08-12 02:11:00
IND-USR-032,28.498137,77.085908,276.8,2026-08-12,02:25:00,2026-08-12 02:25:00
IND-USR-032,28.491936,77.087655,283.6,2026-08-12,02:34:00,2026-08-12 02:34:00
IND-USR-032,28.485989,77.090844,75.8,2026-08-12,02:52:00,2026-08-12 02:52:00
IND-USR-032,28.493909,77.093381,356.5,2026-08-12,02:55:00,2026-08-12 02:55:00
IND-USR-032,28.490606,77.087024,171.5,2026-08-12,02:57:00,2026-08-12 02:57:00
IND-USR-032,28.488974,77.085483,377.6,2026-08-12,03:12:00,2026-08-12 03:12:00
IND-USR-032,28.490272,77.093484,131.4,2026-08-12,03:17:00,2026-08-12 03:17:00
IND-USR-032,28.492207,77.089997,459.6,2026-08-12,03:32:00,2026-08-12 03:32:00
IND-USR-032,28.493477,77.084422,375.7,2026-08-12,03:36:00,2026-08-12 03:36:00
IND-USR-032,28.494327,77.091896,132.1,2026-08-12,03:44:00,2026-08-12 03:44:00
IND-USR-032,28.490169,77.092736,301.2,2026-08-12,03:52:00,2026-08-12 03:52:00
IND-USR-033,31.101401,77.171468,577.5,2026-08-11,06:07:00,2026-08-11 06:07:00
IND-USR-033,31.106923,77.170746,562.2,2026-08-11,06:18:00,2026-08-11 06:18:00
IND-USR-033,31.10495,77.172141,683.8,2026-08-11,06:36:00,2026-08-11 06:36:00
IND-USR-033,31.105317,77.163877,268.9,2026-08-11,06:52:00,2026-08-11 06:52:00
IND-USR-033,31.097481,77.175864,941.6,2026-08-11,06:54:00,2026-08-11 06:54:00
IND-USR-033,31.108949,77.169758,70.1,2026-08-11,07:10:00,2026-08-11 07:10:00
IND-USR-033,31.103824,77.174579,578.6,2026-08-11,07:24:00,2026-08-11 07:24:00
IND-USR-033,31.107573,77.165289,504.3,2026-08-11,07:33:00,2026-08-11 07:33:00
IND-USR-033,31.101256,77.17207,836.5,2026-08-11,07:53:00,2026-08-11 07:53:00
IND-USR-033,32.221813,76.333394,444.9,2026-08-11,08:09:00,2026-08-11 08:09:00
IND-USR-033,32.218088,76.317772,703.1,2026-08-11,08:12:00,2026-08-11 08:12:00
IND-USR-033,32.220609,76.328684,617.5,2026-08-11,08:23:00,2026-08-11 08:23:00
IND-USR-033,32.219432,76.319773,336.0,2026-08-11,08:39:00,2026-08-11 08:39:00
IND-USR-033,32.222832,76.326054,377.6,2026-08-11,08:50:00,2026-08-11 08:50:00
IND-USR-033,32.214896,76.324926,400.1,2026-08-11,08:57:00,2026-08-11 08:57:00
IND-USR-033,32.222989,76.328128,856.0,2026-08-11,09:04:00,2026-08-11 09:04:00
IND-USR-033,32.218734,76.321968,440.4,2026-08-11,09:19:00,2026-08-11 09:19:00
IND-USR-033,32.223909,76.318559,666.6,2026-08-11,09:26:00,2026-08-11 09:26:00
IND-USR-033,32.220754,76.31792,379.9,2026-08-11,09:31:00,2026-08-11 09:31:00
IND-USR-033,32.223262,76.322368,235.3,2026-08-11,09:34:00,2026-08-11 09:34:00
IND-USR-033,32.224074,76.325366,267.3,2026-08-11,09:41:00,2026-08-11 09:41:00
IND-USR-033,32.214107,76.329099,284.4,2026-08-11,10:00:00,2026-08-11 10:00:00
IND-USR-033,32.225205,76.326929,666.2,2026-08-11,10:04:00,2026-08-11 10:04:00
IND-USR-033,32.215954,76.322176,864.2,2026-08-11,10:12:00,2026-08-11 10:12:00
IND-USR-033,32.219582,76.320585,942.8,2026-08-11,10:27:00,2026-08-11 10:27:00
IND-USR-033,32.225769,76.323977,124.0,2026-08-11,10:46:00,2026-08-11 10:46:00
IND-USR-033,32.208187,76.324757,81.9,2026-08-11,10:59:00,2026-08-11 10:59:00
IND-USR-033,32.217607,76.3231,484.1,2026-08-11,11:04:00,2026-08-11 11:04:00
IND-USR-033,32.217526,76.326628,395.5,2026-08-11,11:16:00,2026-08-11 11:16:00
IND-USR-033,32.223479,76.324532,247.6,2026-08-11,11:23:00,2026-08-11 11:23:00
IND-USR-033,32.217643,76.323235,52.0,2026-08-11,11:41:00,2026-08-11 11:41:00
IND-USR-033,32.219078,76.32019,78.8,2026-08-11,11:43:00,2026-08-11 11:43:00
IND-USR-033,32.221316,76.32524,368.3,2026-08-11,11:59:00,2026-08-11 11:59:00
IND-USR-033,32.225162,76.328421,814.4,2026-08-11,12:13:00,2026-08-11 12:13:00
IND-USR-033,32.216257,76.326681,45.5,2026-08-11,12:27:00,2026-08-11 12:27:00
IND-USR-033,32.215196,76.326184,117.8,2026-08-11,12:37:00,2026-08-11 12:37:00
IND-USR-033,32.216934,76.319307,317.5,2026-08-11,12:43:00,2026-08-11 12:43:00
IND-USR-033,32.22012,76.312702,465.7,2026-08-11,12:59:00,2026-08-11 12:59:00
IND-USR-033,32.211996,76.32269,87.6,2026-08-11,13:03:00,2026-08-11 13:03:00
IND-USR-033,32.21933,76.321923,680.8,2026-08-11,13:12:00,2026-08-11 13:12:00
IND-USR-033,32.212682,76.320128,141.8,2026-08-11,13:28:00,2026-08-11 13:28:00
IND-USR-033,32.220565,76.325727,801.1,2026-08-11,13:38:00,2026-08-11 13:38:00
IND-USR-033,32.218935,76.328027,798.2,2026-08-11,13:45:00,2026-08-11 13:45:00
IND-USR-033,32.22059,76.32041,176.6,2026-08-11,13:50:00,2026-08-11 13:50:00
IND-USR-033,32.217878,76.317789,512.6,2026-08-11,13:55:00,2026-08-11 13:55:00
IND-USR-033,32.218567,76.327848,168.3,2026-08-11,14:09:00,2026-08-11 14:09:00
IND-USR-033,32.221741,76.329008,646.7,2026-08-11,14:11:00,2026-08-11 14:11:00
IND-USR-033,32.217788,76.328784,424.2,2026-08-11,14:17:00,2026-08-11 14:17:00
IND-USR-033,32.218227,76.329286,213.7,2026-08-11,14:24:00,2026-08-11 14:24:00
IND-USR-033,32.218913,76.326229,849.1,2026-08-11,14:27:00,2026-08-11 14:27:00
IND-USR-033,32.2249,76.322626,213.2,2026-08-11,14:46:00,2026-08-11 14:46:00
IND-USR-033,32.219874,76.328555,796.3,2026-08-11,14:49:00,2026-08-11 14:49:00
IND-USR-033,32.218468,76.318116,612.6,2026-08-11,15:07:00,2026-08-11 15:07:00
IND-USR-033,32.227572,76.321521,377.2,2026-08-11,15:12:00,2026-08-11 15:12:00
IND-USR-033,32.219635,76.328024,427.3,2026-08-11,15:23:00,2026-08-11 15:23:00
IND-USR-033,32.216566,76.319369,55.7,2026-08-11,15:25:00,2026-08-11 15:25:00
IND-USR-033,32.220015,76.316228,731.1,2026-08-11,15:39:00,2026-08-11 15:39:00
IND-USR-033,32.217848,76.32438,362.2,2026-08-11,15:48:00,2026-08-11 15:48:00
IND-USR-033,32.21792,76.317226,198.0,2026-08-11,15:57:00,2026-08-11 15:57:00
IND-USR-033,32.225377,76.323814,406.4,2026-08-11,15:59:00,2026-08-11 15:59:00
IND-USR-033,32.224725,76.32236,326.9,2026-08-11,16:01:00,2026-08-11 16:01:00
IND-USR-033,32.21548,76.324477,649.2,2026-08-11,16:09:00,2026-08-11 16:09:00
IND-USR-033,32.218137,76.318689,217.3,2026-08-11,16:13:00,2026-08-11 16:13:00
IND-USR-033,32.224879,76.320911,759.1,2026-08-11,16:18:00,2026-08-11 16:18:00
IND-USR-033,32.211639,76.328713,690.6,2026-08-11,16:25:00,2026-08-11 16:25:00
IND-USR-033,32.216983,76.320969,400.7,2026-08-11,16:28:00,2026-08-11 16:28:00
IND-USR-033,32.211938,76.330364,776.7,2026-08-11,16:33:00,2026-08-11 16:33:00
IND-USR-033,32.213842,76.323634,538.3,2026-08-11,16:45:00,2026-08-11 16:45:00
IND-USR-033,32.22265,76.325087,597.2,2026-08-11,16:53:00,2026-08-11 16:53:00
IND-USR-033,32.218761,76.316593,381.4,2026-08-11,17:12:00,2026-08-11 17:12:00
IND-USR-033,32.215761,76.324151,123.6,2026-08-11,17:27:00,2026-08-11 17:27:00
IND-USR-033,32.215851,76.324213,109.5,2026-08-11,17:35:00,2026-08-11 17:35:00
IND-USR-033,32.221727,76.32725,173.2,2026-08-11,17:47:00,2026-08-11 17:47:00
IND-USR-033,32.214095,76.332187,624.8,2026-08-11,18:01:00,2026-08-11 18:01:00
IND-USR-033,32.22207,76.323393,375.8,2026-08-11,18:03:00,2026-08-11 18:03:00
IND-USR-033,32.223358,76.332862,216.9,2026-08-11,18:19:00,2026-08-11 18:19:00
IND-USR-033,32.213245,76.322499,620.9,2026-08-11,18:29:00,2026-08-11 18:29:00
IND-USR-033,32.209486,76.324171,51.3,2026-08-11,18:42:00,2026-08-11 18:42:00
IND-USR-033,32.220462,76.323243,396.4,2026-08-11,18:50:00,2026-08-11 18:50:00
IND-USR-033,31.102182,77.165202,934.1,2026-08-11,19:07:00,2026-08-11 19:07:00
IND-USR-033,31.106294,77.179222,679.8,2026-08-11,19:12:00,2026-08-11 19:12:00
IND-USR-033,31.102436,77.17516,171.2,2026-08-11,19:32:00,2026-08-11 19:32:00
IND-USR-033,31.098527,77.175229,573.9,2026-08-11,19:37:00,2026-08-11 19:37:00
IND-USR-033,31.103226,77.17035,647.2,2026-08-11,19:51:00,2026-08-11 19:51:00
IND-USR-033,31.101759,77.171826,322.1,2026-08-11,19:57:00,2026-08-11 19:57:00
IND-USR-033,31.10633,77.168151,929.3,2026-08-11,20:09:00,2026-08-11 20:09:00
IND-USR-033,31.103212,77.173234,73.5,2026-08-11,20:26:00,2026-08-11 20:26:00
IND-USR-033,31.100404,77.180587,582.0,2026-08-11,20:28:00,2026-08-11 20:28:00
IND-USR-033,31.101386,77.170722,432.0,2026-08-11,20:48:00,2026-08-11 20:48:00
IND-USR-033,31.100887,77.180594,612.2,2026-08-11,21:06:00,2026-08-11 21:06:00
IND-USR-033,31.107012,77.169654,483.2,2026-08-11,21:15:00,2026-08-11 21:15:00
IND-USR-033,31.109225,77.174203,228.6,2026-08-11,21:17:00,2026-08-11 21:17:00
IND-USR-033,31.105829,77.172022,300.3,2026-08-11,21:22:00,2026-08-11 21:22:00
IND-USR-033,31.101802,77.174751,721.8,2026-08-11,21:37:00,2026-08-11 21:37:00
IND-USR-033,31.10262,77.180667,66.3,2026-08-11,21:41:00,2026-08-11 21:41:00
IND-USR-033,31.099723,77.179545,478.8,2026-08-11,21:54:00,2026-08-11 21:54:00
IND-USR-033,31.104355,77.174596,152.6,2026-08-11,22:02:00,2026-08-11 22:02:00
IND-USR-033,31.108133,77.170879,613.5,2026-08-11,22:10:00,2026-08-11 22:10:00
IND-USR-033,31.108257,77.16257,878.0,2026-08-11,22:19:00,2026-08-11 22:19:00
IND-USR-033,31.10192,77.169704,704.9,2026-08-11,22:35:00,2026-08-11 22:35:00
IND-USR-033,31.099786,77.17254,136.2,2026-08-11,22:47:00,2026-08-11 22:47:00
IND-USR-033,31.106343,77.176211,615.0,2026-08-11,22:59:00,2026-08-11 22:59:00
IND-USR-033,31.105764,77.170737,499.6,2026-08-11,23:02:00,2026-08-11 23:02:00
IND-USR-033,31.106276,77.173897,619.2,2026-08-11,23:17:00,2026-08-11 23:17:00
IND-USR-033,31.108544,77.176508,715.5,2026-08-11,23:28:00,2026-08-11 23:28:00
IND-USR-033,31.104922,77.169811,806.1,2026-08-11,23:37:00,2026-08-11 23:37:00
IND-USR-033,31.102188,77.171201,332.2,2026-08-11,23:49:00,2026-08-11 23:49:00
IND-USR-033,31.103539,77.174472,517.0,2026-08-11,23:57:00,2026-08-11 23:57:00
IND-USR-033,31.107661,77.173196,763.4,2026-08-12,00:06:00,2026-08-12 00:06:00
IND-USR-033,31.104864,77.173973,581.6,2026-08-12,00:15:00,2026-08-12 00:15:00
IND-USR-034,31.102736,77.169698,182.5,2026-08-07,06:12:00,2026-08-07 06:12:00
IND-USR-034,31.097778,77.170619,70.7,2026-08-07,06:14:00,2026-08-07 06:14:00
IND-USR-034,31.106693,77.170588,75.8,2026-08-07,06:31:00,2026-08-07 06:31:00
IND-USR-034,31.103849,77.175266,59.0,2026-08-07,06:39:00,2026-08-07 06:39:00
IND-USR-034,31.106883,77.169082,892.0,2026-08-07,06:45:00,2026-08-07 06:45:00
IND-USR-034,31.108788,77.177909,96.3,2026-08-07,06:51:00,2026-08-07 06:51:00
IND-USR-034,31.100281,77.170105,525.9,2026-08-07,07:11:00,2026-08-07 07:11:00
IND-USR-034,31.109564,77.172813,232.1,2026-08-07,07:19:00,2026-08-07 07:19:00
IND-USR-034,31.095921,77.167801,410.7,2026-08-07,07:23:00,2026-08-07 07:23:00
IND-USR-034,31.103803,77.168748,302.8,2026-08-07,07:39:00,2026-08-07 07:39:00
IND-USR-034,31.103146,77.17353,240.2,2026-08-07,07:47:00,2026-08-07 07:47:00
IND-USR-034,31.110649,77.172238,579.5,2026-08-07,07:54:00,2026-08-07 07:54:00
IND-USR-034,32.22329,76.329115,278.2,2026-08-07,08:05:00,2026-08-07 08:05:00
IND-USR-034,32.224737,76.324539,919.7,2026-08-07,08:21:00,2026-08-07 08:21:00
IND-USR-034,32.211147,76.325243,265.5,2026-08-07,08:29:00,2026-08-07 08:29:00
IND-USR-034,32.223194,76.323076,85.2,2026-08-07,08:46:00,2026-08-07 08:46:00
IND-USR-034,32.225978,76.326839,384.3,2026-08-07,08:59:00,2026-08-07 08:59:00
IND-USR-034,32.221273,76.327746,452.5,2026-08-07,09:06:00,2026-08-07 09:06:00
IND-USR-034,32.220333,76.313429,485.0,2026-08-07,09:21:00,2026-08-07 09:21:00
IND-USR-034,32.217003,76.328189,724.7,2026-08-07,09:36:00,2026-08-07 09:36:00
IND-USR-034,32.21577,76.322506,28.6,2026-08-07,09:53:00,2026-08-07 09:53:00
IND-USR-034,32.214821,76.330536,411.8,2026-08-07,10:07:00,2026-08-07 10:07:00
IND-USR-034,32.225726,76.319865,723.3,2026-08-07,10:11:00,2026-08-07 10:11:00
IND-USR-034,32.219589,76.320678,569.5,2026-08-07,10:22:00,2026-08-07 10:22:00
IND-USR-034,32.22146,76.325439,529.7,2026-08-07,10:28:00,2026-08-07 10:28:00
IND-USR-034,32.222247,76.324728,251.9,2026-08-07,10:35:00,2026-08-07 10:35:00
IND-USR-034,32.230742,76.319288,297.5,2026-08-07,10:51:00,2026-08-07 10:51:00
IND-USR-034,32.212158,76.321828,362.6,2026-08-07,11:02:00,2026-08-07 11:02:00
IND-USR-034,32.212728,76.31743,77.6,2026-08-07,11:19:00,2026-08-07 11:19:00
IND-USR-034,32.214995,76.319711,682.0,2026-08-07,11:25:00,2026-08-07 11:25:00
IND-USR-034,32.215182,76.325473,155.4,2026-08-07,11:33:00,2026-08-07 11:33:00
IND-USR-034,32.216975,76.322682,13.9,2026-08-07,11:41:00,2026-08-07 11:41:00
IND-USR-034,32.222577,76.320335,696.5,2026-08-07,11:59:00,2026-08-07 11:59:00
IND-USR-034,32.217942,76.324863,472.0,2026-08-07,12:12:00,2026-08-07 12:12:00
IND-USR-034,32.211234,76.31386,893.9,2026-08-07,12:27:00,2026-08-07 12:27:00
IND-USR-034,32.220384,76.325368,371.0,2026-08-07,12:40:00,2026-08-07 12:40:00
IND-USR-034,32.227257,76.324032,612.6,2026-08-07,12:51:00,2026-08-07 12:51:00
IND-USR-034,32.222279,76.322618,77.0,2026-08-07,13:11:00,2026-08-07 13:11:00
IND-USR-034,32.220189,76.330069,942.9,2026-08-07,13:14:00,2026-08-07 13:14:00
IND-USR-034,32.210504,76.325054,371.7,2026-08-07,13:19:00,2026-08-07 13:19:00
IND-USR-034,32.227542,76.324528,162.6,2026-08-07,13:39:00,2026-08-07 13:39:00
IND-USR-034,32.225602,76.320883,909.7,2026-08-07,13:54:00,2026-08-07 13:54:00
IND-USR-034,32.218872,76.323534,489.0,2026-08-07,14:07:00,2026-08-07 14:07:00
IND-USR-034,32.21013,76.318727,606.9,2026-08-07,14:24:00,2026-08-07 14:24:00
IND-USR-034,32.214612,76.326688,664.7,2026-08-07,14:37:00,2026-08-07 14:37:00
IND-USR-034,32.222489,76.324696,880.9,2026-08-07,14:51:00,2026-08-07 14:51:00
IND-USR-034,32.222296,76.322743,237.8,2026-08-07,15:00:00,2026-08-07 15:00:00
IND-USR-034,32.223808,76.323435,876.2,2026-08-07,15:03:00,2026-08-07 15:03:00
IND-USR-034,32.219231,76.322338,603.1,2026-08-07,15:16:00,2026-08-07 15:16:00
IND-USR-034,32.221738,76.321715,665.6,2026-08-07,15:18:00,2026-08-07 15:18:00
IND-USR-034,32.222906,76.318871,255.7,2026-08-07,15:24:00,2026-08-07 15:24:00
IND-USR-034,32.214604,76.32615,897.6,2026-08-07,15:40:00,2026-08-07 15:40:00
IND-USR-034,32.218646,76.321584,249.0,2026-08-07,15:46:00,2026-08-07 15:46:00
IND-USR-034,32.22256,76.320971,904.7,2026-08-07,16:06:00,2026-08-07 16:06:00
IND-USR-034,32.218199,76.328997,21.6,2026-08-07,16:13:00,2026-08-07 16:13:00
IND-USR-034,32.225157,76.32969,615.7,2026-08-07,16:17:00,2026-08-07 16:17:00
IND-USR-034,32.217871,76.328323,383.8,2026-08-07,16:31:00,2026-08-07 16:31:00
IND-USR-034,32.215204,76.319772,925.7,2026-08-07,16:51:00,2026-08-07 16:51:00
IND-USR-034,32.209598,76.330091,497.4,2026-08-07,16:55:00,2026-08-07 16:55:00
IND-USR-034,32.215544,76.322894,833.4,2026-08-07,17:03:00,2026-08-07 17:03:00
IND-USR-034,32.215359,76.326181,790.0,2026-08-07,17:10:00,2026-08-07 17:10:00
IND-USR-034,32.217497,76.318181,660.3,2026-08-07,17:20:00,2026-08-07 17:20:00
IND-USR-034,32.220767,76.317665,919.6,2026-08-07,17:38:00,2026-08-07 17:38:00
IND-USR-034,32.21565,76.314972,560.9,2026-08-07,17:52:00,2026-08-07 17:52:00
IND-USR-034,32.213304,76.324114,717.3,2026-08-07,18:07:00,2026-08-07 18:07:00
IND-USR-034,32.211142,76.317475,112.7,2026-08-07,18:11:00,2026-08-07 18:11:00
IND-USR-034,32.218991,76.321226,740.1,2026-08-07,18:31:00,2026-08-07 18:31:00
IND-USR-034,32.226968,76.330736,775.4,2026-08-07,18:44:00,2026-08-07 18:44:00
IND-USR-034,32.215528,76.325629,713.8,2026-08-07,18:54:00,2026-08-07 18:54:00
IND-USR-034,31.107797,77.17101,667.1,2026-08-07,19:08:00,2026-08-07 19:08:00
IND-USR-034,31.098818,77.173351,937.8,2026-08-07,19:10:00,2026-08-07 19:10:00
IND-USR-034,31.104109,77.171657,11.5,2026-08-07,19:27:00,2026-08-07 19:27:00
IND-USR-034,31.106569,77.170397,737.3,2026-08-07,19:31:00,2026-08-07 19:31:00
IND-USR-034,31.100192,77.173836,503.5,2026-08-07,19:46:00,2026-08-07 19:46:00
IND-USR-034,31.106344,77.168693,699.1,2026-08-07,19:57:00,2026-08-07 19:57:00
IND-USR-034,31.108512,77.166318,175.8,2026-08-07,20:04:00,2026-08-07 20:04:00
IND-USR-034,31.102488,77.172368,671.8,2026-08-07,20:11:00,2026-08-07 20:11:00
IND-USR-034,31.102255,77.17114,467.3,2026-08-07,20:19:00,2026-08-07 20:19:00
IND-USR-034,31.112284,77.169996,901.6,2026-08-07,20:37:00,2026-08-07 20:37:00
IND-USR-034,31.114565,77.175149,543.1,2026-08-07,20:53:00,2026-08-07 20:53:00
IND-USR-034,31.105168,77.175305,184.5,2026-08-07,21:01:00,2026-08-07 21:01:00
IND-USR-034,31.11492,77.169426,714.9,2026-08-07,21:04:00,2026-08-07 21:04:00
IND-USR-034,31.100318,77.170381,253.8,2026-08-07,21:12:00,2026-08-07 21:12:00
IND-USR-034,31.104929,77.166497,424.3,2026-08-07,21:27:00,2026-08-07 21:27:00
IND-USR-034,31.104889,77.180174,826.3,2026-08-07,21:32:00,2026-08-07 21:32:00
IND-USR-034,31.105406,77.172229,85.0,2026-08-07,21:39:00,2026-08-07 21:39:00
IND-USR-034,31.102327,77.176994,365.1,2026-08-07,21:43:00,2026-08-07 21:43:00
IND-USR-034,31.101497,77.180786,70.4,2026-08-07,21:53:00,2026-08-07 21:53:00
IND-USR-034,31.112533,77.174427,560.5,2026-08-07,21:55:00,2026-08-07 21:55:00
IND-USR-034,31.104754,77.177523,466.1,2026-08-07,22:12:00,2026-08-07 22:12:00
IND-USR-034,31.109179,77.170176,18.9,2026-08-07,22:17:00,2026-08-07 22:17:00
IND-USR-034,31.102694,77.168111,716.7,2026-08-07,22:27:00,2026-08-07 22:27:00
IND-USR-034,31.106436,77.176067,635.4,2026-08-07,22:29:00,2026-08-07 22:29:00
IND-USR-034,31.0994,77.171579,101.0,2026-08-07,22:32:00,2026-08-07 22:32:00
IND-USR-034,31.099411,77.169805,754.3,2026-08-07,22:50:00,2026-08-07 22:50:00
IND-USR-034,31.107004,77.170466,576.8,2026-08-07,23:04:00,2026-08-07 23:04:00
IND-USR-034,31.103597,77.166891,886.2,2026-08-07,23:14:00,2026-08-07 23:14:00
IND-USR-034,31.105548,77.173223,721.5,2026-08-07,23:31:00,2026-08-07 23:31:00
IND-USR-034,31.101884,77.172644,326.4,2026-08-07,23:46:00,2026-08-07 23:46:00
IND-USR-034,31.105521,77.170141,949.5,2026-08-07,23:58:00,2026-08-07 23:58:00
IND-USR-034,31.098895,77.180622,894.5,2026-08-08,00:07:00,2026-08-08 00:07:00
IND-USR-034,31.102267,77.173013,365.7,2026-08-08,00:21:00,2026-08-08 00:21:00
IND-USR-034,31.108843,77.187516,926.8,2026-08-08,00:24:00,2026-08-08 00:24:00
IND-USR-034,31.099822,77.175199,767.9,2026-08-08,00:36:00,2026-08-08 00:36:00
IND-USR-034,31.10197,77.171245,439.5,2026-08-08,00:38:00,2026-08-08 00:38:00
IND-USR-034,31.101919,77.168897,691.7,2026-08-08,00:52:00,2026-08-08 00:52:00
IND-USR-034,31.104635,77.167502,34.1,2026-08-08,00:58:00,2026-08-08 00:58:00
IND-USR-034,31.108587,77.17362,826.9,2026-08-08,01:03:00,2026-08-08 01:03:00
IND-USR-034,31.10649,77.171535,904.0,2026-08-08,01:13:00,2026-08-08 01:13:00
IND-USR-034,31.103331,77.17455,356.3,2026-08-08,01:22:00,2026-08-08 01:22:00
IND-USR-034,31.100144,77.171968,494.0,2026-08-08,01:39:00,2026-08-08 01:39:00
IND-USR-034,31.101362,77.169838,12.9,2026-08-08,01:47:00,2026-08-08 01:47:00
IND-USR-034,31.096361,77.178757,25.6,2026-08-08,01:59:00,2026-08-08 01:59:00
IND-USR-035,31.102054,77.178054,647.3,2026-08-06,06:12:00,2026-08-06 06:12:00
IND-USR-035,31.109075,77.168256,580.4,2026-08-06,06:21:00,2026-08-06 06:21:00
IND-USR-035,31.100446,77.183642,704.9,2026-08-06,06:35:00,2026-08-06 06:35:00
IND-USR-035,31.111804,77.173274,337.4,2026-08-06,06:39:00,2026-08-06 06:39:00
IND-USR-035,31.105829,77.170877,937.7,2026-08-06,06:56:00,2026-08-06 06:56:00
IND-USR-035,31.106529,77.170531,700.2,2026-08-06,07:01:00,2026-08-06 07:01:00
IND-USR-035,31.096671,77.168114,580.7,2026-08-06,07:12:00,2026-08-06 07:12:00
IND-USR-035,31.104884,77.168876,827.7,2026-08-06,07:18:00,2026-08-06 07:18:00
IND-USR-035,31.104531,77.169101,747.8,2026-08-06,07:38:00,2026-08-06 07:38:00
IND-USR-035,31.101671,77.176813,39.8,2026-08-06,07:56:00,2026-08-06 07:56:00
IND-USR-035,32.21999,76.323361,759.0,2026-08-06,08:13:00,2026-08-06 08:13:00
IND-USR-035,32.222516,76.325322,792.4,2026-08-06,08:24:00,2026-08-06 08:24:00
IND-USR-035,32.224786,76.321561,938.0,2026-08-06,08:43:00,2026-08-06 08:43:00
IND-USR-035,32.217281,76.318196,168.0,2026-08-06,08:59:00,2026-08-06 08:59:00
IND-USR-035,32.217284,76.327259,907.7,2026-08-06,09:15:00,2026-08-06 09:15:00
IND-USR-035,32.2242,76.327241,632.9,2026-08-06,09:32:00,2026-08-06 09:32:00
IND-USR-035,32.211823,76.327733,238.8,2026-08-06,09:41:00,2026-08-06 09:41:00
IND-USR-035,32.211646,76.326992,718.1,2026-08-06,09:48:00,2026-08-06 09:48:00
IND-USR-035,32.217529,76.32621,109.1,2026-08-06,09:52:00,2026-08-06 09:52:00
IND-USR-035,32.21367,76.328085,160.6,2026-08-06,09:54:00,2026-08-06 09:54:00
IND-USR-035,32.21314,76.320726,858.5,2026-08-06,10:06:00,2026-08-06 10:06:00
IND-USR-035,32.215008,76.316383,217.2,2026-08-06,10:16:00,2026-08-06 10:16:00
IND-USR-035,32.219378,76.330624,636.0,2026-08-06,10:26:00,2026-08-06 10:26:00
IND-USR-035,32.229668,76.323789,635.5,2026-08-06,10:31:00,2026-08-06 10:31:00
IND-USR-035,32.223467,76.324328,605.5,2026-08-06,10:50:00,2026-08-06 10:50:00
IND-USR-035,32.220996,76.322031,95.0,2026-08-06,11:07:00,2026-08-06 11:07:00
IND-USR-035,32.21978,76.32555,829.6,2026-08-06,11:19:00,2026-08-06 11:19:00
IND-USR-035,32.216686,76.32309,730.4,2026-08-06,11:39:00,2026-08-06 11:39:00
IND-USR-035,32.218766,76.326706,615.3,2026-08-06,11:43:00,2026-08-06 11:43:00
IND-USR-035,32.214736,76.323194,865.6,2026-08-06,11:57:00,2026-08-06 11:57:00
IND-USR-035,32.226648,76.328056,624.7,2026-08-06,12:11:00,2026-08-06 12:11:00
IND-USR-035,32.224397,76.323498,918.3,2026-08-06,12:30:00,2026-08-06 12:30:00
IND-USR-035,32.220284,76.327409,769.9,2026-08-06,12:45:00,2026-08-06 12:45:00
IND-USR-035,32.225241,76.315594,253.5,2026-08-06,12:54:00,2026-08-06 12:54:00
IND-USR-035,32.213738,76.328638,92.4,2026-08-06,13:05:00,2026-08-06 13:05:00
IND-USR-035,32.217892,76.320713,329.8,2026-08-06,13:09:00,2026-08-06 13:09:00
IND-USR-035,32.213983,76.32118,891.0,2026-08-06,13:29:00,2026-08-06 13:29:00
IND-USR-035,32.213391,76.331764,548.5,2026-08-06,13:34:00,2026-08-06 13:34:00
IND-USR-035,32.21891,76.323168,812.1,2026-08-06,13:40:00,2026-08-06 13:40:00
IND-USR-035,32.221352,76.327249,552.3,2026-08-06,13:54:00,2026-08-06 13:54:00
IND-USR-035,32.222784,76.327694,302.2,2026-08-06,13:56:00,2026-08-06 13:56:00
IND-USR-035,32.216477,76.322209,513.5,2026-08-06,14:16:00,2026-08-06 14:16:00
IND-USR-035,32.222076,76.32129,931.1,2026-08-06,14:30:00,2026-08-06 14:30:00
IND-USR-035,32.21898,76.324995,735.0,2026-08-06,14:42:00,2026-08-06 14:42:00
IND-USR-035,32.222141,76.316289,498.6,2026-08-06,14:48:00,2026-08-06 14:48:00
IND-USR-035,32.221859,76.322465,218.8,2026-08-06,15:08:00,2026-08-06 15:08:00
IND-USR-035,32.22183,76.326508,18.6,2026-08-06,15:22:00,2026-08-06 15:22:00
IND-USR-035,32.225432,76.328814,307.0,2026-08-06,15:38:00,2026-08-06 15:38:00
IND-USR-035,32.224386,76.329175,797.0,2026-08-06,15:49:00,2026-08-06 15:49:00
IND-USR-035,32.220166,76.323529,649.2,2026-08-06,16:06:00,2026-08-06 16:06:00
IND-USR-035,32.222491,76.326328,575.4,2026-08-06,16:12:00,2026-08-06 16:12:00
IND-USR-035,32.217764,76.325019,712.2,2026-08-06,16:18:00,2026-08-06 16:18:00
IND-USR-035,32.21886,76.319984,572.9,2026-08-06,16:21:00,2026-08-06 16:21:00
IND-USR-035,32.224162,76.323621,482.2,2026-08-06,16:32:00,2026-08-06 16:32:00
IND-USR-035,32.227195,76.316898,267.0,2026-08-06,16:37:00,2026-08-06 16:37:00
IND-USR-035,32.216773,76.323531,459.6,2026-08-06,16:57:00,2026-08-06 16:57:00
IND-USR-035,32.22355,76.324998,475.3,2026-08-06,17:05:00,2026-08-06 17:05:00
IND-USR-035,32.220242,76.318891,65.3,2026-08-06,17:19:00,2026-08-06 17:19:00
IND-USR-035,32.214372,76.32469,153.5,2026-08-06,17:31:00,2026-08-06 17:31:00
IND-USR-035,32.213544,76.321272,807.2,2026-08-06,17:39:00,2026-08-06 17:39:00
IND-USR-035,32.221004,76.319471,668.4,2026-08-06,17:48:00,2026-08-06 17:48:00
IND-USR-035,32.225421,76.328296,877.8,2026-08-06,17:51:00,2026-08-06 17:51:00
IND-USR-035,32.212714,76.319671,815.4,2026-08-06,17:58:00,2026-08-06 17:58:00
IND-USR-035,32.209857,76.32027,291.2,2026-08-06,18:12:00,2026-08-06 18:12:00
IND-USR-035,32.222066,76.321744,941.6,2026-08-06,18:19:00,2026-08-06 18:19:00
IND-USR-035,32.220843,76.317311,378.7,2026-08-06,18:38:00,2026-08-06 18:38:00
IND-USR-035,32.222192,76.32118,647.2,2026-08-06,18:53:00,2026-08-06 18:53:00
IND-USR-035,31.104849,77.173029,722.3,2026-08-06,19:06:00,2026-08-06 19:06:00
IND-USR-035,31.099714,77.168788,77.5,2026-08-06,19:20:00,2026-08-06 19:20:00
IND-USR-035,31.108671,77.174996,275.4,2026-08-06,19:31:00,2026-08-06 19:31:00
IND-USR-035,31.109,77.174699,669.0,2026-08-06,19:39:00,2026-08-06 19:39:00
IND-USR-035,31.105372,77.166496,380.1,2026-08-06,19:58:00,2026-08-06 19:58:00
IND-USR-035,31.103719,77.17329,314.0,2026-08-06,20:04:00,2026-08-06 20:04:00
IND-USR-035,31.112612,77.176148,823.9,2026-08-06,20:24:00,2026-08-06 20:24:00
IND-USR-035,31.110944,77.17579,808.8,2026-08-06,20:27:00,2026-08-06 20:27:00
IND-USR-035,31.101955,77.173868,440.1,2026-08-06,20:38:00,2026-08-06 20:38:00
IND-USR-035,31.105745,77.169643,552.5,2026-08-06,20:45:00,2026-08-06 20:45:00
IND-USR-035,31.103262,77.172577,664.2,2026-08-06,21:01:00,2026-08-06 21:01:00
IND-USR-035,31.111222,77.165077,853.4,2026-08-06,21:12:00,2026-08-06 21:12:00
IND-USR-035,31.109623,77.169653,215.0,2026-08-06,21:20:00,2026-08-06 21:20:00
IND-USR-035,31.099312,77.17812,701.2,2026-08-06,21:28:00,2026-08-06 21:28:00
IND-USR-035,31.107728,77.178418,350.5,2026-08-06,21:30:00,2026-08-06 21:30:00
IND-USR-036,31.108003,77.181639,364.0,2026-08-10,06:06:00,2026-08-10 06:06:00
IND-USR-036,31.107035,77.172774,648.7,2026-08-10,06:21:00,2026-08-10 06:21:00
IND-USR-036,31.106172,77.178374,880.4,2026-08-10,06:28:00,2026-08-10 06:28:00
IND-USR-036,31.101682,77.170792,344.2,2026-08-10,06:33:00,2026-08-10 06:33:00
IND-USR-036,31.103564,77.164982,178.9,2026-08-10,06:50:00,2026-08-10 06:50:00
IND-USR-036,31.105352,77.165855,120.3,2026-08-10,06:53:00,2026-08-10 06:53:00
IND-USR-036,31.105012,77.176861,621.1,2026-08-10,07:11:00,2026-08-10 07:11:00
IND-USR-036,31.102892,77.180108,417.8,2026-08-10,07:31:00,2026-08-10 07:31:00
IND-USR-036,31.098958,77.178165,599.4,2026-08-10,07:37:00,2026-08-10 07:37:00
IND-USR-036,31.107501,77.166536,240.3,2026-08-10,07:51:00,2026-08-10 07:51:00
IND-USR-036,31.115643,77.173145,236.4,2026-08-10,07:56:00,2026-08-10 07:56:00
IND-USR-036,32.21549,76.317772,294.5,2026-08-10,08:13:00,2026-08-10 08:13:00
IND-USR-036,32.21812,76.32289,623.6,2026-08-10,08:20:00,2026-08-10 08:20:00
IND-USR-036,32.219411,76.322209,739.3,2026-08-10,08:34:00,2026-08-10 08:34:00
IND-USR-036,32.221533,76.321849,741.1,2026-08-10,08:38:00,2026-08-10 08:38:00
IND-USR-036,32.21126,76.322803,268.7,2026-08-10,08:52:00,2026-08-10 08:52:00
IND-USR-036,32.20953,76.324815,355.3,2026-08-10,09:08:00,2026-08-10 09:08:00
IND-USR-036,32.215083,76.324053,119.6,2026-08-10,09:13:00,2026-08-10 09:13:00
IND-USR-036,32.224256,76.319605,469.9,2026-08-10,09:18:00,2026-08-10 09:18:00
IND-USR-036,32.223245,76.321666,221.4,2026-08-10,09:36:00,2026-08-10 09:36:00
IND-USR-036,32.226013,76.321939,548.6,2026-08-10,09:56:00,2026-08-10 09:56:00
IND-USR-036,32.215638,76.326149,460.7,2026-08-10,10:16:00,2026-08-10 10:16:00
IND-USR-036,32.217257,76.320034,756.7,2026-08-10,10:21:00,2026-08-10 10:21:00
IND-USR-036,32.217089,76.323222,370.9,2026-08-10,10:28:00,2026-08-10 10:28:00
IND-USR-036,32.224369,76.315664,290.5,2026-08-10,10:43:00,2026-08-10 10:43:00
IND-USR-036,32.219092,76.3259,103.5,2026-08-10,10:49:00,2026-08-10 10:49:00
IND-USR-036,32.219774,76.328639,680.9,2026-08-10,10:53:00,2026-08-10 10:53:00
IND-USR-036,32.218703,76.322662,183.8,2026-08-10,11:12:00,2026-08-10 11:12:00
IND-USR-036,32.221369,76.323797,380.2,2026-08-10,11:14:00,2026-08-10 11:14:00
IND-USR-036,32.217438,76.325465,746.5,2026-08-10,11:33:00,2026-08-10 11:33:00
IND-USR-036,32.21639,76.320955,469.2,2026-08-10,11:51:00,2026-08-10 11:51:00
IND-USR-036,32.216888,76.328812,796.9,2026-08-10,12:09:00,2026-08-10 12:09:00
IND-USR-036,32.206116,76.324982,680.9,2026-08-10,12:28:00,2026-08-10 12:28:00
IND-USR-036,32.219137,76.316677,718.3,2026-08-10,12:33:00,2026-08-10 12:33:00
IND-USR-036,32.220239,76.325303,917.7,2026-08-10,12:41:00,2026-08-10 12:41:00
IND-USR-036,32.221359,76.312793,179.8,2026-08-10,12:46:00,2026-08-10 12:46:00
IND-USR-036,32.224466,76.320449,15.0,2026-08-10,12:53:00,2026-08-10 12:53:00
IND-USR-036,32.221746,76.326364,762.5,2026-08-10,13:09:00,2026-08-10 13:09:00
IND-USR-036,32.215493,76.326042,46.8,2026-08-10,13:14:00,2026-08-10 13:14:00
IND-USR-036,32.217458,76.315114,203.9,2026-08-10,13:34:00,2026-08-10 13:34:00
IND-USR-036,32.223671,76.3203,92.6,2026-08-10,13:41:00,2026-08-10 13:41:00
IND-USR-036,32.215582,76.321788,810.4,2026-08-10,13:51:00,2026-08-10 13:51:00
IND-USR-036,32.220089,76.323171,89.5,2026-08-10,13:54:00,2026-08-10 13:54:00
IND-USR-036,32.221192,76.318042,485.8,2026-08-10,13:59:00,2026-08-10 13:59:00
IND-USR-036,32.21603,76.322936,918.3,2026-08-10,14:12:00,2026-08-10 14:12:00
IND-USR-036,32.226592,76.322945,407.7,2026-08-10,14:19:00,2026-08-10 14:19:00
IND-USR-036,32.223341,76.323554,243.4,2026-08-10,14:21:00,2026-08-10 14:21:00
IND-USR-036,32.217065,76.322413,899.4,2026-08-10,14:24:00,2026-08-10 14:24:00
IND-USR-036,32.218326,76.325815,860.3,2026-08-10,14:42:00,2026-08-10 14:42:00
IND-USR-036,32.224498,76.324839,629.6,2026-08-10,14:53:00,2026-08-10 14:53:00
IND-USR-036,32.223748,76.319541,141.5,2026-08-10,15:09:00,2026-08-10 15:09:00
IND-USR-036,32.217341,76.320503,663.4,2026-08-10,15:26:00,2026-08-10 15:26:00
IND-USR-036,32.220258,76.321964,866.1,2026-08-10,15:44:00,2026-08-10 15:44:00
IND-USR-036,32.221919,76.319676,579.8,2026-08-10,15:57:00,2026-08-10 15:57:00
IND-USR-036,32.219172,76.326147,207.2,2026-08-10,16:15:00,2026-08-10 16:15:00
IND-USR-036,32.210739,76.331887,632.9,2026-08-10,16:20:00,2026-08-10 16:20:00
IND-USR-036,32.217867,76.3153,232.9,2026-08-10,16:23:00,2026-08-10 16:23:00
IND-USR-036,32.219632,76.323534,143.2,2026-08-10,16:31:00,2026-08-10 16:31:00
IND-USR-036,32.218672,76.327365,910.0,2026-08-10,16:39:00,2026-08-10 16:39:00
IND-USR-036,32.22199,76.324592,213.1,2026-08-10,16:58:00,2026-08-10 16:58:00
IND-USR-036,32.220801,76.322983,270.8,2026-08-10,17:11:00,2026-08-10 17:11:00
IND-USR-036,32.226102,76.317483,79.9,2026-08-10,17:26:00,2026-08-10 17:26:00
IND-USR-036,32.219559,76.32366,255.0,2026-08-10,17:36:00,2026-08-10 17:36:00
IND-USR-036,32.222253,76.320025,386.1,2026-08-10,17:43:00,2026-08-10 17:43:00
IND-USR-036,32.212025,76.324027,898.1,2026-08-10,17:47:00,2026-08-10 17:47:00
IND-USR-036,32.220125,76.329358,893.8,2026-08-10,18:02:00,2026-08-10 18:02:00
IND-USR-036,32.213919,76.328019,513.8,2026-08-10,18:08:00,2026-08-10 18:08:00
IND-USR-036,32.22847,76.321889,601.8,2026-08-10,18:12:00,2026-08-10 18:12:00
IND-USR-036,32.213836,76.321772,945.6,2026-08-10,18:22:00,2026-08-10 18:22:00
IND-USR-036,32.219056,76.325655,681.6,2026-08-10,18:30:00,2026-08-10 18:30:00
IND-USR-036,32.216634,76.329621,627.9,2026-08-10,18:50:00,2026-08-10 18:50:00
IND-USR-036,31.100342,77.166443,578.6,2026-08-10,19:08:00,2026-08-10 19:08:00
IND-USR-036,31.109227,77.164302,782.3,2026-08-10,19:23:00,2026-08-10 19:23:00
IND-USR-036,31.103983,77.185871,942.9,2026-08-10,19:35:00,2026-08-10 19:35:00
IND-USR-036,31.104752,77.168917,366.2,2026-08-10,19:50:00,2026-08-10 19:50:00
IND-USR-036,31.10457,77.173197,82.9,2026-08-10,19:59:00,2026-08-10 19:59:00
IND-USR-036,31.105443,77.176049,509.6,2026-08-10,20:04:00,2026-08-10 20:04:00
IND-USR-036,31.100644,77.18015,392.4,2026-08-10,20:23:00,2026-08-10 20:23:00
IND-USR-036,31.10578,77.176307,611.8,2026-08-10,20:35:00,2026-08-10 20:35:00
IND-USR-036,31.102287,77.178546,864.7,2026-08-10,20:48:00,2026-08-10 20:48:00
IND-USR-036,31.103772,77.17451,147.5,2026-08-10,20:58:00,2026-08-10 20:58:00
IND-USR-036,31.101068,77.169412,267.2,2026-08-10,21:07:00,2026-08-10 21:07:00
IND-USR-036,31.107553,77.171626,364.5,2026-08-10,21:12:00,2026-08-10 21:12:00
IND-USR-036,31.101385,77.170827,365.9,2026-08-10,21:21:00,2026-08-10 21:21:00
IND-USR-036,31.107596,77.170884,745.8,2026-08-10,21:26:00,2026-08-10 21:26:00
IND-USR-036,31.104329,77.17346,175.2,2026-08-10,21:31:00,2026-08-10 21:31:00
IND-USR-037,23.336431,85.303715,99.8,2026-08-05,06:17:00,2026-08-05 06:17:00
IND-USR-037,23.345445,85.306652,668.4,2026-08-05,06:30:00,2026-08-05 06:30:00
IND-USR-037,23.348327,85.313467,528.4,2026-08-05,06:41:00,2026-08-05 06:41:00
IND-USR-037,23.346977,85.316879,852.8,2026-08-05,06:46:00,2026-08-05 06:46:00
IND-USR-037,23.343768,85.312196,308.9,2026-08-05,06:53:00,2026-08-05 06:53:00
IND-USR-037,23.341762,85.319409,179.8,2026-08-05,07:07:00,2026-08-05 07:07:00
IND-USR-037,23.352035,85.309648,528.6,2026-08-05,07:26:00,2026-08-05 07:26:00
IND-USR-037,23.345646,85.315037,458.3,2026-08-05,07:40:00,2026-08-05 07:40:00
IND-USR-037,23.343511,85.306974,253.5,2026-08-05,07:46:00,2026-08-05 07:46:00
IND-USR-037,22.808096,86.203214,680.4,2026-08-05,08:04:00,2026-08-05 08:04:00
IND-USR-037,22.805332,86.199563,144.1,2026-08-05,08:10:00,2026-08-05 08:10:00
IND-USR-037,22.797729,86.203845,701.3,2026-08-05,08:30:00,2026-08-05 08:30:00
IND-USR-037,22.80822,86.201997,873.3,2026-08-05,08:33:00,2026-08-05 08:33:00
IND-USR-037,22.810346,86.200084,675.1,2026-08-05,08:46:00,2026-08-05 08:46:00
IND-USR-037,22.800381,86.202631,647.5,2026-08-05,08:55:00,2026-08-05 08:55:00
IND-USR-037,22.80427,86.20598,674.4,2026-08-05,09:10:00,2026-08-05 09:10:00
IND-USR-037,22.8015,86.208372,422.6,2026-08-05,09:17:00,2026-08-05 09:17:00
IND-USR-037,22.812468,86.202743,760.6,2026-08-05,09:30:00,2026-08-05 09:30:00
IND-USR-037,22.809599,86.198674,279.6,2026-08-05,09:48:00,2026-08-05 09:48:00
IND-USR-037,22.808901,86.207089,499.4,2026-08-05,10:03:00,2026-08-05 10:03:00
IND-USR-037,22.808054,86.202838,296.9,2026-08-05,10:12:00,2026-08-05 10:12:00
IND-USR-037,22.792783,86.200333,900.6,2026-08-05,10:16:00,2026-08-05 10:16:00
IND-USR-037,22.802096,86.198987,734.3,2026-08-05,10:31:00,2026-08-05 10:31:00
IND-USR-037,22.805089,86.201224,606.6,2026-08-05,10:35:00,2026-08-05 10:35:00
IND-USR-037,22.801302,86.198665,696.2,2026-08-05,10:39:00,2026-08-05 10:39:00
IND-USR-037,22.801738,86.207386,165.2,2026-08-05,10:43:00,2026-08-05 10:43:00
IND-USR-037,22.801956,86.20084,89.5,2026-08-05,10:46:00,2026-08-05 10:46:00
IND-USR-037,22.802773,86.204256,530.9,2026-08-05,10:57:00,2026-08-05 10:57:00
IND-USR-037,22.806425,86.190721,769.8,2026-08-05,11:14:00,2026-08-05 11:14:00
IND-USR-037,22.808687,86.208645,914.4,2026-08-05,11:16:00,2026-08-05 11:16:00
IND-USR-037,22.800399,86.199011,646.4,2026-08-05,11:31:00,2026-08-05 11:31:00
IND-USR-037,22.802799,86.199876,460.9,2026-08-05,11:37:00,2026-08-05 11:37:00
IND-USR-037,22.805496,86.195114,654.0,2026-08-05,11:55:00,2026-08-05 11:55:00
IND-USR-037,22.800128,86.209057,666.0,2026-08-05,12:14:00,2026-08-05 12:14:00
IND-USR-037,22.800887,86.207874,23.1,2026-08-05,12:28:00,2026-08-05 12:28:00
IND-USR-037,22.806021,86.195663,866.2,2026-08-05,12:36:00,2026-08-05 12:36:00
IND-USR-037,22.807141,86.202429,681.3,2026-08-05,12:38:00,2026-08-05 12:38:00
IND-USR-037,22.802778,86.20388,714.7,2026-08-05,12:57:00,2026-08-05 12:57:00
IND-USR-037,22.806499,86.20573,944.6,2026-08-05,13:06:00,2026-08-05 13:06:00
IND-USR-037,22.809313,86.204533,653.0,2026-08-05,13:24:00,2026-08-05 13:24:00
IND-USR-037,22.799097,86.201005,580.9,2026-08-05,13:27:00,2026-08-05 13:27:00
IND-USR-037,22.816372,86.205798,644.1,2026-08-05,13:34:00,2026-08-05 13:34:00
IND-USR-037,22.814077,86.208482,859.6,2026-08-05,13:52:00,2026-08-05 13:52:00
IND-USR-037,22.805567,86.204106,80.6,2026-08-05,13:59:00,2026-08-05 13:59:00
IND-USR-037,22.804454,86.195949,492.9,2026-08-05,14:05:00,2026-08-05 14:05:00
IND-USR-037,22.804672,86.207743,407.4,2026-08-05,14:08:00,2026-08-05 14:08:00
IND-USR-037,22.802201,86.204548,170.3,2026-08-05,14:22:00,2026-08-05 14:22:00
IND-USR-037,22.808006,86.199261,327.7,2026-08-05,14:27:00,2026-08-05 14:27:00
IND-USR-037,22.802795,86.198828,791.8,2026-08-05,14:36:00,2026-08-05 14:36:00
IND-USR-037,22.801311,86.19775,282.7,2026-08-05,14:41:00,2026-08-05 14:41:00
IND-USR-037,22.800998,86.208578,285.9,2026-08-05,14:58:00,2026-08-05 14:58:00
IND-USR-037,22.800938,86.203406,12.1,2026-08-05,15:06:00,2026-08-05 15:06:00
IND-USR-037,22.802589,86.207615,380.0,2026-08-05,15:26:00,2026-08-05 15:26:00
IND-USR-037,22.809845,86.206356,883.4,2026-08-05,15:37:00,2026-08-05 15:37:00
IND-USR-037,22.805825,86.201976,786.2,2026-08-05,15:55:00,2026-08-05 15:55:00
IND-USR-037,22.799833,86.210674,889.3,2026-08-05,15:58:00,2026-08-05 15:58:00
IND-USR-037,22.801561,86.205555,64.0,2026-08-05,16:15:00,2026-08-05 16:15:00
IND-USR-037,22.808838,86.200679,588.6,2026-08-05,16:17:00,2026-08-05 16:17:00
IND-USR-037,22.808752,86.205957,290.4,2026-08-05,16:29:00,2026-08-05 16:29:00
IND-USR-037,22.811512,86.201023,14.8,2026-08-05,16:34:00,2026-08-05 16:34:00
IND-USR-037,22.799457,86.200878,387.9,2026-08-05,16:41:00,2026-08-05 16:41:00
IND-USR-037,22.805435,86.203133,105.3,2026-08-05,16:43:00,2026-08-05 16:43:00
IND-USR-037,22.803026,86.195263,195.7,2026-08-05,17:00:00,2026-08-05 17:00:00
IND-USR-037,22.806482,86.210789,493.5,2026-08-05,17:18:00,2026-08-05 17:18:00
IND-USR-037,22.806457,86.205337,396.1,2026-08-05,17:24:00,2026-08-05 17:24:00
IND-USR-037,22.80689,86.204488,16.5,2026-08-05,17:41:00,2026-08-05 17:41:00
IND-USR-037,22.808327,86.204481,222.5,2026-08-05,17:51:00,2026-08-05 17:51:00
IND-USR-037,22.803349,86.199716,361.9,2026-08-05,18:05:00,2026-08-05 18:05:00
IND-USR-037,22.803604,86.204157,412.6,2026-08-05,18:18:00,2026-08-05 18:18:00
IND-USR-037,22.803336,86.204157,514.2,2026-08-05,18:25:00,2026-08-05 18:25:00
IND-USR-037,22.806357,86.206233,112.2,2026-08-05,18:35:00,2026-08-05 18:35:00
IND-USR-037,22.809731,86.203212,626.9,2026-08-05,18:51:00,2026-08-05 18:51:00
IND-USR-037,23.338869,85.30822,162.1,2026-08-05,19:07:00,2026-08-05 19:07:00
IND-USR-037,23.344276,85.302257,712.3,2026-08-05,19:20:00,2026-08-05 19:20:00
IND-USR-037,23.349655,85.31017,347.7,2026-08-05,19:22:00,2026-08-05 19:22:00
IND-USR-037,23.345625,85.315062,114.0,2026-08-05,19:30:00,2026-08-05 19:30:00
IND-USR-037,23.341579,85.311896,47.8,2026-08-05,19:41:00,2026-08-05 19:41:00
IND-USR-037,23.343661,85.308864,405.8,2026-08-05,19:55:00,2026-08-05 19:55:00
IND-USR-037,23.341011,85.316262,856.9,2026-08-05,20:07:00,2026-08-05 20:07:00
IND-USR-037,23.342598,85.312398,636.2,2026-08-05,20:14:00,2026-08-05 20:14:00
IND-USR-037,23.3366,85.31432,912.1,2026-08-05,20:31:00,2026-08-05 20:31:00
IND-USR-037,23.348309,85.30999,121.7,2026-08-05,20:41:00,2026-08-05 20:41:00
IND-USR-037,23.343192,85.3112,527.1,2026-08-05,20:58:00,2026-08-05 20:58:00
IND-USR-037,23.353255,85.302547,315.4,2026-08-05,21:04:00,2026-08-05 21:04:00
IND-USR-037,23.347228,85.305954,481.7,2026-08-05,21:18:00,2026-08-05 21:18:00
IND-USR-037,23.34402,85.308608,133.5,2026-08-05,21:32:00,2026-08-05 21:32:00
IND-USR-037,23.342387,85.309558,755.2,2026-08-05,21:37:00,2026-08-05 21:37:00
IND-USR-037,23.339563,85.313717,156.2,2026-08-05,21:43:00,2026-08-05 21:43:00
IND-USR-037,23.336923,85.311759,22.8,2026-08-05,22:01:00,2026-08-05 22:01:00
IND-USR-037,23.342794,85.304916,58.9,2026-08-05,22:10:00,2026-08-05 22:10:00
IND-USR-037,23.34491,85.303372,413.9,2026-08-05,22:22:00,2026-08-05 22:22:00
IND-USR-037,23.344259,85.303908,418.3,2026-08-05,22:24:00,2026-08-05 22:24:00
IND-USR-037,23.345945,85.305903,275.3,2026-08-05,22:35:00,2026-08-05 22:35:00
IND-USR-037,23.342296,85.310776,725.2,2026-08-05,22:39:00,2026-08-05 22:39:00
IND-USR-037,23.34101,85.309368,590.6,2026-08-05,22:48:00,2026-08-05 22:48:00
IND-USR-037,23.338045,85.312124,185.6,2026-08-05,23:06:00,2026-08-05 23:06:00
IND-USR-037,23.35116,85.320769,730.7,2026-08-05,23:16:00,2026-08-05 23:16:00
IND-USR-037,23.344465,85.312753,944.6,2026-08-05,23:26:00,2026-08-05 23:26:00
IND-USR-037,23.336977,85.315611,636.4,2026-08-05,23:35:00,2026-08-05 23:35:00
IND-USR-037,23.347205,85.307664,196.5,2026-08-05,23:50:00,2026-08-05 23:50:00
IND-USR-037,23.349049,85.308582,669.1,2026-08-05,23:55:00,2026-08-05 23:55:00
IND-USR-037,23.342268,85.311501,584.4,2026-08-06,00:13:00,2026-08-06 00:13:00
IND-USR-037,23.339847,85.313686,943.0,2026-08-06,00:21:00,2026-08-06 00:21:00
IND-USR-037,23.339876,85.3054,601.2,2026-08-06,00:41:00,2026-08-06 00:41:00
IND-USR-037,23.340461,85.312638,225.6,2026-08-06,00:47:00,2026-08-06 00:47:00
IND-USR-037,23.341633,85.304208,387.2,2026-08-06,00:53:00,2026-08-06 00:53:00
IND-USR-037,23.341677,85.309472,941.0,2026-08-06,01:03:00,2026-08-06 01:03:00
IND-USR-037,23.339376,85.304993,410.7,2026-08-06,01:09:00,2026-08-06 01:09:00
IND-USR-037,23.352545,85.306158,95.5,2026-08-06,01:17:00,2026-08-06 01:17:00
IND-USR-037,23.342808,85.308131,367.5,2026-08-06,01:20:00,2026-08-06 01:20:00
IND-USR-037,23.342415,85.312085,298.1,2026-08-06,01:38:00,2026-08-06 01:38:00
IND-USR-037,23.347893,85.308376,218.5,2026-08-06,01:47:00,2026-08-06 01:47:00
IND-USR-037,23.339154,85.314698,460.4,2026-08-06,02:02:00,2026-08-06 02:02:00
IND-USR-037,23.343719,85.316521,411.4,2026-08-06,02:20:00,2026-08-06 02:20:00
IND-USR-037,23.335118,85.310382,296.0,2026-08-06,02:23:00,2026-08-06 02:23:00
IND-USR-037,23.351774,85.308187,351.8,2026-08-06,02:33:00,2026-08-06 02:33:00
IND-USR-037,23.343198,85.310782,678.9,2026-08-06,02:46:00,2026-08-06 02:46:00
IND-USR-038,23.341865,85.308352,180.8,2026-08-04,06:03:00,2026-08-04 06:03:00
IND-USR-038,23.342749,85.30709,59.0,2026-08-04,06:05:00,2026-08-04 06:05:00
IND-USR-038,23.349015,85.311444,209.3,2026-08-04,06:17:00,2026-08-04 06:17:00
IND-USR-038,23.345103,85.312834,273.3,2026-08-04,06:34:00,2026-08-04 06:34:00
IND-USR-038,23.343043,85.306503,415.1,2026-08-04,06:39:00,2026-08-04 06:39:00
IND-USR-038,23.34169,85.309607,901.4,2026-08-04,06:49:00,2026-08-04 06:49:00
IND-USR-038,23.339863,85.307599,324.2,2026-08-04,07:02:00,2026-08-04 07:02:00
IND-USR-038,23.342036,85.318098,101.1,2026-08-04,07:07:00,2026-08-04 07:07:00
IND-USR-038,23.333005,85.308882,652.0,2026-08-04,07:09:00,2026-08-04 07:09:00
IND-USR-038,23.351003,85.310087,321.3,2026-08-04,07:15:00,2026-08-04 07:15:00
IND-USR-038,23.347114,85.309999,708.4,2026-08-04,07:28:00,2026-08-04 07:28:00
IND-USR-038,23.341431,85.300632,507.1,2026-08-04,07:48:00,2026-08-04 07:48:00
IND-USR-038,22.805422,86.199798,234.0,2026-08-04,08:01:00,2026-08-04 08:01:00
IND-USR-038,22.801399,86.200904,207.4,2026-08-04,08:11:00,2026-08-04 08:11:00
IND-USR-038,22.811579,86.212519,92.0,2026-08-04,08:25:00,2026-08-04 08:25:00
IND-USR-038,22.805469,86.201041,132.7,2026-08-04,08:30:00,2026-08-04 08:30:00
IND-USR-038,22.799891,86.204774,48.6,2026-08-04,08:35:00,2026-08-04 08:35:00
IND-USR-038,22.811732,86.201911,191.4,2026-08-04,08:43:00,2026-08-04 08:43:00
IND-USR-038,22.795084,86.20558,880.0,2026-08-04,08:59:00,2026-08-04 08:59:00
IND-USR-038,22.808542,86.196557,895.3,2026-08-04,09:03:00,2026-08-04 09:03:00
IND-USR-038,22.805306,86.204705,293.4,2026-08-04,09:15:00,2026-08-04 09:15:00
IND-USR-038,22.804308,86.199737,940.3,2026-08-04,09:32:00,2026-08-04 09:32:00
IND-USR-038,22.808664,86.201286,511.5,2026-08-04,09:40:00,2026-08-04 09:40:00
IND-USR-038,22.798659,86.194702,51.2,2026-08-04,09:46:00,2026-08-04 09:46:00
IND-USR-038,22.809643,86.205367,403.1,2026-08-04,09:54:00,2026-08-04 09:54:00
IND-USR-038,22.804952,86.201139,848.1,2026-08-04,10:04:00,2026-08-04 10:04:00
IND-USR-038,22.802484,86.198597,926.6,2026-08-04,10:23:00,2026-08-04 10:23:00
IND-USR-038,22.802874,86.19442,431.6,2026-08-04,10:36:00,2026-08-04 10:36:00
IND-USR-038,22.801656,86.201656,866.2,2026-08-04,10:41:00,2026-08-04 10:41:00
IND-USR-038,22.80704,86.20274,463.9,2026-08-04,10:45:00,2026-08-04 10:45:00
IND-USR-038,22.80778,86.208297,885.5,2026-08-04,11:03:00,2026-08-04 11:03:00
IND-USR-038,22.808833,86.204782,753.4,2026-08-04,11:21:00,2026-08-04 11:21:00
IND-USR-038,22.804647,86.198977,573.2,2026-08-04,11:28:00,2026-08-04 11:28:00
IND-USR-038,22.80756,86.209619,282.3,2026-08-04,11:34:00,2026-08-04 11:34:00
IND-USR-038,22.805968,86.210569,67.1,2026-08-04,11:54:00,2026-08-04 11:54:00
IND-USR-038,22.798498,86.198283,706.3,2026-08-04,12:02:00,2026-08-04 12:02:00
IND-USR-038,22.808021,86.203957,475.3,2026-08-04,12:16:00,2026-08-04 12:16:00
IND-USR-038,22.809855,86.202838,828.0,2026-08-04,12:35:00,2026-08-04 12:35:00
IND-USR-038,22.801128,86.202046,165.6,2026-08-04,12:39:00,2026-08-04 12:39:00
IND-USR-038,22.798469,86.198386,371.1,2026-08-04,12:57:00,2026-08-04 12:57:00
IND-USR-038,22.80849,86.206391,386.8,2026-08-04,13:11:00,2026-08-04 13:11:00
IND-USR-038,22.806052,86.196016,204.5,2026-08-04,13:21:00,2026-08-04 13:21:00
IND-USR-038,22.803166,86.198,160.4,2026-08-04,13:23:00,2026-08-04 13:23:00
IND-USR-038,22.809306,86.200565,566.6,2026-08-04,13:31:00,2026-08-04 13:31:00
IND-USR-038,22.800257,86.203019,836.4,2026-08-04,13:33:00,2026-08-04 13:33:00
IND-USR-038,22.802039,86.208835,438.1,2026-08-04,13:51:00,2026-08-04 13:51:00
IND-USR-038,22.801661,86.197303,253.3,2026-08-04,14:09:00,2026-08-04 14:09:00
IND-USR-038,22.795988,86.202777,288.6,2026-08-04,14:18:00,2026-08-04 14:18:00
IND-USR-038,22.802352,86.197184,529.0,2026-08-04,14:28:00,2026-08-04 14:28:00
IND-USR-038,22.809357,86.205569,220.5,2026-08-04,14:35:00,2026-08-04 14:35:00
IND-USR-038,22.804487,86.208357,233.9,2026-08-04,14:54:00,2026-08-04 14:54:00
IND-USR-038,22.80725,86.199609,611.2,2026-08-04,14:57:00,2026-08-04 14:57:00
IND-USR-038,22.800443,86.206172,881.6,2026-08-04,15:07:00,2026-08-04 15:07:00
IND-USR-038,22.806185,86.203579,831.0,2026-08-04,15:17:00,2026-08-04 15:17:00
IND-USR-038,22.801214,86.205332,613.9,2026-08-04,15:20:00,2026-08-04 15:20:00
IND-USR-038,22.801578,86.202492,940.2,2026-08-04,15:29:00,2026-08-04 15:29:00
IND-USR-038,22.810388,86.200257,512.5,2026-08-04,15:37:00,2026-08-04 15:37:00
IND-USR-038,22.798308,86.19869,619.7,2026-08-04,15:39:00,2026-08-04 15:39:00
IND-USR-038,22.808577,86.203919,315.1,2026-08-04,15:52:00,2026-08-04 15:52:00
IND-USR-038,22.804084,86.200864,258.2,2026-08-04,16:11:00,2026-08-04 16:11:00
IND-USR-038,22.806541,86.199504,393.8,2026-08-04,16:17:00,2026-08-04 16:17:00
IND-USR-038,22.805823,86.199975,315.2,2026-08-04,16:28:00,2026-08-04 16:28:00
IND-USR-038,22.801009,86.20035,598.4,2026-08-04,16:31:00,2026-08-04 16:31:00
IND-USR-038,22.803098,86.202705,784.5,2026-08-04,16:33:00,2026-08-04 16:33:00
IND-USR-038,22.805542,86.188147,696.6,2026-08-04,16:42:00,2026-08-04 16:42:00
IND-USR-038,22.801369,86.201334,176.1,2026-08-04,16:52:00,2026-08-04 16:52:00
IND-USR-038,22.81062,86.19858,515.1,2026-08-04,16:54:00,2026-08-04 16:54:00
IND-USR-038,22.805251,86.20888,110.1,2026-08-04,17:14:00,2026-08-04 17:14:00
IND-USR-038,22.799348,86.204476,898.9,2026-08-04,17:28:00,2026-08-04 17:28:00
IND-USR-038,22.801391,86.200881,827.8,2026-08-04,17:38:00,2026-08-04 17:38:00
IND-USR-038,22.801388,86.199973,203.8,2026-08-04,17:57:00,2026-08-04 17:57:00
IND-USR-038,22.815488,86.206278,217.4,2026-08-04,18:13:00,2026-08-04 18:13:00
IND-USR-038,22.809007,86.204868,201.7,2026-08-04,18:23:00,2026-08-04 18:23:00
IND-USR-038,22.798175,86.20448,156.3,2026-08-04,18:37:00,2026-08-04 18:37:00
IND-USR-038,22.808892,86.199486,696.0,2026-08-04,18:46:00,2026-08-04 18:46:00
IND-USR-038,23.347961,85.312417,356.5,2026-08-04,19:01:00,2026-08-04 19:01:00
IND-USR-038,23.351508,85.307929,98.1,2026-08-04,19:18:00,2026-08-04 19:18:00
IND-USR-038,23.33971,85.308153,441.8,2026-08-04,19:25:00,2026-08-04 19:25:00
IND-USR-038,23.349842,85.302286,187.5,2026-08-04,19:32:00,2026-08-04 19:32:00
IND-USR-038,23.335826,85.309958,896.8,2026-08-04,19:49:00,2026-08-04 19:49:00
IND-USR-038,23.34233,85.309631,618.7,2026-08-04,19:56:00,2026-08-04 19:56:00
IND-USR-038,23.347881,85.30739,301.6,2026-08-04,19:58:00,2026-08-04 19:58:00
IND-USR-038,23.336608,85.317778,778.4,2026-08-04,20:05:00,2026-08-04 20:05:00
IND-USR-038,23.340111,85.305364,75.3,2026-08-04,20:13:00,2026-08-04 20:13:00
IND-USR-038,23.348515,85.308062,410.8,2026-08-04,20:17:00,2026-08-04 20:17:00
IND-USR-038,23.343846,85.311531,864.6,2026-08-04,20:33:00,2026-08-04 20:33:00
IND-USR-038,23.348434,85.308266,104.2,2026-08-04,20:47:00,2026-08-04 20:47:00
IND-USR-038,23.35018,85.301057,139.1,2026-08-04,21:05:00,2026-08-04 21:05:00
IND-USR-038,23.347139,85.306242,577.1,2026-08-04,21:07:00,2026-08-04 21:07:00
IND-USR-038,23.349589,85.310168,371.0,2026-08-04,21:21:00,2026-08-04 21:21:00
IND-USR-038,23.341408,85.312251,787.0,2026-08-04,21:26:00,2026-08-04 21:26:00
IND-USR-038,23.347673,85.312168,134.2,2026-08-04,21:29:00,2026-08-04 21:29:00
IND-USR-038,23.339981,85.307664,261.6,2026-08-04,21:33:00,2026-08-04 21:33:00
IND-USR-038,23.344084,85.309435,754.9,2026-08-04,21:35:00,2026-08-04 21:35:00
IND-USR-038,23.347099,85.30154,910.2,2026-08-04,21:37:00,2026-08-04 21:37:00
IND-USR-038,23.345437,85.30844,519.8,2026-08-04,21:42:00,2026-08-04 21:42:00
IND-USR-038,23.340746,85.30663,811.6,2026-08-04,21:54:00,2026-08-04 21:54:00
IND-USR-038,23.343242,85.295196,200.2,2026-08-04,21:58:00,2026-08-04 21:58:00
IND-USR-038,23.341295,85.306097,724.1,2026-08-04,22:15:00,2026-08-04 22:15:00
IND-USR-038,23.346231,85.306378,776.5,2026-08-04,22:31:00,2026-08-04 22:31:00
IND-USR-039,23.34324,85.315769,155.2,2026-08-05,06:17:00,2026-08-05 06:17:00
IND-USR-039,23.348077,85.313209,520.9,2026-08-05,06:20:00,2026-08-05 06:20:00
IND-USR-039,23.342101,85.311772,599.8,2026-08-05,06:30:00,2026-08-05 06:30:00
IND-USR-039,23.343164,85.308816,29.9,2026-08-05,06:35:00,2026-08-05 06:35:00
IND-USR-039,23.345739,85.307212,106.6,2026-08-05,06:38:00,2026-08-05 06:38:00
IND-USR-039,23.350072,85.308959,106.4,2026-08-05,06:49:00,2026-08-05 06:49:00
IND-USR-039,23.346573,85.315422,143.3,2026-08-05,07:04:00,2026-08-05 07:04:00
IND-USR-039,23.348227,85.303964,32.6,2026-08-05,07:13:00,2026-08-05 07:13:00
IND-USR-039,23.34588,85.313003,372.3,2026-08-05,07:28:00,2026-08-05 07:28:00
IND-USR-039,23.347667,85.305147,626.0,2026-08-05,07:41:00,2026-08-05 07:41:00
IND-USR-039,23.341472,85.313578,876.4,2026-08-05,07:50:00,2026-08-05 07:50:00
IND-USR-039,22.801553,86.201701,655.6,2026-08-05,08:04:00,2026-08-05 08:04:00
IND-USR-039,22.810904,86.202709,472.3,2026-08-05,08:09:00,2026-08-05 08:09:00
IND-USR-039,22.801693,86.19939,221.1,2026-08-05,08:14:00,2026-08-05 08:14:00
IND-USR-039,22.805931,86.197567,345.9,2026-08-05,08:25:00,2026-08-05 08:25:00
IND-USR-039,22.803611,86.204233,121.2,2026-08-05,08:37:00,2026-08-05 08:37:00
IND-USR-039,22.809797,86.20557,851.9,2026-08-05,08:41:00,2026-08-05 08:41:00
IND-USR-039,22.801744,86.207614,177.4,2026-08-05,08:47:00,2026-08-05 08:47:00
IND-USR-039,22.803402,86.197957,324.8,2026-08-05,09:05:00,2026-08-05 09:05:00
IND-USR-039,22.803912,86.208653,648.7,2026-08-05,09:12:00,2026-08-05 09:12:00
IND-USR-039,22.805261,86.20295,849.5,2026-08-05,09:18:00,2026-08-05 09:18:00
IND-USR-039,22.811149,86.197175,597.3,2026-08-05,09:29:00,2026-08-05 09:29:00
IND-USR-039,22.799458,86.196437,337.5,2026-08-05,09:40:00,2026-08-05 09:40:00
IND-USR-039,22.806091,86.203566,264.8,2026-08-05,09:45:00,2026-08-05 09:45:00
IND-USR-039,22.810771,86.203874,632.0,2026-08-05,10:02:00,2026-08-05 10:02:00
IND-USR-039,22.802983,86.202907,772.1,2026-08-05,10:12:00,2026-08-05 10:12:00
IND-USR-039,22.805071,86.196213,751.5,2026-08-05,10:16:00,2026-08-05 10:16:00
IND-USR-039,22.815441,86.204979,741.1,2026-08-05,10:22:00,2026-08-05 10:22:00
IND-USR-039,22.80544,86.205361,311.0,2026-08-05,10:28:00,2026-08-05 10:28:00
IND-USR-039,22.807438,86.202338,429.9,2026-08-05,10:42:00,2026-08-05 10:42:00
IND-USR-039,22.802075,86.205298,775.8,2026-08-05,10:59:00,2026-08-05 10:59:00
IND-USR-039,22.806143,86.19966,553.2,2026-08-05,11:04:00,2026-08-05 11:04:00
IND-USR-039,22.810276,86.204073,146.0,2026-08-05,11:14:00,2026-08-05 11:14:00
IND-USR-039,22.807519,86.208468,945.1,2026-08-05,11:26:00,2026-08-05 11:26:00
IND-USR-039,22.804688,86.204168,731.5,2026-08-05,11:33:00,2026-08-05 11:33:00
IND-USR-039,22.80784,86.200001,310.2,2026-08-05,11:46:00,2026-08-05 11:46:00
IND-USR-039,22.804816,86.203402,462.4,2026-08-05,12:01:00,2026-08-05 12:01:00
IND-USR-039,22.800776,86.212171,575.6,2026-08-05,12:16:00,2026-08-05 12:16:00
IND-USR-039,22.798971,86.197708,139.9,2026-08-05,12:28:00,2026-08-05 12:28:00
IND-USR-039,22.809857,86.205753,370.2,2026-08-05,12:37:00,2026-08-05 12:37:00
IND-USR-039,22.800496,86.205329,477.3,2026-08-05,12:56:00,2026-08-05 12:56:00
IND-USR-039,22.810471,86.202779,473.0,2026-08-05,13:15:00,2026-08-05 13:15:00
IND-USR-039,22.814995,86.196004,782.1,2026-08-05,13:34:00,2026-08-05 13:34:00
IND-USR-039,22.807375,86.207566,88.6,2026-08-05,13:48:00,2026-08-05 13:48:00
IND-USR-039,22.808165,86.202083,505.3,2026-08-05,14:03:00,2026-08-05 14:03:00
IND-USR-039,22.803438,86.204677,670.9,2026-08-05,14:12:00,2026-08-05 14:12:00
IND-USR-039,22.807863,86.20531,350.0,2026-08-05,14:21:00,2026-08-05 14:21:00
IND-USR-039,22.80876,86.198825,944.3,2026-08-05,14:29:00,2026-08-05 14:29:00
IND-USR-039,22.803689,86.19914,350.7,2026-08-05,14:31:00,2026-08-05 14:31:00
IND-USR-039,22.803056,86.206961,910.2,2026-08-05,14:48:00,2026-08-05 14:48:00
IND-USR-039,22.805032,86.213327,66.0,2026-08-05,14:53:00,2026-08-05 14:53:00
IND-USR-039,22.805374,86.203139,349.2,2026-08-05,15:06:00,2026-08-05 15:06:00
IND-USR-039,22.805025,86.200349,287.0,2026-08-05,15:12:00,2026-08-05 15:12:00
IND-USR-039,22.804369,86.207411,795.1,2026-08-05,15:18:00,2026-08-05 15:18:00
IND-USR-039,22.805056,86.199726,923.5,2026-08-05,15:37:00,2026-08-05 15:37:00
IND-USR-039,22.8009,86.201099,237.9,2026-08-05,15:52:00,2026-08-05 15:52:00
IND-USR-039,22.804895,86.207674,62.5,2026-08-05,16:01:00,2026-08-05 16:01:00
IND-USR-039,22.799238,86.201621,120.2,2026-08-05,16:07:00,2026-08-05 16:07:00
IND-USR-039,22.805177,86.195565,364.8,2026-08-05,16:13:00,2026-08-05 16:13:00
IND-USR-039,22.801266,86.20018,664.4,2026-08-05,16:15:00,2026-08-05 16:15:00
IND-USR-039,22.801416,86.203668,359.4,2026-08-05,16:30:00,2026-08-05 16:30:00
IND-USR-039,22.803958,86.200679,633.0,2026-08-05,16:35:00,2026-08-05 16:35:00
IND-USR-039,22.806312,86.209792,458.2,2026-08-05,16:39:00,2026-08-05 16:39:00
IND-USR-039,22.811157,86.195209,38.4,2026-08-05,16:46:00,2026-08-05 16:46:00
IND-USR-039,22.806908,86.202188,142.8,2026-08-05,16:59:00,2026-08-05 16:59:00
IND-USR-039,22.805221,86.201307,82.4,2026-08-05,17:08:00,2026-08-05 17:08:00
IND-USR-039,22.80507,86.203506,791.2,2026-08-05,17:28:00,2026-08-05 17:28:00
IND-USR-039,22.802284,86.199315,150.7,2026-08-05,17:43:00,2026-08-05 17:43:00
IND-USR-039,22.802805,86.203837,451.6,2026-08-05,17:50:00,2026-08-05 17:50:00
IND-USR-039,22.806996,86.206313,713.2,2026-08-05,17:56:00,2026-08-05 17:56:00
IND-USR-039,22.802623,86.204035,452.0,2026-08-05,18:07:00,2026-08-05 18:07:00
IND-USR-039,22.80845,86.207562,427.3,2026-08-05,18:19:00,2026-08-05 18:19:00
IND-USR-039,22.804365,86.202016,279.6,2026-08-05,18:21:00,2026-08-05 18:21:00
IND-USR-039,22.805364,86.198301,66.4,2026-08-05,18:27:00,2026-08-05 18:27:00
IND-USR-039,22.803826,86.205878,577.9,2026-08-05,18:30:00,2026-08-05 18:30:00
IND-USR-039,22.807168,86.201819,483.1,2026-08-05,18:37:00,2026-08-05 18:37:00
IND-USR-039,22.805471,86.199601,382.6,2026-08-05,18:39:00,2026-08-05 18:39:00
IND-USR-039,22.807414,86.202589,649.1,2026-08-05,18:54:00,2026-08-05 18:54:00
IND-USR-039,23.342996,85.308153,530.9,2026-08-05,19:10:00,2026-08-05 19:10:00
IND-USR-039,23.343848,85.307808,874.0,2026-08-05,19:20:00,2026-08-05 19:20:00
IND-USR-039,23.346733,85.308019,297.7,2026-08-05,19:38:00,2026-08-05 19:38:00
IND-USR-039,23.350472,85.315461,408.3,2026-08-05,19:47:00,2026-08-05 19:47:00
IND-USR-039,23.340534,85.309879,265.5,2026-08-05,19:54:00,2026-08-05 19:54:00
IND-USR-039,23.341497,85.308293,500.2,2026-08-05,19:58:00,2026-08-05 19:58:00
IND-USR-039,23.35211,85.30837,708.5,2026-08-05,20:04:00,2026-08-05 20:04:00
IND-USR-039,23.345541,85.311765,591.9,2026-08-05,20:18:00,2026-08-05 20:18:00
IND-USR-039,23.340097,85.30618,378.8,2026-08-05,20:27:00,2026-08-05 20:27:00
IND-USR-039,23.339276,85.306056,578.8,2026-08-05,20:46:00,2026-08-05 20:46:00
IND-USR-039,23.3327,85.311778,777.6,2026-08-05,20:50:00,2026-08-05 20:50:00
IND-USR-039,23.352317,85.310191,458.8,2026-08-05,21:06:00,2026-08-05 21:06:00
IND-USR-039,23.338435,85.307029,787.6,2026-08-05,21:20:00,2026-08-05 21:20:00
IND-USR-039,23.342264,85.30553,61.4,2026-08-05,21:27:00,2026-08-05 21:27:00
IND-USR-039,23.347541,85.312841,617.8,2026-08-05,21:40:00,2026-08-05 21:40:00
IND-USR-039,23.339478,85.3125,263.7,2026-08-05,21:48:00,2026-08-05 21:48:00
IND-USR-039,23.350207,85.31721,83.1,2026-08-05,21:53:00,2026-08-05 21:53:00
IND-USR-039,23.355561,85.305992,36.4,2026-08-05,22:05:00,2026-08-05 22:05:00
IND-USR-039,23.355397,85.308183,163.0,2026-08-05,22:16:00,2026-08-05 22:16:00
IND-USR-039,23.34173,85.310908,71.4,2026-08-05,22:21:00,2026-08-05 22:21:00
IND-USR-039,23.341772,85.311196,721.1,2026-08-05,22:23:00,2026-08-05 22:23:00
IND-USR-039,23.33882,85.308645,186.5,2026-08-05,22:34:00,2026-08-05 22:34:00
IND-USR-039,23.349242,85.309372,610.1,2026-08-05,22:42:00,2026-08-05 22:42:00
IND-USR-040,23.344666,85.311501,89.9,2026-08-01,06:10:00,2026-08-01 06:10:00
IND-USR-040,23.348783,85.302979,540.9,2026-08-01,06:30:00,2026-08-01 06:30:00
IND-USR-040,23.346438,85.308527,937.3,2026-08-01,06:50:00,2026-08-01 06:50:00
IND-USR-040,23.344767,85.31384,52.9,2026-08-01,07:07:00,2026-08-01 07:07:00
IND-USR-040,23.339323,85.305549,97.6,2026-08-01,07:19:00,2026-08-01 07:19:00
IND-USR-040,23.336358,85.307403,18.0,2026-08-01,07:30:00,2026-08-01 07:30:00
IND-USR-040,23.349422,85.309118,716.6,2026-08-01,07:43:00,2026-08-01 07:43:00
IND-USR-040,23.33874,85.307657,480.2,2026-08-01,07:57:00,2026-08-01 07:57:00
IND-USR-040,22.798649,86.198399,716.7,2026-08-01,08:09:00,2026-08-01 08:09:00
IND-USR-040,22.806155,86.198205,925.4,2026-08-01,08:22:00,2026-08-01 08:22:00
IND-USR-040,22.809051,86.202616,321.4,2026-08-01,08:27:00,2026-08-01 08:27:00
IND-USR-040,22.804942,86.201787,104.9,2026-08-01,08:45:00,2026-08-01 08:45:00
IND-USR-040,22.807691,86.206033,32.3,2026-08-01,08:51:00,2026-08-01 08:51:00
IND-USR-040,22.80594,86.205159,458.3,2026-08-01,09:05:00,2026-08-01 09:05:00
IND-USR-040,22.803752,86.205069,282.7,2026-08-01,09:08:00,2026-08-01 09:08:00
IND-USR-040,22.803248,86.202909,651.4,2026-08-01,09:14:00,2026-08-01 09:14:00
IND-USR-040,22.803501,86.201071,842.1,2026-08-01,09:18:00,2026-08-01 09:18:00
IND-USR-040,22.801844,86.204771,905.6,2026-08-01,09:22:00,2026-08-01 09:22:00
IND-USR-040,22.809842,86.207584,841.3,2026-08-01,09:31:00,2026-08-01 09:31:00
IND-USR-040,22.799574,86.208057,732.7,2026-08-01,09:37:00,2026-08-01 09:37:00
IND-USR-040,22.803327,86.205303,943.8,2026-08-01,09:44:00,2026-08-01 09:44:00
IND-USR-040,22.800975,86.203468,495.3,2026-08-01,10:02:00,2026-08-01 10:02:00
IND-USR-040,22.805855,86.196962,884.4,2026-08-01,10:20:00,2026-08-01 10:20:00
IND-USR-040,22.807033,86.208284,430.6,2026-08-01,10:32:00,2026-08-01 10:32:00
IND-USR-040,22.803901,86.208341,328.7,2026-08-01,10:38:00,2026-08-01 10:38:00
IND-USR-040,22.803841,86.206298,596.1,2026-08-01,10:51:00,2026-08-01 10:51:00
IND-USR-040,22.795726,86.212575,47.6,2026-08-01,11:06:00,2026-08-01 11:06:00
IND-USR-040,22.810582,86.201761,234.8,2026-08-01,11:20:00,2026-08-01 11:20:00
IND-USR-040,22.796712,86.204052,910.5,2026-08-01,11:24:00,2026-08-01 11:24:00
IND-USR-040,22.798824,86.204679,600.1,2026-08-01,11:44:00,2026-08-01 11:44:00
IND-USR-040,22.806246,86.199134,101.6,2026-08-01,12:01:00,2026-08-01 12:01:00
IND-USR-040,22.809084,86.206122,144.1,2026-08-01,12:03:00,2026-08-01 12:03:00
IND-USR-040,22.808503,86.202935,524.3,2026-08-01,12:14:00,2026-08-01 12:14:00
IND-USR-040,22.798938,86.206811,479.0,2026-08-01,12:18:00,2026-08-01 12:18:00
IND-USR-040,22.803519,86.197341,304.9,2026-08-01,12:34:00,2026-08-01 12:34:00
IND-USR-040,22.810008,86.211298,161.8,2026-08-01,12:45:00,2026-08-01 12:45:00
IND-USR-040,22.804435,86.211536,551.9,2026-08-01,12:55:00,2026-08-01 12:55:00
IND-USR-040,22.804965,86.201378,93.9,2026-08-01,13:08:00,2026-08-01 13:08:00
IND-USR-040,22.802078,86.209448,678.0,2026-08-01,13:15:00,2026-08-01 13:15:00
IND-USR-040,22.801479,86.205841,252.5,2026-08-01,13:31:00,2026-08-01 13:31:00
IND-USR-040,22.802363,86.201059,929.8,2026-08-01,13:48:00,2026-08-01 13:48:00
IND-USR-040,22.808721,86.20138,621.3,2026-08-01,14:04:00,2026-08-01 14:04:00
IND-USR-040,22.802981,86.207431,893.4,2026-08-01,14:10:00,2026-08-01 14:10:00
IND-USR-040,22.81099,86.205479,469.0,2026-08-01,14:30:00,2026-08-01 14:30:00
IND-USR-040,22.801981,86.200858,817.5,2026-08-01,14:43:00,2026-08-01 14:43:00
IND-USR-040,22.80492,86.204184,394.5,2026-08-01,14:57:00,2026-08-01 14:57:00
IND-USR-040,22.800649,86.205792,424.4,2026-08-01,15:03:00,2026-08-01 15:03:00
IND-USR-040,22.804942,86.196037,804.1,2026-08-01,15:21:00,2026-08-01 15:21:00
IND-USR-040,22.800884,86.200883,361.3,2026-08-01,15:33:00,2026-08-01 15:33:00
IND-USR-040,22.804309,86.210457,485.6,2026-08-01,15:48:00,2026-08-01 15:48:00
IND-USR-040,22.805553,86.199537,834.8,2026-08-01,15:58:00,2026-08-01 15:58:00
IND-USR-040,22.805483,86.201492,593.4,2026-08-01,16:01:00,2026-08-01 16:01:00
IND-USR-040,22.805899,86.205222,706.6,2026-08-01,16:04:00,2026-08-01 16:04:00
IND-USR-040,22.809437,86.202803,667.8,2026-08-01,16:13:00,2026-08-01 16:13:00
IND-USR-040,22.811156,86.206532,17.5,2026-08-01,16:32:00,2026-08-01 16:32:00
IND-USR-040,22.80177,86.211739,283.2,2026-08-01,16:37:00,2026-08-01 16:37:00
IND-USR-040,22.805908,86.19956,545.9,2026-08-01,16:44:00,2026-08-01 16:44:00
IND-USR-040,22.811212,86.211211,219.7,2026-08-01,16:48:00,2026-08-01 16:48:00
IND-USR-040,22.804468,86.200885,639.0,2026-08-01,17:04:00,2026-08-01 17:04:00
IND-USR-040,22.803911,86.205759,447.9,2026-08-01,17:17:00,2026-08-01 17:17:00
IND-USR-040,22.809711,86.205182,856.1,2026-08-01,17:36:00,2026-08-01 17:36:00
IND-USR-040,22.805007,86.208892,112.6,2026-08-01,17:52:00,2026-08-01 17:52:00
IND-USR-040,22.803349,86.207024,697.9,2026-08-01,17:59:00,2026-08-01 17:59:00
IND-USR-040,22.803448,86.204624,732.1,2026-08-01,18:13:00,2026-08-01 18:13:00
IND-USR-040,22.804146,86.202677,387.4,2026-08-01,18:21:00,2026-08-01 18:21:00
IND-USR-040,22.80309,86.208279,308.2,2026-08-01,18:25:00,2026-08-01 18:25:00
IND-USR-040,22.801668,86.199939,209.9,2026-08-01,18:42:00,2026-08-01 18:42:00
IND-USR-040,22.813084,86.206811,117.5,2026-08-01,18:59:00,2026-08-01 18:59:00
IND-USR-040,23.33456,85.307339,46.0,2026-08-01,19:15:00,2026-08-01 19:15:00
IND-USR-040,23.336852,85.305797,901.6,2026-08-01,19:21:00,2026-08-01 19:21:00
IND-USR-040,23.331546,85.309052,611.8,2026-08-01,19:27:00,2026-08-01 19:27:00
IND-USR-040,23.339532,85.30984,544.1,2026-08-01,19:39:00,2026-08-01 19:39:00
IND-USR-040,23.3376,85.309932,68.7,2026-08-01,19:53:00,2026-08-01 19:53:00
IND-USR-040,23.34244,85.315608,752.2,2026-08-01,20:06:00,2026-08-01 20:06:00
IND-USR-040,23.349745,85.312741,210.6,2026-08-01,20:23:00,2026-08-01 20:23:00
IND-USR-040,23.342794,85.317542,825.9,2026-08-01,20:31:00,2026-08-01 20:31:00
IND-USR-040,23.337888,85.303986,263.7,2026-08-01,20:46:00,2026-08-01 20:46:00
IND-USR-040,23.343765,85.318616,88.6,2026-08-01,20:53:00,2026-08-01 20:53:00
IND-USR-040,23.343291,85.308867,267.5,2026-08-01,20:57:00,2026-08-01 20:57:00
IND-USR-040,23.338332,85.313384,290.4,2026-08-01,21:01:00,2026-08-01 21:01:00
IND-USR-040,23.347913,85.312756,829.0,2026-08-01,21:17:00,2026-08-01 21:17:00
IND-USR-040,23.341583,85.306773,211.3,2026-08-01,21:35:00,2026-08-01 21:35:00
IND-USR-040,23.338928,85.309935,183.0,2026-08-01,21:45:00,2026-08-01 21:45:00
IND-USR-040,23.339778,85.30489,96.9,2026-08-01,21:48:00,2026-08-01 21:48:00
IND-USR-040,23.342405,85.307643,331.5,2026-08-01,22:03:00,2026-08-01 22:03:00
IND-USR-040,23.341948,85.311466,164.7,2026-08-01,22:14:00,2026-08-01 22:14:00
IND-USR-040,23.344416,85.308447,895.4,2026-08-01,22:27:00,2026-08-01 22:27:00
IND-USR-040,23.344832,85.305634,457.0,2026-08-01,22:44:00,2026-08-01 22:44:00
IND-USR-040,23.344521,85.310202,917.7,2026-08-01,22:51:00,2026-08-01 22:51:00
IND-USR-040,23.338088,85.313583,343.4,2026-08-01,23:06:00,2026-08-01 23:06:00
IND-USR-040,23.340574,85.309961,375.8,2026-08-01,23:26:00,2026-08-01 23:26:00
IND-USR-040,23.348758,85.313303,537.3,2026-08-01,23:28:00,2026-08-01 23:28:00
IND-USR-040,23.344237,85.30815,83.1,2026-08-01,23:36:00,2026-08-01 23:36:00
IND-USR-040,23.34789,85.312299,589.5,2026-08-01,23:56:00,2026-08-01 23:56:00
IND-USR-040,23.341627,85.30642,634.2,2026-08-02,00:08:00,2026-08-02 00:08:00
IND-USR-041,12.969811,77.570316,852.7,2026-08-06,06:06:00,2026-08-06 06:06:00
IND-USR-041,12.977769,77.574245,479.5,2026-08-06,06:12:00,2026-08-06 06:12:00
IND-USR-041,12.979536,77.575037,116.8,2026-08-06,06:24:00,2026-08-06 06:24:00
IND-USR-041,12.975311,77.574253,257.0,2026-08-06,06:39:00,2026-08-06 06:39:00
IND-USR-041,12.975984,77.57281,938.9,2026-08-06,06:41:00,2026-08-06 06:41:00
IND-USR-041,12.972265,77.570641,606.2,2026-08-06,06:47:00,2026-08-06 06:47:00
IND-USR-041,12.970161,77.568631,101.6,2026-08-06,07:07:00,2026-08-06 07:07:00
IND-USR-041,12.979861,77.567616,711.0,2026-08-06,07:15:00,2026-08-06 07:15:00
IND-USR-041,12.973898,77.573084,405.0,2026-08-06,07:23:00,2026-08-06 07:23:00
IND-USR-041,12.977686,77.567742,737.9,2026-08-06,07:42:00,2026-08-06 07:42:00
IND-USR-041,12.978268,77.580247,213.2,2026-08-06,07:56:00,2026-08-06 07:56:00
IND-USR-041,12.983014,77.64545,905.2,2026-08-06,08:04:00,2026-08-06 08:04:00
IND-USR-041,12.980142,77.641466,907.8,2026-08-06,08:24:00,2026-08-06 08:24:00
IND-USR-041,12.968816,77.638084,775.0,2026-08-06,08:37:00,2026-08-06 08:37:00
IND-USR-041,12.976478,77.6333,293.8,2026-08-06,08:39:00,2026-08-06 08:39:00
IND-USR-041,12.97377,77.632877,482.0,2026-08-06,08:50:00,2026-08-06 08:50:00
IND-USR-041,12.978247,77.644075,667.4,2026-08-06,08:55:00,2026-08-06 08:55:00
IND-USR-041,12.982827,77.642459,399.2,2026-08-06,09:11:00,2026-08-06 09:11:00
IND-USR-041,12.974546,77.633072,341.1,2026-08-06,09:24:00,2026-08-06 09:24:00
IND-USR-041,12.971373,77.635724,410.3,2026-08-06,09:43:00,2026-08-06 09:43:00
IND-USR-041,12.974845,77.640161,116.6,2026-08-06,09:55:00,2026-08-06 09:55:00
IND-USR-041,12.974343,77.642156,441.3,2026-08-06,10:02:00,2026-08-06 10:02:00
IND-USR-041,12.977471,77.640842,176.3,2026-08-06,10:15:00,2026-08-06 10:15:00
IND-USR-041,12.982961,77.636079,520.2,2026-08-06,10:22:00,2026-08-06 10:22:00
IND-USR-041,12.980075,77.640744,277.9,2026-08-06,10:36:00,2026-08-06 10:36:00
IND-USR-041,12.977066,77.644341,606.1,2026-08-06,10:51:00,2026-08-06 10:51:00
IND-USR-041,12.981916,77.637014,945.6,2026-08-06,10:56:00,2026-08-06 10:56:00
IND-USR-041,12.977671,77.641925,94.3,2026-08-06,11:01:00,2026-08-06 11:01:00
IND-USR-041,12.977308,77.64314,589.3,2026-08-06,11:03:00,2026-08-06 11:03:00
IND-USR-041,12.979525,77.64813,107.5,2026-08-06,11:18:00,2026-08-06 11:18:00
IND-USR-041,12.972279,77.64031,103.7,2026-08-06,11:37:00,2026-08-06 11:37:00
IND-USR-041,12.974766,77.643216,483.2,2026-08-06,11:53:00,2026-08-06 11:53:00
IND-USR-041,12.971931,77.642185,637.6,2026-08-06,11:56:00,2026-08-06 11:56:00
IND-USR-041,12.97588,77.637863,209.2,2026-08-06,12:11:00,2026-08-06 12:11:00
IND-USR-041,12.972614,77.63894,528.5,2026-08-06,12:27:00,2026-08-06 12:27:00
IND-USR-041,12.982738,77.640699,193.8,2026-08-06,12:32:00,2026-08-06 12:32:00
IND-USR-041,12.980911,77.647459,903.5,2026-08-06,12:49:00,2026-08-06 12:49:00
IND-USR-041,12.979455,77.638565,919.6,2026-08-06,13:02:00,2026-08-06 13:02:00
IND-USR-041,12.980269,77.638623,398.2,2026-08-06,13:18:00,2026-08-06 13:18:00
IND-USR-041,12.976382,77.63472,17.1,2026-08-06,13:32:00,2026-08-06 13:32:00
IND-USR-041,12.982105,77.639256,745.3,2026-08-06,13:45:00,2026-08-06 13:45:00
IND-USR-041,12.979128,77.636656,276.6,2026-08-06,14:03:00,2026-08-06 14:03:00
IND-USR-041,12.980144,77.637752,299.0,2026-08-06,14:13:00,2026-08-06 14:13:00
IND-USR-041,12.977833,77.644311,642.9,2026-08-06,14:28:00,2026-08-06 14:28:00
IND-USR-041,12.981563,77.640712,856.2,2026-08-06,14:30:00,2026-08-06 14:30:00
IND-USR-041,12.971327,77.652771,40.7,2026-08-06,14:45:00,2026-08-06 14:45:00
IND-USR-041,12.985383,77.643691,154.2,2026-08-06,14:47:00,2026-08-06 14:47:00
IND-USR-041,12.975387,77.640346,800.3,2026-08-06,15:00:00,2026-08-06 15:00:00
IND-USR-041,12.976226,77.645855,780.8,2026-08-06,15:18:00,2026-08-06 15:18:00
IND-USR-041,12.97945,77.637663,325.0,2026-08-06,15:30:00,2026-08-06 15:30:00
IND-USR-041,12.976517,77.645285,943.3,2026-08-06,15:50:00,2026-08-06 15:50:00
IND-USR-041,12.9848,77.646913,532.4,2026-08-06,15:59:00,2026-08-06 15:59:00
IND-USR-041,12.981428,77.63979,191.1,2026-08-06,16:13:00,2026-08-06 16:13:00
IND-USR-041,12.965434,77.641989,788.8,2026-08-06,16:27:00,2026-08-06 16:27:00
IND-USR-041,12.978393,77.64136,413.4,2026-08-06,16:47:00,2026-08-06 16:47:00
IND-USR-041,12.978616,77.635495,928.7,2026-08-06,17:01:00,2026-08-06 17:01:00
IND-USR-041,12.98063,77.643329,388.9,2026-08-06,17:08:00,2026-08-06 17:08:00
IND-USR-041,12.981129,77.644586,496.2,2026-08-06,17:20:00,2026-08-06 17:20:00
IND-USR-041,12.980816,77.63916,227.1,2026-08-06,17:35:00,2026-08-06 17:35:00
IND-USR-041,12.978117,77.641164,484.0,2026-08-06,17:41:00,2026-08-06 17:41:00
IND-USR-041,12.978831,77.644793,747.2,2026-08-06,18:01:00,2026-08-06 18:01:00
IND-USR-041,12.980975,77.649109,797.1,2026-08-06,18:11:00,2026-08-06 18:11:00
IND-USR-041,12.987226,77.641119,901.8,2026-08-06,18:18:00,2026-08-06 18:18:00
IND-USR-041,12.963053,77.645747,97.7,2026-08-06,18:26:00,2026-08-06 18:26:00
IND-USR-041,12.976238,77.637594,421.2,2026-08-06,18:28:00,2026-08-06 18:28:00
IND-USR-041,12.976806,77.639013,153.9,2026-08-06,18:48:00,2026-08-06 18:48:00
IND-USR-041,12.980549,77.563462,875.4,2026-08-06,19:07:00,2026-08-06 19:07:00
IND-USR-041,12.973789,77.571073,547.5,2026-08-06,19:11:00,2026-08-06 19:11:00
IND-USR-041,12.980592,77.572266,707.8,2026-08-06,19:13:00,2026-08-06 19:13:00
IND-USR-041,12.974952,77.565787,934.4,2026-08-06,19:19:00,2026-08-06 19:19:00
IND-USR-041,12.976073,77.570659,185.4,2026-08-06,19:32:00,2026-08-06 19:32:00
IND-USR-041,12.984042,77.56151,289.1,2026-08-06,19:41:00,2026-08-06 19:41:00
IND-USR-041,12.977217,77.564369,800.0,2026-08-06,20:00:00,2026-08-06 20:00:00
IND-USR-041,12.971491,77.573568,734.2,2026-08-06,20:14:00,2026-08-06 20:14:00
IND-USR-041,12.980278,77.571498,268.5,2026-08-06,20:17:00,2026-08-06 20:17:00
IND-USR-041,12.981784,77.567781,599.8,2026-08-06,20:23:00,2026-08-06 20:23:00
IND-USR-041,12.976369,77.578443,824.9,2026-08-06,20:43:00,2026-08-06 20:43:00
IND-USR-041,12.977114,77.572641,441.6,2026-08-06,20:48:00,2026-08-06 20:48:00
IND-USR-041,12.978126,77.562307,110.7,2026-08-06,20:53:00,2026-08-06 20:53:00
IND-USR-041,12.969921,77.567384,256.3,2026-08-06,21:04:00,2026-08-06 21:04:00
IND-USR-042,12.982324,77.572853,474.6,2026-08-03,06:04:00,2026-08-03 06:04:00
IND-USR-042,12.981756,77.565752,868.0,2026-08-03,06:17:00,2026-08-03 06:17:00
IND-USR-042,12.984563,77.56584,377.4,2026-08-03,06:25:00,2026-08-03 06:25:00
IND-USR-042,12.978951,77.569659,757.7,2026-08-03,06:42:00,2026-08-03 06:42:00
IND-USR-042,12.977405,77.575054,79.2,2026-08-03,06:57:00,2026-08-03 06:57:00
IND-USR-042,12.97528,77.564302,207.7,2026-08-03,07:01:00,2026-08-03 07:01:00
IND-USR-042,12.97818,77.568101,362.7,2026-08-03,07:16:00,2026-08-03 07:16:00
IND-USR-042,12.99161,77.572406,605.5,2026-08-03,07:28:00,2026-08-03 07:28:00
IND-USR-042,12.976463,77.565476,770.0,2026-08-03,07:44:00,2026-08-03 07:44:00
IND-USR-042,12.970579,77.565599,290.8,2026-08-03,07:51:00,2026-08-03 07:51:00
IND-USR-042,12.97856,77.575409,630.1,2026-08-03,07:58:00,2026-08-03 07:58:00
IND-USR-042,12.982887,77.641716,120.2,2026-08-03,08:01:00,2026-08-03 08:01:00
IND-USR-042,12.977107,77.641875,944.1,2026-08-03,08:13:00,2026-08-03 08:13:00
IND-USR-042,12.976325,77.647673,945.2,2026-08-03,08:30:00,2026-08-03 08:30:00
IND-USR-042,12.977643,77.640455,14.7,2026-08-03,08:49:00,2026-08-03 08:49:00
IND-USR-042,12.969537,77.640018,707.2,2026-08-03,09:07:00,2026-08-03 09:07:00
IND-USR-042,12.981746,77.636529,191.3,2026-08-03,09:12:00,2026-08-03 09:12:00
IND-USR-042,12.975397,77.643971,513.8,2026-08-03,09:14:00,2026-08-03 09:14:00
IND-USR-042,12.972493,77.645031,491.0,2026-08-03,09:32:00,2026-08-03 09:32:00
IND-USR-042,12.976271,77.639246,213.3,2026-08-03,09:38:00,2026-08-03 09:38:00
IND-USR-042,12.973904,77.642312,117.9,2026-08-03,09:51:00,2026-08-03 09:51:00
IND-USR-042,12.988239,77.643926,37.7,2026-08-03,09:59:00,2026-08-03 09:59:00
IND-USR-042,12.974943,77.645342,216.6,2026-08-03,10:05:00,2026-08-03 10:05:00
IND-USR-042,12.977133,77.646298,261.5,2026-08-03,10:11:00,2026-08-03 10:11:00
IND-USR-042,12.981627,77.629027,197.3,2026-08-03,10:28:00,2026-08-03 10:28:00
IND-USR-042,12.974384,77.644578,337.6,2026-08-03,10:32:00,2026-08-03 10:32:00
IND-USR-042,12.979007,77.636705,622.8,2026-08-03,10:51:00,2026-08-03 10:51:00
IND-USR-042,12.975866,77.633175,710.5,2026-08-03,11:07:00,2026-08-03 11:07:00
IND-USR-042,12.978047,77.649643,419.9,2026-08-03,11:24:00,2026-08-03 11:24:00
IND-USR-042,12.98162,77.649562,877.0,2026-08-03,11:38:00,2026-08-03 11:38:00
IND-USR-042,12.98193,77.64491,172.6,2026-08-03,11:48:00,2026-08-03 11:48:00
IND-USR-042,12.986296,77.642309,914.2,2026-08-03,11:58:00,2026-08-03 11:58:00
IND-USR-042,12.977651,77.644931,558.6,2026-08-03,12:03:00,2026-08-03 12:03:00
IND-USR-042,12.984215,77.63888,302.9,2026-08-03,12:23:00,2026-08-03 12:23:00
IND-USR-042,12.975514,77.641355,906.5,2026-08-03,12:31:00,2026-08-03 12:31:00
IND-USR-042,12.981726,77.643992,417.5,2026-08-03,12:48:00,2026-08-03 12:48:00
IND-USR-042,12.972703,77.648446,408.3,2026-08-03,13:04:00,2026-08-03 13:04:00
IND-USR-042,12.975835,77.63974,776.9,2026-08-03,13:14:00,2026-08-03 13:14:00
IND-USR-042,12.974789,77.651593,580.9,2026-08-03,13:19:00,2026-08-03 13:19:00
IND-USR-042,12.979368,77.637396,197.7,2026-08-03,13:34:00,2026-08-03 13:34:00
IND-USR-042,12.981856,77.643877,361.5,2026-08-03,13:47:00,2026-08-03 13:47:00
IND-USR-042,12.977649,77.644162,432.4,2026-08-03,13:51:00,2026-08-03 13:51:00
IND-USR-042,12.975099,77.638828,910.6,2026-08-03,13:54:00,2026-08-03 13:54:00
IND-USR-042,12.970359,77.635504,561.7,2026-08-03,14:04:00,2026-08-03 14:04:00
IND-USR-042,12.985631,77.647366,577.6,2026-08-03,14:15:00,2026-08-03 14:15:00
IND-USR-042,12.978663,77.647452,341.1,2026-08-03,14:33:00,2026-08-03 14:33:00
IND-USR-042,12.97776,77.639826,117.8,2026-08-03,14:35:00,2026-08-03 14:35:00
IND-USR-042,12.978626,77.6403,413.6,2026-08-03,14:47:00,2026-08-03 14:47:00
IND-USR-042,12.977539,77.645374,346.3,2026-08-03,14:54:00,2026-08-03 14:54:00
IND-USR-042,12.979001,77.64365,212.3,2026-08-03,14:58:00,2026-08-03 14:58:00
IND-USR-042,12.982526,77.642353,359.6,2026-08-03,15:11:00,2026-08-03 15:11:00
IND-USR-042,12.974519,77.635389,125.0,2026-08-03,15:23:00,2026-08-03 15:23:00
IND-USR-042,12.978995,77.640115,657.0,2026-08-03,15:35:00,2026-08-03 15:35:00
IND-USR-042,12.97875,77.640736,210.9,2026-08-03,15:47:00,2026-08-03 15:47:00
IND-USR-042,12.988734,77.635479,757.5,2026-08-03,16:07:00,2026-08-03 16:07:00
IND-USR-042,12.97044,77.64213,537.9,2026-08-03,16:16:00,2026-08-03 16:16:00
IND-USR-042,12.976894,77.642064,276.6,2026-08-03,16:30:00,2026-08-03 16:30:00
IND-USR-042,12.980736,77.645936,505.6,2026-08-03,16:38:00,2026-08-03 16:38:00
IND-USR-042,12.972371,77.638573,537.3,2026-08-03,16:43:00,2026-08-03 16:43:00
IND-USR-042,12.980115,77.643882,549.5,2026-08-03,16:47:00,2026-08-03 16:47:00
IND-USR-042,12.987174,77.644623,651.2,2026-08-03,17:02:00,2026-08-03 17:02:00
IND-USR-042,12.978173,77.637238,308.7,2026-08-03,17:17:00,2026-08-03 17:17:00
IND-USR-042,12.976143,77.638429,196.3,2026-08-03,17:29:00,2026-08-03 17:29:00
IND-USR-042,12.981021,77.641828,764.6,2026-08-03,17:32:00,2026-08-03 17:32:00
IND-USR-042,12.973105,77.639056,54.0,2026-08-03,17:49:00,2026-08-03 17:49:00
IND-USR-042,12.98191,77.642207,406.0,2026-08-03,17:59:00,2026-08-03 17:59:00
IND-USR-042,12.980675,77.642332,435.6,2026-08-03,18:04:00,2026-08-03 18:04:00
IND-USR-042,12.984906,77.641744,565.7,2026-08-03,18:16:00,2026-08-03 18:16:00
IND-USR-042,12.976856,77.637137,551.8,2026-08-03,18:25:00,2026-08-03 18:25:00
IND-USR-042,12.979398,77.631037,26.8,2026-08-03,18:36:00,2026-08-03 18:36:00
IND-USR-042,12.977663,77.639977,938.7,2026-08-03,18:56:00,2026-08-03 18:56:00
IND-USR-042,12.972642,77.565987,277.3,2026-08-03,19:12:00,2026-08-03 19:12:00
IND-USR-042,12.981339,77.570623,44.8,2026-08-03,19:26:00,2026-08-03 19:26:00
IND-USR-042,12.978507,77.570925,873.0,2026-08-03,19:45:00,2026-08-03 19:45:00
IND-USR-042,12.978471,77.574671,327.1,2026-08-03,19:48:00,2026-08-03 19:48:00
IND-USR-042,12.978594,77.563867,75.3,2026-08-03,19:50:00,2026-08-03 19:50:00
IND-USR-042,12.984621,77.571181,790.1,2026-08-03,19:55:00,2026-08-03 19:55:00
IND-USR-042,12.975743,77.564686,689.9,2026-08-03,20:10:00,2026-08-03 20:10:00
IND-USR-042,12.979684,77.569231,308.2,2026-08-03,20:20:00,2026-08-03 20:20:00
IND-USR-042,12.984397,77.568316,386.3,2026-08-03,20:33:00,2026-08-03 20:33:00
IND-USR-042,12.97475,77.573283,738.1,2026-08-03,20:52:00,2026-08-03 20:52:00
IND-USR-042,12.981801,77.570375,585.6,2026-08-03,21:09:00,2026-08-03 21:09:00
IND-USR-042,12.980805,77.569549,290.5,2026-08-03,21:23:00,2026-08-03 21:23:00
IND-USR-042,12.979035,77.57436,473.7,2026-08-03,21:39:00,2026-08-03 21:39:00
IND-USR-042,12.980601,77.569023,802.5,2026-08-03,21:44:00,2026-08-03 21:44:00
IND-USR-043,12.983509,77.560241,220.6,2026-08-10,06:02:00,2026-08-10 06:02:00
IND-USR-043,12.986308,77.562876,140.4,2026-08-10,06:04:00,2026-08-10 06:04:00
IND-USR-043,12.975592,77.569536,819.7,2026-08-10,06:16:00,2026-08-10 06:16:00
IND-USR-043,12.977514,77.573726,222.8,2026-08-10,06:31:00,2026-08-10 06:31:00
IND-USR-043,12.973869,77.570743,189.7,2026-08-10,06:35:00,2026-08-10 06:35:00
IND-USR-043,12.975787,77.570881,777.2,2026-08-10,06:48:00,2026-08-10 06:48:00
IND-USR-043,12.977841,77.570072,940.2,2026-08-10,07:07:00,2026-08-10 07:07:00
IND-USR-043,12.9759,77.56766,254.1,2026-08-10,07:10:00,2026-08-10 07:10:00
IND-USR-043,12.979249,77.573475,114.2,2026-08-10,07:13:00,2026-08-10 07:13:00
IND-USR-043,12.975707,77.566225,80.5,2026-08-10,07:24:00,2026-08-10 07:24:00
IND-USR-043,12.980554,77.56957,656.6,2026-08-10,07:36:00,2026-08-10 07:36:00
IND-USR-043,12.981422,77.566077,263.7,2026-08-10,07:50:00,2026-08-10 07:50:00
IND-USR-043,12.970982,77.567568,879.4,2026-08-10,07:57:00,2026-08-10 07:57:00
IND-USR-043,12.975335,77.640485,443.1,2026-08-10,08:17:00,2026-08-10 08:17:00
IND-USR-043,12.975853,77.643764,310.2,2026-08-10,08:23:00,2026-08-10 08:23:00
IND-USR-043,12.977247,77.641402,717.9,2026-08-10,08:29:00,2026-08-10 08:29:00
IND-USR-043,12.979031,77.64158,608.7,2026-08-10,08:44:00,2026-08-10 08:44:00
IND-USR-043,12.978303,77.642842,500.5,2026-08-10,08:49:00,2026-08-10 08:49:00
IND-USR-043,12.975217,77.646398,553.2,2026-08-10,08:58:00,2026-08-10 08:58:00
IND-USR-043,12.977454,77.635554,927.8,2026-08-10,09:15:00,2026-08-10 09:15:00
IND-USR-043,12.979152,77.637395,736.3,2026-08-10,09:27:00,2026-08-10 09:27:00
IND-USR-043,12.981061,77.649638,222.3,2026-08-10,09:44:00,2026-08-10 09:44:00
IND-USR-043,12.975254,77.642129,730.2,2026-08-10,09:54:00,2026-08-10 09:54:00
IND-USR-043,12.971378,77.642616,341.8,2026-08-10,09:58:00,2026-08-10 09:58:00
IND-USR-043,12.974857,77.638301,629.9,2026-08-10,10:07:00,2026-08-10 10:07:00
IND-USR-043,12.973995,77.643729,663.3,2026-08-10,10:15:00,2026-08-10 10:15:00
IND-USR-043,12.982429,77.640894,923.5,2026-08-10,10:19:00,2026-08-10 10:19:00
IND-USR-043,12.974942,77.647158,209.7,2026-08-10,10:22:00,2026-08-10 10:22:00
IND-USR-043,12.975398,77.632152,450.1,2026-08-10,10:30:00,2026-08-10 10:30:00
IND-USR-043,12.980234,77.636381,186.6,2026-08-10,10:44:00,2026-08-10 10:44:00
IND-USR-043,12.982354,77.639275,330.0,2026-08-10,10:49:00,2026-08-10 10:49:00
IND-USR-043,12.980815,77.646406,725.9,2026-08-10,11:09:00,2026-08-10 11:09:00
IND-USR-043,12.973565,77.638536,817.0,2026-08-10,11:27:00,2026-08-10 11:27:00
IND-USR-043,12.978097,77.64695,676.0,2026-08-10,11:38:00,2026-08-10 11:38:00
IND-USR-043,12.975766,77.638422,806.9,2026-08-10,11:44:00,2026-08-10 11:44:00
IND-USR-043,12.980313,77.638491,869.3,2026-08-10,11:49:00,2026-08-10 11:49:00
IND-USR-043,12.97901,77.634594,871.7,2026-08-10,11:58:00,2026-08-10 11:58:00
IND-USR-043,12.987257,77.635409,926.6,2026-08-10,12:12:00,2026-08-10 12:12:00
IND-USR-043,12.977113,77.64067,200.8,2026-08-10,12:30:00,2026-08-10 12:30:00
IND-USR-043,12.986051,77.635501,186.7,2026-08-10,12:44:00,2026-08-10 12:44:00
IND-USR-043,12.986335,77.643829,407.7,2026-08-10,12:54:00,2026-08-10 12:54:00
IND-USR-043,12.980068,77.636861,904.4,2026-08-10,13:05:00,2026-08-10 13:05:00
IND-USR-043,12.980685,77.637906,619.5,2026-08-10,13:25:00,2026-08-10 13:25:00
IND-USR-043,12.983467,77.636916,443.3,2026-08-10,13:31:00,2026-08-10 13:31:00
IND-USR-043,12.977947,77.638579,710.3,2026-08-10,13:36:00,2026-08-10 13:36:00
IND-USR-043,12.97445,77.643765,25.6,2026-08-10,13:45:00,2026-08-10 13:45:00
IND-USR-043,12.980542,77.645636,185.8,2026-08-10,14:01:00,2026-08-10 14:01:00
IND-USR-043,12.97128,77.645057,457.7,2026-08-10,14:03:00,2026-08-10 14:03:00
IND-USR-043,12.988422,77.638993,435.5,2026-08-10,14:21:00,2026-08-10 14:21:00
IND-USR-043,12.985981,77.639747,121.2,2026-08-10,14:31:00,2026-08-10 14:31:00
IND-USR-043,12.97291,77.639577,89.0,2026-08-10,14:50:00,2026-08-10 14:50:00
IND-USR-043,12.982593,77.637447,209.3,2026-08-10,15:05:00,2026-08-10 15:05:00
IND-USR-043,12.975999,77.643174,482.1,2026-08-10,15:19:00,2026-08-10 15:19:00
IND-USR-043,12.978412,77.643138,323.7,2026-08-10,15:37:00,2026-08-10 15:37:00
IND-USR-043,12.979351,77.642719,266.2,2026-08-10,15:53:00,2026-08-10 15:53:00
IND-USR-043,12.976671,77.641727,56.2,2026-08-10,15:58:00,2026-08-10 15:58:00
IND-USR-043,12.974691,77.645954,698.1,2026-08-10,16:12:00,2026-08-10 16:12:00
IND-USR-043,12.975863,77.645315,192.3,2026-08-10,16:27:00,2026-08-10 16:27:00
IND-USR-043,12.977466,77.641608,388.5,2026-08-10,16:35:00,2026-08-10 16:35:00
IND-USR-043,12.97642,77.636736,507.8,2026-08-10,16:45:00,2026-08-10 16:45:00
IND-USR-043,12.971421,77.636579,497.5,2026-08-10,17:02:00,2026-08-10 17:02:00
IND-USR-043,12.977104,77.641648,650.3,2026-08-10,17:07:00,2026-08-10 17:07:00
IND-USR-043,12.982442,77.639017,911.4,2026-08-10,17:16:00,2026-08-10 17:16:00
IND-USR-043,12.974872,77.635029,118.3,2026-08-10,17:25:00,2026-08-10 17:25:00
IND-USR-043,12.98032,77.646333,550.7,2026-08-10,17:28:00,2026-08-10 17:28:00
IND-USR-043,12.983465,77.64364,71.9,2026-08-10,17:37:00,2026-08-10 17:37:00
IND-USR-043,12.980954,77.64759,268.9,2026-08-10,17:42:00,2026-08-10 17:42:00
IND-USR-043,12.979728,77.643385,378.4,2026-08-10,17:56:00,2026-08-10 17:56:00
IND-USR-043,12.977117,77.635352,216.7,2026-08-10,18:01:00,2026-08-10 18:01:00
IND-USR-043,12.975665,77.640763,475.5,2026-08-10,18:11:00,2026-08-10 18:11:00
IND-USR-043,12.978643,77.648505,748.6,2026-08-10,18:18:00,2026-08-10 18:18:00
IND-USR-043,12.978725,77.645515,608.7,2026-08-10,18:31:00,2026-08-10 18:31:00
IND-USR-043,12.97666,77.639553,699.8,2026-08-10,18:42:00,2026-08-10 18:42:00
IND-USR-043,12.973084,77.637831,184.0,2026-08-10,18:47:00,2026-08-10 18:47:00
IND-USR-043,12.980208,77.56973,704.7,2026-08-10,19:04:00,2026-08-10 19:04:00
IND-USR-043,12.981872,77.570425,170.0,2026-08-10,19:13:00,2026-08-10 19:13:00
IND-USR-043,12.97669,77.578293,166.6,2026-08-10,19:17:00,2026-08-10 19:17:00
IND-USR-043,12.977724,77.574352,855.9,2026-08-10,19:29:00,2026-08-10 19:29:00
IND-USR-043,12.976495,77.572538,914.5,2026-08-10,19:35:00,2026-08-10 19:35:00
IND-USR-043,12.981812,77.570534,412.2,2026-08-10,19:52:00,2026-08-10 19:52:00
IND-USR-043,12.968682,77.569773,176.9,2026-08-10,19:54:00,2026-08-10 19:54:00
IND-USR-043,12.983022,77.57181,838.4,2026-08-10,20:04:00,2026-08-10 20:04:00
IND-USR-043,12.979883,77.562811,648.5,2026-08-10,20:11:00,2026-08-10 20:11:00
IND-USR-043,12.975218,77.571345,568.4,2026-08-10,20:13:00,2026-08-10 20:13:00
IND-USR-043,12.979742,77.574559,558.2,2026-08-10,20:30:00,2026-08-10 20:30:00
IND-USR-043,12.977521,77.571323,830.8,2026-08-10,20:47:00,2026-08-10 20:47:00
IND-USR-044,12.978165,77.565752,779.8,2026-08-08,06:03:00,2026-08-08 06:03:00
IND-USR-044,12.969077,77.571424,649.2,2026-08-08,06:23:00,2026-08-08 06:23:00
IND-USR-044,12.978796,77.567227,795.2,2026-08-08,06:34:00,2026-08-08 06:34:00
IND-USR-044,12.971623,77.572219,483.0,2026-08-08,06:52:00,2026-08-08 06:52:00
IND-USR-044,12.977036,77.571927,738.7,2026-08-08,06:58:00,2026-08-08 06:58:00
IND-USR-044,12.985556,77.561134,296.3,2026-08-08,07:03:00,2026-08-08 07:03:00
IND-USR-044,12.975302,77.568862,435.5,2026-08-08,07:15:00,2026-08-08 07:15:00
IND-USR-044,12.983919,77.563154,940.4,2026-08-08,07:28:00,2026-08-08 07:28:00
IND-USR-044,12.985843,77.570243,633.6,2026-08-08,07:38:00,2026-08-08 07:38:00
IND-USR-044,12.977716,77.568908,352.4,2026-08-08,07:48:00,2026-08-08 07:48:00
IND-USR-044,12.976355,77.573892,788.1,2026-08-08,07:50:00,2026-08-08 07:50:00
IND-USR-044,12.974126,77.642182,677.5,2026-08-08,08:01:00,2026-08-08 08:01:00
IND-USR-044,12.976863,77.637751,738.1,2026-08-08,08:19:00,2026-08-08 08:19:00
IND-USR-044,12.988744,77.642476,116.0,2026-08-08,08:36:00,2026-08-08 08:36:00
IND-USR-044,12.980853,77.645351,694.5,2026-08-08,08:54:00,2026-08-08 08:54:00
IND-USR-044,12.972715,77.647809,149.0,2026-08-08,08:56:00,2026-08-08 08:56:00
IND-USR-044,12.968364,77.637725,814.9,2026-08-08,09:11:00,2026-08-08 09:11:00
IND-USR-044,12.976564,77.643127,345.8,2026-08-08,09:17:00,2026-08-08 09:17:00
IND-USR-044,12.979275,77.640133,239.7,2026-08-08,09:19:00,2026-08-08 09:19:00
IND-USR-044,12.978352,77.636888,347.9,2026-08-08,09:34:00,2026-08-08 09:34:00
IND-USR-044,12.972411,77.643706,192.2,2026-08-08,09:38:00,2026-08-08 09:38:00
IND-USR-044,12.981175,77.647138,610.4,2026-08-08,09:52:00,2026-08-08 09:52:00
IND-USR-044,12.97524,77.643571,834.5,2026-08-08,10:02:00,2026-08-08 10:02:00
IND-USR-044,12.977265,77.645562,855.3,2026-08-08,10:21:00,2026-08-08 10:21:00
IND-USR-044,12.982488,77.641645,938.1,2026-08-08,10:37:00,2026-08-08 10:37:00
IND-USR-044,12.977042,77.644644,174.5,2026-08-08,10:55:00,2026-08-08 10:55:00
IND-USR-044,12.980988,77.638062,844.7,2026-08-08,11:08:00,2026-08-08 11:08:00
IND-USR-044,12.973089,77.639646,563.8,2026-08-08,11:22:00,2026-08-08 11:22:00
IND-USR-044,12.984462,77.645386,300.8,2026-08-08,11:32:00,2026-08-08 11:32:00
IND-USR-044,12.973951,77.636129,554.7,2026-08-08,11:35:00,2026-08-08 11:35:00
IND-USR-044,12.983499,77.636257,794.1,2026-08-08,11:47:00,2026-08-08 11:47:00
IND-USR-044,12.980437,77.638336,417.5,2026-08-08,11:52:00,2026-08-08 11:52:00
IND-USR-044,12.984868,77.637718,542.7,2026-08-08,12:08:00,2026-08-08 12:08:00
IND-USR-044,12.982973,77.641539,281.1,2026-08-08,12:21:00,2026-08-08 12:21:00
IND-USR-044,12.979409,77.632919,479.0,2026-08-08,12:23:00,2026-08-08 12:23:00
IND-USR-044,12.969588,77.639918,448.3,2026-08-08,12:29:00,2026-08-08 12:29:00
IND-USR-044,12.979388,77.636299,501.8,2026-08-08,12:35:00,2026-08-08 12:35:00
IND-USR-044,12.974045,77.643046,596.4,2026-08-08,12:46:00,2026-08-08 12:46:00
IND-USR-044,12.980651,77.640249,295.4,2026-08-08,12:53:00,2026-08-08 12:53:00
IND-USR-044,12.981521,77.636103,70.7,2026-08-08,13:04:00,2026-08-08 13:04:00
IND-USR-044,12.976976,77.647392,24.7,2026-08-08,13:15:00,2026-08-08 13:15:00
IND-USR-044,12.978673,77.641305,214.3,2026-08-08,13:18:00,2026-08-08 13:18:00
IND-USR-044,12.987624,77.635203,126.0,2026-08-08,13:38:00,2026-08-08 13:38:00
IND-USR-044,12.981586,77.647456,297.5,2026-08-08,13:55:00,2026-08-08 13:55:00
IND-USR-044,12.977101,77.644239,341.1,2026-08-08,14:10:00,2026-08-08 14:10:00
IND-USR-044,12.974472,77.638053,56.9,2026-08-08,14:12:00,2026-08-08 14:12:00
IND-USR-044,12.97994,77.643994,339.2,2026-08-08,14:18:00,2026-08-08 14:18:00
IND-USR-044,12.982884,77.647079,748.1,2026-08-08,14:29:00,2026-08-08 14:29:00
IND-USR-044,12.97813,77.645574,635.4,2026-08-08,14:47:00,2026-08-08 14:47:00
IND-USR-044,12.977031,77.644408,155.7,2026-08-08,15:06:00,2026-08-08 15:06:00
IND-USR-044,12.97923,77.642583,680.4,2026-08-08,15:10:00,2026-08-08 15:10:00
IND-USR-044,12.980094,77.634381,946.2,2026-08-08,15:16:00,2026-08-08 15:16:00
IND-USR-044,12.973904,77.64121,416.1,2026-08-08,15:24:00,2026-08-08 15:24:00
IND-USR-044,12.971651,77.644125,283.4,2026-08-08,15:28:00,2026-08-08 15:28:00
IND-USR-044,12.981886,77.642109,454.8,2026-08-08,15:31:00,2026-08-08 15:31:00
IND-USR-044,12.973915,77.646321,243.8,2026-08-08,15:44:00,2026-08-08 15:44:00
IND-USR-044,12.986549,77.641388,407.2,2026-08-08,15:58:00,2026-08-08 15:58:00
IND-USR-044,12.980442,77.641607,849.5,2026-08-08,16:03:00,2026-08-08 16:03:00
IND-USR-044,12.980521,77.640322,571.2,2026-08-08,16:14:00,2026-08-08 16:14:00
IND-USR-044,12.978262,77.644423,540.1,2026-08-08,16:21:00,2026-08-08 16:21:00
IND-USR-044,12.987782,77.6352,766.1,2026-08-08,16:33:00,2026-08-08 16:33:00
IND-USR-044,12.977985,77.636078,652.3,2026-08-08,16:39:00,2026-08-08 16:39:00
IND-USR-044,12.984768,77.638449,245.0,2026-08-08,16:47:00,2026-08-08 16:47:00
IND-USR-044,12.972627,77.643353,531.0,2026-08-08,17:02:00,2026-08-08 17:02:00
IND-USR-044,12.985377,77.643454,296.7,2026-08-08,17:13:00,2026-08-08 17:13:00
IND-USR-044,12.979219,77.642437,542.7,2026-08-08,17:24:00,2026-08-08 17:24:00
IND-USR-044,12.984059,77.637303,523.1,2026-08-08,17:40:00,2026-08-08 17:40:00
IND-USR-044,12.977953,77.638989,745.5,2026-08-08,17:54:00,2026-08-08 17:54:00
IND-USR-044,12.973729,77.639486,100.3,2026-08-08,18:09:00,2026-08-08 18:09:00
IND-USR-044,12.982831,77.643066,425.4,2026-08-08,18:27:00,2026-08-08 18:27:00
IND-USR-044,12.980977,77.641386,483.6,2026-08-08,18:39:00,2026-08-08 18:39:00
IND-USR-044,12.980493,77.637598,450.3,2026-08-08,18:52:00,2026-08-08 18:52:00
IND-USR-044,12.976862,77.570468,448.6,2026-08-08,19:07:00,2026-08-08 19:07:00
IND-USR-044,12.97921,77.570981,443.6,2026-08-08,19:22:00,2026-08-08 19:22:00
IND-USR-044,12.977547,77.56819,34.8,2026-08-08,19:41:00,2026-08-08 19:41:00
IND-USR-044,12.990731,77.573327,93.1,2026-08-08,19:56:00,2026-08-08 19:56:00
IND-USR-044,12.979753,77.568767,588.3,2026-08-08,20:02:00,2026-08-08 20:02:00
IND-USR-044,12.976295,77.569177,749.4,2026-08-08,20:13:00,2026-08-08 20:13:00
IND-USR-044,12.979271,77.562178,491.5,2026-08-08,20:33:00,2026-08-08 20:33:00
IND-USR-044,12.971822,77.567152,593.6,2026-08-08,20:39:00,2026-08-08 20:39:00
IND-USR-044,12.978929,77.568743,835.1,2026-08-08,20:59:00,2026-08-08 20:59:00
IND-USR-044,12.984012,77.56377,720.0,2026-08-08,21:02:00,2026-08-08 21:02:00
IND-USR-044,12.975095,77.57578,128.4,2026-08-08,21:16:00,2026-08-08 21:16:00
IND-USR-044,12.978624,77.573239,445.0,2026-08-08,21:18:00,2026-08-08 21:18:00
IND-USR-044,12.986305,77.566925,442.6,2026-08-08,21:36:00,2026-08-08 21:36:00
IND-USR-044,12.977703,77.56861,89.6,2026-08-08,21:39:00,2026-08-08 21:39:00
IND-USR-044,12.970282,77.568458,790.1,2026-08-08,21:49:00,2026-08-08 21:49:00
IND-USR-045,8.527624,76.938762,568.7,2026-08-11,06:12:00,2026-08-11 06:12:00
IND-USR-045,8.526576,76.935098,541.5,2026-08-11,06:23:00,2026-08-11 06:23:00
IND-USR-045,8.521476,76.941677,822.5,2026-08-11,06:35:00,2026-08-11 06:35:00
IND-USR-045,8.522111,76.937776,706.0,2026-08-11,06:40:00,2026-08-11 06:40:00
IND-USR-045,8.524753,76.942447,705.0,2026-08-11,06:58:00,2026-08-11 06:58:00
IND-USR-045,8.527986,76.931419,669.5,2026-08-11,07:01:00,2026-08-11 07:01:00
IND-USR-045,8.51935,76.938916,145.5,2026-08-11,07:19:00,2026-08-11 07:19:00
IND-USR-045,8.523843,76.934779,138.2,2026-08-11,07:36:00,2026-08-11 07:36:00
IND-USR-045,8.528163,76.93735,292.8,2026-08-11,07:42:00,2026-08-11 07:42:00
IND-USR-045,8.52431,76.939719,686.0,2026-08-11,07:53:00,2026-08-11 07:53:00
IND-USR-045,8.5226,76.942874,767.3,2026-08-11,07:55:00,2026-08-11 07:55:00
IND-USR-045,9.978448,76.279428,117.8,2026-08-11,08:03:00,2026-08-11 08:03:00
IND-USR-045,9.987335,76.271291,153.8,2026-08-11,08:05:00,2026-08-11 08:05:00
IND-USR-045,9.980227,76.281369,498.6,2026-08-11,08:10:00,2026-08-11 08:10:00
IND-USR-045,9.986229,76.276114,202.0,2026-08-11,08:19:00,2026-08-11 08:19:00
IND-USR-045,9.978661,76.280624,33.2,2026-08-11,08:36:00,2026-08-11 08:36:00
IND-USR-045,9.986334,76.272141,427.2,2026-08-11,08:54:00,2026-08-11 08:54:00
IND-USR-045,9.976784,76.277701,880.5,2026-08-11,08:57:00,2026-08-11 08:57:00
IND-USR-045,9.984117,76.275604,390.3,2026-08-11,09:08:00,2026-08-11 09:08:00
IND-USR-045,9.984317,76.273959,781.1,2026-08-11,09:15:00,2026-08-11 09:15:00
IND-USR-045,9.973141,76.275104,254.7,2026-08-11,09:34:00,2026-08-11 09:34:00
IND-USR-045,9.981853,76.275697,817.8,2026-08-11,09:50:00,2026-08-11 09:50:00
IND-USR-045,9.976966,76.269537,416.4,2026-08-11,09:55:00,2026-08-11 09:55:00
IND-USR-045,9.979544,76.280391,183.7,2026-08-11,09:57:00,2026-08-11 09:57:00
IND-USR-045,9.986625,76.281551,170.5,2026-08-11,10:06:00,2026-08-11 10:06:00
IND-USR-045,9.978336,76.272185,198.3,2026-08-11,10:25:00,2026-08-11 10:25:00
IND-USR-045,9.983587,76.27934,282.6,2026-08-11,10:42:00,2026-08-11 10:42:00
IND-USR-045,9.983201,76.268744,911.5,2026-08-11,10:47:00,2026-08-11 10:47:00
IND-USR-045,9.978132,76.276681,355.3,2026-08-11,11:04:00,2026-08-11 11:04:00
IND-USR-045,9.983549,76.279869,377.7,2026-08-11,11:14:00,2026-08-11 11:14:00
IND-USR-045,9.982177,76.278123,446.1,2026-08-11,11:19:00,2026-08-11 11:19:00
IND-USR-045,9.981939,76.279542,149.3,2026-08-11,11:34:00,2026-08-11 11:34:00
IND-USR-045,9.982851,76.277063,439.7,2026-08-11,11:45:00,2026-08-11 11:45:00
IND-USR-045,9.980527,76.277125,376.1,2026-08-11,12:05:00,2026-08-11 12:05:00
IND-USR-045,9.983538,76.27787,294.6,2026-08-11,12:25:00,2026-08-11 12:25:00
IND-USR-045,9.983123,76.282171,50.1,2026-08-11,12:41:00,2026-08-11 12:41:00
IND-USR-045,9.982661,76.274204,915.0,2026-08-11,12:54:00,2026-08-11 12:54:00
IND-USR-045,9.985134,76.271335,839.5,2026-08-11,13:10:00,2026-08-11 13:10:00
IND-USR-045,9.977274,76.278143,270.3,2026-08-11,13:26:00,2026-08-11 13:26:00
IND-USR-045,9.983666,76.27182,346.3,2026-08-11,13:33:00,2026-08-11 13:33:00
IND-USR-045,9.980069,76.274376,208.1,2026-08-11,13:51:00,2026-08-11 13:51:00
IND-USR-045,9.979653,76.280574,377.2,2026-08-11,14:09:00,2026-08-11 14:09:00
IND-USR-045,9.984426,76.276724,174.0,2026-08-11,14:13:00,2026-08-11 14:13:00
IND-USR-045,9.979416,76.271401,340.8,2026-08-11,14:19:00,2026-08-11 14:19:00
IND-USR-045,9.987281,76.279168,328.9,2026-08-11,14:39:00,2026-08-11 14:39:00
IND-USR-045,9.978773,76.279678,271.6,2026-08-11,14:45:00,2026-08-11 14:45:00
IND-USR-045,9.981319,76.275652,878.1,2026-08-11,14:56:00,2026-08-11 14:56:00
IND-USR-045,9.983341,76.273834,871.2,2026-08-11,15:00:00,2026-08-11 15:00:00
IND-USR-045,9.980225,76.277286,363.9,2026-08-11,15:17:00,2026-08-11 15:17:00
IND-USR-045,9.979602,76.279476,579.5,2026-08-11,15:34:00,2026-08-11 15:34:00
IND-USR-045,9.989076,76.273783,551.5,2026-08-11,15:41:00,2026-08-11 15:41:00
IND-USR-045,9.974939,76.268793,738.9,2026-08-11,15:59:00,2026-08-11 15:59:00
IND-USR-045,9.980998,76.274147,253.7,2026-08-11,16:17:00,2026-08-11 16:17:00
IND-USR-045,9.982431,76.27733,563.5,2026-08-11,16:29:00,2026-08-11 16:29:00
IND-USR-045,9.975187,76.26954,337.2,2026-08-11,16:49:00,2026-08-11 16:49:00
IND-USR-045,9.982784,76.277342,73.5,2026-08-11,17:03:00,2026-08-11 17:03:00
IND-USR-045,9.979897,76.270171,810.9,2026-08-11,17:05:00,2026-08-11 17:05:00
IND-USR-045,9.983486,76.281888,227.8,2026-08-11,17:12:00,2026-08-11 17:12:00
IND-USR-045,9.982712,76.27341,479.5,2026-08-11,17:17:00,2026-08-11 17:17:00
IND-USR-045,9.981778,76.271336,314.2,2026-08-11,17:34:00,2026-08-11 17:34:00
IND-USR-045,9.985832,76.277127,932.4,2026-08-11,17:43:00,2026-08-11 17:43:00
IND-USR-045,9.974527,76.275597,109.1,2026-08-11,17:52:00,2026-08-11 17:52:00
IND-USR-045,9.983453,76.275468,694.5,2026-08-11,17:59:00,2026-08-11 17:59:00
IND-USR-045,9.980496,76.271902,720.5,2026-08-11,18:13:00,2026-08-11 18:13:00
IND-USR-045,9.983866,76.274206,877.0,2026-08-11,18:28:00,2026-08-11 18:28:00
IND-USR-045,9.972974,76.275315,585.2,2026-08-11,18:31:00,2026-08-11 18:31:00
IND-USR-045,9.985525,76.275252,45.2,2026-08-11,18:36:00,2026-08-11 18:36:00
IND-USR-045,9.988552,76.278516,425.0,2026-08-11,18:40:00,2026-08-11 18:40:00
IND-USR-045,9.982955,76.276286,580.1,2026-08-11,18:53:00,2026-08-11 18:53:00
IND-USR-045,9.981327,76.275746,878.1,2026-08-11,18:55:00,2026-08-11 18:55:00
IND-USR-045,8.522891,76.938723,111.2,2026-08-11,19:07:00,2026-08-11 19:07:00
IND-USR-045,8.520357,76.932296,365.0,2026-08-11,19:23:00,2026-08-11 19:23:00
IND-USR-045,8.519607,76.944783,533.1,2026-08-11,19:43:00,2026-08-11 19:43:00
IND-USR-045,8.526221,76.937818,247.3,2026-08-11,19:51:00,2026-08-11 19:51:00
IND-USR-045,8.51987,76.939093,648.1,2026-08-11,20:07:00,2026-08-11 20:07:00
IND-USR-045,8.523634,76.937457,199.1,2026-08-11,20:16:00,2026-08-11 20:16:00
IND-USR-045,8.520194,76.937241,418.0,2026-08-11,20:23:00,2026-08-11 20:23:00
IND-USR-045,8.522405,76.933538,770.2,2026-08-11,20:41:00,2026-08-11 20:41:00
IND-USR-045,8.527036,76.930449,90.9,2026-08-11,20:49:00,2026-08-11 20:49:00
IND-USR-045,8.526359,76.939338,601.4,2026-08-11,20:51:00,2026-08-11 20:51:00
IND-USR-045,8.520581,76.933319,201.3,2026-08-11,20:56:00,2026-08-11 20:56:00
IND-USR-045,8.523208,76.937728,849.7,2026-08-11,21:02:00,2026-08-11 21:02:00
IND-USR-045,8.523489,76.938334,737.9,2026-08-11,21:15:00,2026-08-11 21:15:00
IND-USR-045,8.531152,76.934569,523.8,2026-08-11,21:35:00,2026-08-11 21:35:00
IND-USR-045,8.517239,76.939904,330.3,2026-08-11,21:39:00,2026-08-11 21:39:00
IND-USR-045,8.530833,76.938171,476.4,2026-08-11,21:57:00,2026-08-11 21:57:00
IND-USR-046,8.519749,76.936104,480.8,2026-08-04,06:17:00,2026-08-04 06:17:00
IND-USR-046,8.519626,76.939171,591.4,2026-08-04,06:30:00,2026-08-04 06:30:00
IND-USR-046,8.518695,76.935399,812.2,2026-08-04,06:49:00,2026-08-04 06:49:00
IND-USR-046,8.520083,76.937107,422.5,2026-08-04,06:53:00,2026-08-04 06:53:00
IND-USR-046,8.522635,76.937307,831.5,2026-08-04,07:07:00,2026-08-04 07:07:00
IND-USR-046,8.524189,76.932653,83.5,2026-08-04,07:27:00,2026-08-04 07:27:00
IND-USR-046,8.526608,76.936405,290.3,2026-08-04,07:45:00,2026-08-04 07:45:00
IND-USR-046,8.520146,76.945564,478.8,2026-08-04,07:50:00,2026-08-04 07:50:00
IND-USR-046,8.526006,76.935987,575.4,2026-08-04,07:53:00,2026-08-04 07:53:00
IND-USR-046,9.987261,76.284167,31.2,2026-08-04,08:05:00,2026-08-04 08:05:00
IND-USR-046,9.981019,76.27819,876.9,2026-08-04,08:16:00,2026-08-04 08:16:00
IND-USR-046,9.977648,76.276211,377.0,2026-08-04,08:26:00,2026-08-04 08:26:00
IND-USR-046,9.980804,76.277539,73.9,2026-08-04,08:39:00,2026-08-04 08:39:00
IND-USR-046,9.982931,76.279039,920.0,2026-08-04,08:46:00,2026-08-04 08:46:00
IND-USR-046,9.982551,76.271957,512.4,2026-08-04,08:50:00,2026-08-04 08:50:00
IND-USR-046,9.977846,76.274614,812.0,2026-08-04,08:59:00,2026-08-04 08:59:00
IND-USR-046,9.980471,76.281003,303.5,2026-08-04,09:17:00,2026-08-04 09:17:00
IND-USR-046,9.976948,76.27537,523.2,2026-08-04,09:20:00,2026-08-04 09:20:00
IND-USR-046,9.985412,76.2756,557.8,2026-08-04,09:25:00,2026-08-04 09:25:00
IND-USR-046,9.983442,76.276242,624.0,2026-08-04,09:35:00,2026-08-04 09:35:00
IND-USR-046,9.982627,76.275886,327.8,2026-08-04,09:38:00,2026-08-04 09:38:00
IND-USR-046,9.984268,76.27062,198.5,2026-08-04,09:48:00,2026-08-04 09:48:00
IND-USR-046,9.980147,76.277986,140.9,2026-08-04,09:51:00,2026-08-04 09:51:00
IND-USR-046,9.983735,76.282772,777.8,2026-08-04,10:10:00,2026-08-04 10:10:00
IND-USR-046,9.980036,76.282718,878.7,2026-08-04,10:22:00,2026-08-04 10:22:00
IND-USR-046,9.978964,76.282115,231.5,2026-08-04,10:25:00,2026-08-04 10:25:00
IND-USR-046,9.98487,76.273146,767.3,2026-08-04,10:29:00,2026-08-04 10:29:00
IND-USR-046,9.982828,76.276595,860.1,2026-08-04,10:49:00,2026-08-04 10:49:00
IND-USR-046,9.984102,76.275907,335.1,2026-08-04,10:52:00,2026-08-04 10:52:00
IND-USR-046,9.980371,76.282276,902.9,2026-08-04,10:56:00,2026-08-04 10:56:00
IND-USR-046,9.981205,76.280106,844.3,2026-08-04,11:00:00,2026-08-04 11:00:00
IND-USR-046,9.980699,76.283467,899.8,2026-08-04,11:17:00,2026-08-04 11:17:00
IND-USR-046,9.978887,76.274343,689.9,2026-08-04,11:27:00,2026-08-04 11:27:00
IND-USR-046,9.987698,76.27502,43.5,2026-08-04,11:32:00,2026-08-04 11:32:00
IND-USR-046,9.988004,76.280367,221.7,2026-08-04,11:50:00,2026-08-04 11:50:00
IND-USR-046,9.980981,76.269547,415.6,2026-08-04,12:03:00,2026-08-04 12:03:00
IND-USR-046,9.981523,76.277207,744.6,2026-08-04,12:14:00,2026-08-04 12:14:00
IND-USR-046,9.986269,76.283154,30.2,2026-08-04,12:23:00,2026-08-04 12:23:00
IND-USR-046,9.97886,76.280005,34.8,2026-08-04,12:26:00,2026-08-04 12:26:00
IND-USR-046,9.984662,76.281094,512.1,2026-08-04,12:34:00,2026-08-04 12:34:00
IND-USR-046,9.983595,76.26903,651.0,2026-08-04,12:48:00,2026-08-04 12:48:00
IND-USR-046,9.980978,76.272177,529.3,2026-08-04,12:50:00,2026-08-04 12:50:00
IND-USR-046,9.98079,76.28072,373.9,2026-08-04,12:53:00,2026-08-04 12:53:00
IND-USR-046,9.982821,76.281392,663.7,2026-08-04,13:07:00,2026-08-04 13:07:00
IND-USR-046,9.982967,76.271607,669.3,2026-08-04,13:22:00,2026-08-04 13:22:00
IND-USR-046,9.971517,76.277395,139.5,2026-08-04,13:41:00,2026-08-04 13:41:00
IND-USR-046,9.980744,76.272892,120.9,2026-08-04,13:57:00,2026-08-04 13:57:00
IND-USR-046,9.974797,76.273861,340.7,2026-08-04,14:10:00,2026-08-04 14:10:00
IND-USR-046,9.980822,76.279464,420.3,2026-08-04,14:22:00,2026-08-04 14:22:00
IND-USR-046,9.982355,76.283232,233.9,2026-08-04,14:25:00,2026-08-04 14:25:00
IND-USR-046,9.977458,76.280324,563.3,2026-08-04,14:29:00,2026-08-04 14:29:00
IND-USR-046,9.981789,76.279579,398.3,2026-08-04,14:38:00,2026-08-04 14:38:00
IND-USR-046,9.979854,76.281087,544.0,2026-08-04,14:57:00,2026-08-04 14:57:00
IND-USR-046,9.982781,76.274082,830.9,2026-08-04,14:59:00,2026-08-04 14:59:00
IND-USR-046,9.981552,76.275842,773.9,2026-08-04,15:08:00,2026-08-04 15:08:00
IND-USR-046,9.983557,76.272081,63.3,2026-08-04,15:12:00,2026-08-04 15:12:00
IND-USR-046,9.981483,76.278381,179.8,2026-08-04,15:28:00,2026-08-04 15:28:00
IND-USR-046,9.981732,76.282188,305.3,2026-08-04,15:31:00,2026-08-04 15:31:00
IND-USR-046,9.984696,76.27677,948.2,2026-08-04,15:40:00,2026-08-04 15:40:00
IND-USR-046,9.982467,76.277983,579.8,2026-08-04,15:46:00,2026-08-04 15:46:00
IND-USR-046,9.983213,76.269497,628.1,2026-08-04,16:03:00,2026-08-04 16:03:00
IND-USR-046,9.980394,76.270862,81.8,2026-08-04,16:07:00,2026-08-04 16:07:00
IND-USR-046,9.986713,76.276557,203.5,2026-08-04,16:26:00,2026-08-04 16:26:00
IND-USR-046,9.980827,76.280387,853.8,2026-08-04,16:39:00,2026-08-04 16:39:00
IND-USR-046,9.983289,76.272285,426.9,2026-08-04,16:48:00,2026-08-04 16:48:00
IND-USR-046,9.981316,76.275459,894.9,2026-08-04,16:59:00,2026-08-04 16:59:00
IND-USR-046,9.974622,76.274039,285.1,2026-08-04,17:18:00,2026-08-04 17:18:00
IND-USR-046,9.980866,76.27634,505.2,2026-08-04,17:27:00,2026-08-04 17:27:00
IND-USR-046,9.975671,76.281407,309.7,2026-08-04,17:37:00,2026-08-04 17:37:00
IND-USR-046,9.981192,76.27695,483.2,2026-08-04,17:56:00,2026-08-04 17:56:00
IND-USR-046,9.983203,76.273648,335.8,2026-08-04,17:59:00,2026-08-04 17:59:00
IND-USR-046,9.983425,76.275332,673.2,2026-08-04,18:14:00,2026-08-04 18:14:00
IND-USR-046,9.978014,76.279094,273.0,2026-08-04,18:31:00,2026-08-04 18:31:00
IND-USR-046,9.987567,76.279699,867.3,2026-08-04,18:39:00,2026-08-04 18:39:00
IND-USR-046,9.985292,76.274717,226.7,2026-08-04,18:57:00,2026-08-04 18:57:00
IND-USR-046,8.51771,76.942561,208.1,2026-08-04,19:16:00,2026-08-04 19:16:00
IND-USR-046,8.532318,76.942771,691.4,2026-08-04,19:29:00,2026-08-04 19:29:00
IND-USR-046,8.522757,76.931981,43.7,2026-08-04,19:35:00,2026-08-04 19:35:00
IND-USR-046,8.519837,76.929865,666.4,2026-08-04,19:44:00,2026-08-04 19:44:00
IND-USR-046,8.52367,76.943023,905.9,2026-08-04,20:00:00,2026-08-04 20:00:00
IND-USR-046,8.523533,76.937809,479.0,2026-08-04,20:02:00,2026-08-04 20:02:00
IND-USR-046,8.529602,76.934984,264.1,2026-08-04,20:05:00,2026-08-04 20:05:00
IND-USR-046,8.532242,76.944568,371.1,2026-08-04,20:25:00,2026-08-04 20:25:00
IND-USR-046,8.523576,76.93429,66.1,2026-08-04,20:29:00,2026-08-04 20:29:00
IND-USR-046,8.526889,76.93521,475.6,2026-08-04,20:43:00,2026-08-04 20:43:00
IND-USR-046,8.519474,76.941725,371.6,2026-08-04,20:57:00,2026-08-04 20:57:00
IND-USR-046,8.528966,76.937222,221.0,2026-08-04,21:00:00,2026-08-04 21:00:00
IND-USR-046,8.519049,76.931682,183.4,2026-08-04,21:14:00,2026-08-04 21:14:00
IND-USR-046,8.524529,76.934601,510.5,2026-08-04,21:29:00,2026-08-04 21:29:00
IND-USR-046,8.522736,76.940688,39.4,2026-08-04,21:40:00,2026-08-04 21:40:00
IND-USR-046,8.527033,76.942113,891.0,2026-08-04,21:53:00,2026-08-04 21:53:00
IND-USR-046,8.520138,76.935227,877.3,2026-08-04,22:05:00,2026-08-04 22:05:00
IND-USR-046,8.527136,76.938392,771.6,2026-08-04,22:15:00,2026-08-04 22:15:00
IND-USR-046,8.53023,76.938282,213.6,2026-08-04,22:35:00,2026-08-04 22:35:00
IND-USR-046,8.531492,76.93876,330.5,2026-08-04,22:37:00,2026-08-04 22:37:00
IND-USR-046,8.528349,76.935306,823.8,2026-08-04,22:52:00,2026-08-04 22:52:00
IND-USR-046,8.524157,76.940244,769.0,2026-08-04,22:55:00,2026-08-04 22:55:00
IND-USR-046,8.530552,76.939517,374.8,2026-08-04,23:14:00,2026-08-04 23:14:00
IND-USR-046,8.523767,76.942109,817.0,2026-08-04,23:25:00,2026-08-04 23:25:00
IND-USR-046,8.515332,76.930911,445.7,2026-08-04,23:44:00,2026-08-04 23:44:00
IND-USR-046,8.526827,76.936656,686.1,2026-08-05,00:04:00,2026-08-05 00:04:00
IND-USR-046,8.526522,76.936858,254.5,2026-08-05,00:22:00,2026-08-05 00:22:00
IND-USR-046,8.526384,76.933342,449.3,2026-08-05,00:36:00,2026-08-05 00:36:00
IND-USR-046,8.526382,76.940578,134.0,2026-08-05,00:45:00,2026-08-05 00:45:00
IND-USR-046,8.528982,76.944654,273.9,2026-08-05,00:47:00,2026-08-05 00:47:00
IND-USR-046,8.525076,76.937696,90.4,2026-08-05,00:57:00,2026-08-05 00:57:00
IND-USR-046,8.518007,76.934474,735.1,2026-08-05,01:06:00,2026-08-05 01:06:00
IND-USR-046,8.523328,76.940801,327.3,2026-08-05,01:17:00,2026-08-05 01:17:00
IND-USR-046,8.521656,76.939785,46.3,2026-08-05,01:31:00,2026-08-05 01:31:00
IND-USR-046,8.524094,76.935891,350.0,2026-08-05,01:41:00,2026-08-05 01:41:00
IND-USR-046,8.525096,76.935035,745.5,2026-08-05,01:51:00,2026-08-05 01:51:00
IND-USR-046,8.522384,76.929781,126.8,2026-08-05,01:53:00,2026-08-05 01:53:00
IND-USR-046,8.523108,76.93468,631.1,2026-08-05,02:13:00,2026-08-05 02:13:00
IND-USR-046,8.522036,76.938267,806.7,2026-08-05,02:23:00,2026-08-05 02:23:00
IND-USR-046,8.526735,76.937529,445.0,2026-08-05,02:39:00,2026-08-05 02:39:00
IND-USR-046,8.528082,76.938902,18.3,2026-08-05,02:55:00,2026-08-05 02:55:00
IND-USR-047,8.52292,76.934749,609.5,2026-08-01,06:17:00,2026-08-01 06:17:00
IND-USR-047,8.525351,76.938895,214.8,2026-08-01,06:36:00,2026-08-01 06:36:00
IND-USR-047,8.529691,76.941365,554.8,2026-08-01,06:39:00,2026-08-01 06:39:00
IND-USR-047,8.521934,76.936192,269.9,2026-08-01,06:43:00,2026-08-01 06:43:00
IND-USR-047,8.526784,76.940872,305.2,2026-08-01,07:02:00,2026-08-01 07:02:00
IND-USR-047,8.527856,76.936344,424.0,2026-08-01,07:06:00,2026-08-01 07:06:00
IND-USR-047,8.519084,76.932604,730.0,2026-08-01,07:16:00,2026-08-01 07:16:00
IND-USR-047,8.525191,76.937969,254.0,2026-08-01,07:26:00,2026-08-01 07:26:00
IND-USR-047,8.519705,76.936778,129.6,2026-08-01,07:43:00,2026-08-01 07:43:00
IND-USR-047,8.526625,76.931995,148.1,2026-08-01,07:50:00,2026-08-01 07:50:00
IND-USR-047,8.52852,76.93509,228.7,2026-08-01,07:53:00,2026-08-01 07:53:00
IND-USR-047,8.52913,76.934466,183.2,2026-08-01,07:56:00,2026-08-01 07:56:00
IND-USR-047,9.977493,76.274967,818.9,2026-08-01,08:14:00,2026-08-01 08:14:00
IND-USR-047,9.981219,76.275246,308.3,2026-08-01,08:34:00,2026-08-01 08:34:00
IND-USR-047,9.980736,76.278136,684.3,2026-08-01,08:53:00,2026-08-01 08:53:00
IND-USR-047,9.980915,76.276536,904.6,2026-08-01,08:56:00,2026-08-01 08:56:00
IND-USR-047,9.974763,76.278367,926.8,2026-08-01,09:06:00,2026-08-01 09:06:00
IND-USR-047,9.981243,76.283241,647.7,2026-08-01,09:08:00,2026-08-01 09:08:00
IND-USR-047,9.977842,76.269567,518.0,2026-08-01,09:21:00,2026-08-01 09:21:00
IND-USR-047,9.984072,76.278186,574.5,2026-08-01,09:24:00,2026-08-01 09:24:00
IND-USR-047,9.977566,76.270681,112.6,2026-08-01,09:37:00,2026-08-01 09:37:00
IND-USR-047,9.98775,76.282456,427.2,2026-08-01,09:55:00,2026-08-01 09:55:00
IND-USR-047,9.97165,76.274967,82.8,2026-08-01,10:13:00,2026-08-01 10:13:00
IND-USR-047,9.988257,76.274896,316.2,2026-08-01,10:21:00,2026-08-01 10:21:00
IND-USR-047,9.979638,76.275669,789.4,2026-08-01,10:34:00,2026-08-01 10:34:00
IND-USR-047,9.977116,76.269981,77.1,2026-08-01,10:49:00,2026-08-01 10:49:00
IND-USR-047,9.98581,76.269428,833.3,2026-08-01,11:04:00,2026-08-01 11:04:00
IND-USR-047,9.982589,76.280346,33.2,2026-08-01,11:10:00,2026-08-01 11:10:00
IND-USR-047,9.975795,76.273103,324.9,2026-08-01,11:23:00,2026-08-01 11:23:00
IND-USR-047,9.986453,76.278932,853.5,2026-08-01,11:38:00,2026-08-01 11:38:00
IND-USR-047,9.979131,76.281609,452.4,2026-08-01,11:51:00,2026-08-01 11:51:00
IND-USR-047,9.986426,76.277876,594.6,2026-08-01,12:02:00,2026-08-01 12:02:00
IND-USR-047,9.977999,76.275146,356.2,2026-08-01,12:09:00,2026-08-01 12:09:00
IND-USR-047,9.982746,76.276046,884.5,2026-08-01,12:20:00,2026-08-01 12:20:00
IND-USR-047,9.985356,76.270681,34.0,2026-08-01,12:40:00,2026-08-01 12:40:00
IND-USR-047,9.975623,76.277523,769.6,2026-08-01,12:48:00,2026-08-01 12:48:00
IND-USR-047,9.979634,76.274292,682.8,2026-08-01,13:06:00,2026-08-01 13:06:00
IND-USR-047,9.974528,76.276878,746.5,2026-08-01,13:24:00,2026-08-01 13:24:00
IND-USR-047,9.981389,76.279414,893.5,2026-08-01,13:37:00,2026-08-01 13:37:00
IND-USR-047,9.981876,76.27627,790.9,2026-08-01,13:51:00,2026-08-01 13:51:00
IND-USR-047,9.986308,76.27155,627.6,2026-08-01,13:54:00,2026-08-01 13:54:00
IND-USR-047,9.983746,76.270115,368.2,2026-08-01,14:00:00,2026-08-01 14:00:00
IND-USR-047,9.978247,76.271949,907.9,2026-08-01,14:04:00,2026-08-01 14:04:00
IND-USR-047,9.984728,76.276538,541.5,2026-08-01,14:13:00,2026-08-01 14:13:00
IND-USR-047,9.981546,76.272373,602.5,2026-08-01,14:33:00,2026-08-01 14:33:00
IND-USR-047,9.980401,76.273746,516.6,2026-08-01,14:48:00,2026-08-01 14:48:00
IND-USR-047,9.983134,76.272836,806.7,2026-08-01,14:53:00,2026-08-01 14:53:00
IND-USR-047,9.986919,76.270098,760.3,2026-08-01,15:11:00,2026-08-01 15:11:00
IND-USR-047,9.978374,76.283509,629.6,2026-08-01,15:28:00,2026-08-01 15:28:00
IND-USR-047,9.979859,76.27154,424.6,2026-08-01,15:46:00,2026-08-01 15:46:00
IND-USR-047,9.982476,76.274898,193.3,2026-08-01,15:56:00,2026-08-01 15:56:00
IND-USR-047,9.978257,76.272417,285.5,2026-08-01,16:16:00,2026-08-01 16:16:00
IND-USR-047,9.992673,76.275794,319.0,2026-08-01,16:25:00,2026-08-01 16:25:00
IND-USR-047,9.973898,76.282775,227.0,2026-08-01,16:38:00,2026-08-01 16:38:00
IND-USR-047,9.984044,76.273734,713.3,2026-08-01,16:50:00,2026-08-01 16:50:00
IND-USR-047,9.977868,76.279494,661.5,2026-08-01,16:55:00,2026-08-01 16:55:00
IND-USR-047,9.980612,76.269096,698.8,2026-08-01,17:11:00,2026-08-01 17:11:00
IND-USR-047,9.988749,76.275064,350.2,2026-08-01,17:26:00,2026-08-01 17:26:00
IND-USR-047,9.987582,76.281914,536.8,2026-08-01,17:39:00,2026-08-01 17:39:00
IND-USR-047,9.977596,76.280933,869.8,2026-08-01,17:43:00,2026-08-01 17:43:00
IND-USR-047,9.978994,76.269333,578.9,2026-08-01,18:00:00,2026-08-01 18:00:00
IND-USR-047,9.979902,76.278391,749.1,2026-08-01,18:16:00,2026-08-01 18:16:00
IND-USR-047,9.979749,76.275572,545.2,2026-08-01,18:25:00,2026-08-01 18:25:00
IND-USR-047,9.986174,76.277226,880.2,2026-08-01,18:31:00,2026-08-01 18:31:00
IND-USR-047,9.978227,76.279608,739.9,2026-08-01,18:40:00,2026-08-01 18:40:00
IND-USR-047,9.982391,76.266714,643.7,2026-08-01,18:55:00,2026-08-01 18:55:00
IND-USR-047,8.525813,76.938167,579.2,2026-08-01,19:01:00,2026-08-01 19:01:00
IND-USR-047,8.52418,76.940167,331.1,2026-08-01,19:12:00,2026-08-01 19:12:00
IND-USR-047,8.52141,76.937946,86.6,2026-08-01,19:17:00,2026-08-01 19:17:00
IND-USR-047,8.517832,76.938228,484.7,2026-08-01,19:32:00,2026-08-01 19:32:00
IND-USR-047,8.531912,76.932621,551.5,2026-08-01,19:38:00,2026-08-01 19:38:00
IND-USR-047,8.521061,76.93376,855.9,2026-08-01,19:46:00,2026-08-01 19:46:00
IND-USR-047,8.52462,76.932348,24.6,2026-08-01,20:02:00,2026-08-01 20:02:00
IND-USR-047,8.525785,76.939987,403.5,2026-08-01,20:07:00,2026-08-01 20:07:00
IND-USR-047,8.526237,76.929526,678.7,2026-08-01,20:26:00,2026-08-01 20:26:00
IND-USR-047,8.528081,76.940349,708.3,2026-08-01,20:43:00,2026-08-01 20:43:00
IND-USR-047,8.527421,76.938091,827.3,2026-08-01,20:49:00,2026-08-01 20:49:00
IND-USR-047,8.524981,76.94073,32.5,2026-08-01,21:04:00,2026-08-01 21:04:00
IND-USR-047,8.531794,76.932788,940.5,2026-08-01,21:11:00,2026-08-01 21:11:00
IND-USR-047,8.528413,76.936255,494.0,2026-08-01,21:17:00,2026-08-01 21:17:00
IND-USR-047,8.523581,76.930454,873.5,2026-08-01,21:35:00,2026-08-01 21:35:00
IND-USR-047,8.522961,76.932611,343.1,2026-08-01,21:50:00,2026-08-01 21:50:00
IND-USR-047,8.522245,76.932207,665.1,2026-08-01,22:04:00,2026-08-01 22:04:00
IND-USR-047,8.522304,76.934976,679.3,2026-08-01,22:13:00,2026-08-01 22:13:00
IND-USR-047,8.524487,76.930141,326.6,2026-08-01,22:18:00,2026-08-01 22:18:00
IND-USR-047,8.518318,76.938048,566.0,2026-08-01,22:30:00,2026-08-01 22:30:00
IND-USR-047,8.52091,76.940898,944.5,2026-08-01,22:35:00,2026-08-01 22:35:00
IND-USR-047,8.525001,76.939027,79.3,2026-08-01,22:38:00,2026-08-01 22:38:00
IND-USR-047,8.529743,76.935361,902.9,2026-08-01,22:51:00,2026-08-01 22:51:00
IND-USR-047,8.521802,76.940087,603.0,2026-08-01,23:06:00,2026-08-01 23:06:00
IND-USR-047,8.526138,76.935851,281.9,2026-08-01,23:21:00,2026-08-01 23:21:00
IND-USR-047,8.529666,76.935751,668.1,2026-08-01,23:38:00,2026-08-01 23:38:00
IND-USR-047,8.524231,76.936685,690.3,2026-08-01,23:45:00,2026-08-01 23:45:00
IND-USR-047,8.520362,76.93691,871.4,2026-08-02,00:05:00,2026-08-02 00:05:00
IND-USR-047,8.529687,76.93838,88.8,2026-08-02,00:23:00,2026-08-02 00:23:00
IND-USR-047,8.524224,76.935953,567.9,2026-08-02,00:25:00,2026-08-02 00:25:00
IND-USR-047,8.525423,76.939599,643.5,2026-08-02,00:38:00,2026-08-02 00:38:00
IND-USR-047,8.526537,76.935273,366.6,2026-08-02,00:54:00,2026-08-02 00:54:00
IND-USR-047,8.525399,76.93852,176.1,2026-08-02,01:10:00,2026-08-02 01:10:00
IND-USR-047,8.520071,76.937273,272.5,2026-08-02,01:30:00,2026-08-02 01:30:00
IND-USR-047,8.515455,76.93853,228.3,2026-08-02,01:35:00,2026-08-02 01:35:00
IND-USR-047,8.526741,76.93959,330.7,2026-08-02,01:52:00,2026-08-02 01:52:00
IND-USR-048,8.52252,76.937836,555.0,2026-08-10,06:18:00,2026-08-10 06:18:00
IND-USR-048,8.529796,76.942255,278.1,2026-08-10,06:33:00,2026-08-10 06:33:00
IND-USR-048,8.523983,76.937157,309.5,2026-08-10,06:47:00,2026-08-10 06:47:00
IND-USR-048,8.528544,76.930597,906.3,2026-08-10,06:54:00,2026-08-10 06:54:00
IND-USR-048,8.522808,76.941942,775.1,2026-08-10,06:57:00,2026-08-10 06:57:00
IND-USR-048,8.528001,76.938077,414.7,2026-08-10,07:05:00,2026-08-10 07:05:00
IND-USR-048,8.518077,76.9364,550.6,2026-08-10,07:15:00,2026-08-10 07:15:00
IND-USR-048,8.52174,76.937924,103.5,2026-08-10,07:27:00,2026-08-10 07:27:00
IND-USR-048,8.520863,76.932497,165.7,2026-08-10,07:38:00,2026-08-10 07:38:00
IND-USR-048,8.515841,76.941487,267.4,2026-08-10,07:49:00,2026-08-10 07:49:00
IND-USR-048,9.980001,76.277429,220.2,2026-08-10,08:05:00,2026-08-10 08:05:00
IND-USR-048,9.981591,76.27253,281.2,2026-08-10,08:12:00,2026-08-10 08:12:00
IND-USR-048,9.976564,76.272779,939.5,2026-08-10,08:22:00,2026-08-10 08:22:00
IND-USR-048,9.978707,76.278266,879.0,2026-08-10,08:27:00,2026-08-10 08:27:00
IND-USR-048,9.978417,76.283786,142.5,2026-08-10,08:37:00,2026-08-10 08:37:00
IND-USR-048,9.985709,76.280033,529.0,2026-08-10,08:45:00,2026-08-10 08:45:00
IND-USR-048,9.981121,76.282857,719.6,2026-08-10,09:03:00,2026-08-10 09:03:00
IND-USR-048,9.980728,76.276675,572.5,2026-08-10,09:05:00,2026-08-10 09:05:00
IND-USR-048,9.98228,76.279607,912.3,2026-08-10,09:08:00,2026-08-10 09:08:00
IND-USR-048,9.984148,76.274899,515.6,2026-08-10,09:27:00,2026-08-10 09:27:00
IND-USR-048,9.979468,76.27936,16.3,2026-08-10,09:35:00,2026-08-10 09:35:00
IND-USR-048,9.984461,76.275227,357.4,2026-08-10,09:37:00,2026-08-10 09:37:00
IND-USR-048,9.975251,76.275971,895.3,2026-08-10,09:48:00,2026-08-10 09:48:00
IND-USR-048,9.984094,76.284022,410.9,2026-08-10,10:08:00,2026-08-10 10:08:00
IND-USR-048,9.976808,76.275094,499.6,2026-08-10,10:24:00,2026-08-10 10:24:00
IND-USR-048,9.980042,76.282223,287.2,2026-08-10,10:40:00,2026-08-10 10:40:00
IND-USR-048,9.98146,76.273171,683.3,2026-08-10,10:45:00,2026-08-10 10:45:00
IND-USR-048,9.983835,76.275181,427.7,2026-08-10,10:50:00,2026-08-10 10:50:00
IND-USR-048,9.976702,76.273229,473.7,2026-08-10,11:05:00,2026-08-10 11:05:00
IND-USR-048,9.988536,76.278337,822.6,2026-08-10,11:09:00,2026-08-10 11:09:00
IND-USR-048,9.982031,76.2758,697.7,2026-08-10,11:19:00,2026-08-10 11:19:00
IND-USR-048,9.982769,76.277921,920.3,2026-08-10,11:24:00,2026-08-10 11:24:00
IND-USR-048,9.982769,76.277259,709.6,2026-08-10,11:28:00,2026-08-10 11:28:00
IND-USR-048,9.985075,76.276892,693.7,2026-08-10,11:37:00,2026-08-10 11:37:00
IND-USR-048,9.977688,76.27435,157.3,2026-08-10,11:49:00,2026-08-10 11:49:00
IND-USR-048,9.973684,76.284907,269.5,2026-08-10,12:01:00,2026-08-10 12:01:00
IND-USR-048,9.985051,76.27348,641.8,2026-08-10,12:19:00,2026-08-10 12:19:00
IND-USR-048,9.980473,76.274252,674.4,2026-08-10,12:23:00,2026-08-10 12:23:00
IND-USR-048,9.98777,76.27112,848.7,2026-08-10,12:35:00,2026-08-10 12:35:00
IND-USR-048,9.982058,76.276366,417.4,2026-08-10,12:38:00,2026-08-10 12:38:00
IND-USR-048,9.984907,76.276384,308.5,2026-08-10,12:56:00,2026-08-10 12:56:00
IND-USR-048,9.974567,76.275796,631.5,2026-08-10,13:15:00,2026-08-10 13:15:00
IND-USR-048,9.977711,76.277118,902.2,2026-08-10,13:18:00,2026-08-10 13:18:00
IND-USR-048,9.987337,76.269842,241.2,2026-08-10,13:20:00,2026-08-10 13:20:00
IND-USR-048,9.978399,76.274589,363.6,2026-08-10,13:40:00,2026-08-10 13:40:00
IND-USR-048,9.980073,76.279761,642.9,2026-08-10,13:49:00,2026-08-10 13:49:00
IND-USR-048,9.980906,76.278463,451.9,2026-08-10,13:59:00,2026-08-10 13:59:00
IND-USR-048,9.979097,76.27772,775.0,2026-08-10,14:16:00,2026-08-10 14:16:00
IND-USR-048,9.984711,76.273871,275.6,2026-08-10,14:33:00,2026-08-10 14:33:00
IND-USR-048,9.984725,76.277009,606.7,2026-08-10,14:41:00,2026-08-10 14:41:00
IND-USR-048,9.985782,76.275994,903.8,2026-08-10,14:45:00,2026-08-10 14:45:00
IND-USR-048,9.983125,76.276638,13.0,2026-08-10,14:53:00,2026-08-10 14:53:00
IND-USR-048,9.981215,76.277836,471.2,2026-08-10,14:57:00,2026-08-10 14:57:00
IND-USR-048,9.983747,76.271802,677.4,2026-08-10,15:05:00,2026-08-10 15:05:00
IND-USR-048,9.987335,76.269361,403.1,2026-08-10,15:08:00,2026-08-10 15:08:00
IND-USR-048,9.978861,76.276423,586.6,2026-08-10,15:18:00,2026-08-10 15:18:00
IND-USR-048,9.983249,76.283105,230.6,2026-08-10,15:38:00,2026-08-10 15:38:00
IND-USR-048,9.974167,76.274769,465.2,2026-08-10,15:51:00,2026-08-10 15:51:00
IND-USR-048,9.973093,76.276926,835.2,2026-08-10,15:58:00,2026-08-10 15:58:00
IND-USR-048,9.982687,76.283163,832.5,2026-08-10,16:07:00,2026-08-10 16:07:00
IND-USR-048,9.982083,76.280976,470.8,2026-08-10,16:24:00,2026-08-10 16:24:00
IND-USR-048,9.983935,76.275059,572.0,2026-08-10,16:38:00,2026-08-10 16:38:00
IND-USR-048,9.975964,76.2779,462.1,2026-08-10,16:57:00,2026-08-10 16:57:00
IND-USR-048,9.975632,76.281981,215.8,2026-08-10,17:02:00,2026-08-10 17:02:00
IND-USR-048,9.980952,76.281581,404.4,2026-08-10,17:13:00,2026-08-10 17:13:00
IND-USR-048,9.979679,76.277875,315.9,2026-08-10,17:29:00,2026-08-10 17:29:00
IND-USR-048,9.982437,76.27662,118.9,2026-08-10,17:44:00,2026-08-10 17:44:00
IND-USR-048,9.979869,76.27837,908.9,2026-08-10,18:00:00,2026-08-10 18:00:00
IND-USR-048,9.977895,76.271962,336.7,2026-08-10,18:05:00,2026-08-10 18:05:00
IND-USR-048,9.986571,76.279709,672.5,2026-08-10,18:19:00,2026-08-10 18:19:00
IND-USR-048,9.981864,76.283461,799.7,2026-08-10,18:36:00,2026-08-10 18:36:00
IND-USR-048,9.980529,76.282091,575.0,2026-08-10,18:53:00,2026-08-10 18:53:00
IND-USR-048,8.524802,76.932501,37.2,2026-08-10,19:02:00,2026-08-10 19:02:00
IND-USR-048,8.531492,76.940563,487.0,2026-08-10,19:12:00,2026-08-10 19:12:00
IND-USR-048,8.523616,76.939509,67.2,2026-08-10,19:27:00,2026-08-10 19:27:00
IND-USR-048,8.522485,76.939917,255.9,2026-08-10,19:39:00,2026-08-10 19:39:00
IND-USR-048,8.514536,76.932521,396.6,2026-08-10,19:51:00,2026-08-10 19:51:00
IND-USR-048,8.528017,76.935601,409.7,2026-08-10,20:07:00,2026-08-10 20:07:00
IND-USR-048,8.52493,76.931213,867.6,2026-08-10,20:17:00,2026-08-10 20:17:00
IND-USR-048,8.531491,76.941362,466.4,2026-08-10,20:27:00,2026-08-10 20:27:00
IND-USR-048,8.523297,76.934981,329.5,2026-08-10,20:36:00,2026-08-10 20:36:00
IND-USR-048,8.528218,76.94453,300.0,2026-08-10,20:39:00,2026-08-10 20:39:00
IND-USR-048,8.527915,76.945287,218.0,2026-08-10,20:54:00,2026-08-10 20:54:00
IND-USR-048,8.520411,76.933322,513.9,2026-08-10,21:01:00,2026-08-10 21:01:00
IND-USR-048,8.519344,76.938367,901.0,2026-08-10,21:06:00,2026-08-10 21:06:00
IND-USR-048,8.524802,76.935992,131.5,2026-08-10,21:18:00,2026-08-10 21:18:00
IND-USR-048,8.527337,76.941529,28.7,2026-08-10,21:37:00,2026-08-10 21:37:00
IND-USR-048,8.517997,76.934212,764.3,2026-08-10,21:39:00,2026-08-10 21:39:00
IND-USR-048,8.527381,76.934729,743.6,2026-08-10,21:43:00,2026-08-10 21:43:00
IND-USR-048,8.520907,76.940674,867.5,2026-08-10,21:55:00,2026-08-10 21:55:00
IND-USR-048,8.518942,76.935394,69.7,2026-08-10,22:14:00,2026-08-10 22:14:00
IND-USR-048,8.525415,76.934305,497.5,2026-08-10,22:17:00,2026-08-10 22:17:00
IND-USR-048,8.527233,76.934324,513.3,2026-08-10,22:30:00,2026-08-10 22:30:00
IND-USR-048,8.529734,76.936097,797.9,2026-08-10,22:37:00,2026-08-10 22:37:00
IND-USR-048,8.526785,76.939584,818.1,2026-08-10,22:51:00,2026-08-10 22:51:00
IND-USR-048,8.52159,76.928386,282.8,2026-08-10,23:00:00,2026-08-10 23:00:00
IND-USR-048,8.525543,76.936889,866.0,2026-08-10,23:07:00,2026-08-10 23:07:00
IND-USR-048,8.526323,76.935694,398.6,2026-08-10,23:19:00,2026-08-10 23:19:00
IND-USR-048,8.522378,76.944634,699.3,2026-08-10,23:38:00,2026-08-10 23:38:00
IND-USR-048,8.518211,76.939536,43.9,2026-08-10,23:40:00,2026-08-10 23:40:00
IND-USR-048,8.521802,76.935257,719.8,2026-08-10,23:42:00,2026-08-10 23:42:00
IND-USR-048,8.522832,76.933386,106.4,2026-08-11,00:00:00,2026-08-11 00:00:00
IND-USR-048,8.526385,76.942163,753.9,2026-08-11,00:14:00,2026-08-11 00:14:00
IND-USR-048,8.52598,76.937014,157.5,2026-08-11,00:17:00,2026-08-11 00:17:00
IND-USR-048,8.520154,76.938667,32.8,2026-08-11,00:28:00,2026-08-11 00:28:00
IND-USR-048,8.532725,76.935077,41.8,2026-08-11,00:37:00,2026-08-11 00:37:00
IND-USR-048,8.522596,76.934356,774.2,2026-08-11,00:42:00,2026-08-11 00:42:00
IND-USR-048,8.522142,76.925619,626.0,2026-08-11,00:56:00,2026-08-11 00:56:00
IND-USR-048,8.52572,76.933218,779.2,2026-08-11,01:02:00,2026-08-11 01:02:00
IND-USR-048,8.517659,76.939613,820.3,2026-08-11,01:12:00,2026-08-11 01:12:00
IND-USR-048,8.519772,76.935245,79.5,2026-08-11,01:16:00,2026-08-11 01:16:00
IND-USR-048,8.529966,76.930963,28.9,2026-08-11,01:31:00,2026-08-11 01:31:00
IND-USR-048,8.51797,76.937677,578.6,2026-08-11,01:50:00,2026-08-11 01:50:00
IND-USR-049,23.264498,77.406303,755.1,2026-08-03,06:20:00,2026-08-03 06:20:00
IND-USR-049,23.261531,77.414924,791.6,2026-08-03,06:28:00,2026-08-03 06:28:00
IND-USR-049,23.251663,77.415794,747.7,2026-08-03,06:39:00,2026-08-03 06:39:00
IND-USR-049,23.263406,77.411353,491.6,2026-08-03,06:54:00,2026-08-03 06:54:00
IND-USR-049,23.264909,77.417146,294.0,2026-08-03,06:56:00,2026-08-03 06:56:00
IND-USR-049,23.260312,77.410794,200.5,2026-08-03,07:12:00,2026-08-03 07:12:00
IND-USR-049,23.256009,77.41245,921.1,2026-08-03,07:22:00,2026-08-03 07:22:00
IND-USR-049,23.262179,77.411303,453.1,2026-08-03,07:42:00,2026-08-03 07:42:00
IND-USR-049,23.25111,77.417675,413.8,2026-08-03,07:53:00,2026-08-03 07:53:00
IND-USR-049,22.720361,75.856182,918.9,2026-08-03,08:02:00,2026-08-03 08:02:00
IND-USR-049,22.723029,75.863799,271.8,2026-08-03,08:21:00,2026-08-03 08:21:00
IND-USR-049,22.708392,75.859437,863.2,2026-08-03,08:32:00,2026-08-03 08:32:00
IND-USR-049,22.713893,75.859696,486.2,2026-08-03,08:51:00,2026-08-03 08:51:00
IND-USR-049,22.720112,75.860243,26.2,2026-08-03,09:05:00,2026-08-03 09:05:00
IND-USR-049,22.717603,75.850207,693.9,2026-08-03,09:22:00,2026-08-03 09:22:00
IND-USR-049,22.717799,75.859327,726.9,2026-08-03,09:35:00,2026-08-03 09:35:00
IND-USR-049,22.723662,75.853013,435.1,2026-08-03,09:40:00,2026-08-03 09:40:00
IND-USR-049,22.723708,75.855109,926.7,2026-08-03,10:00:00,2026-08-03 10:00:00
IND-USR-049,22.72105,75.85566,734.9,2026-08-03,10:14:00,2026-08-03 10:14:00
IND-USR-049,22.720329,75.861268,357.6,2026-08-03,10:30:00,2026-08-03 10:30:00
IND-USR-049,22.714692,75.85498,112.4,2026-08-03,10:50:00,2026-08-03 10:50:00
IND-USR-049,22.72034,75.867306,322.5,2026-08-03,11:01:00,2026-08-03 11:01:00
IND-USR-049,22.716147,75.865861,99.7,2026-08-03,11:05:00,2026-08-03 11:05:00
IND-USR-049,22.727618,75.857311,205.2,2026-08-03,11:12:00,2026-08-03 11:12:00
IND-USR-049,22.718407,75.854932,567.8,2026-08-03,11:29:00,2026-08-03 11:29:00
IND-USR-049,22.719327,75.852073,142.9,2026-08-03,11:33:00,2026-08-03 11:33:00
IND-USR-049,22.719295,75.863688,502.0,2026-08-03,11:50:00,2026-08-03 11:50:00
IND-USR-049,22.717156,75.856737,724.9,2026-08-03,12:10:00,2026-08-03 12:10:00
IND-USR-049,22.712795,75.859196,731.4,2026-08-03,12:13:00,2026-08-03 12:13:00
IND-USR-049,22.720658,75.857955,397.1,2026-08-03,12:23:00,2026-08-03 12:23:00
IND-USR-049,22.718733,75.856529,794.3,2026-08-03,12:35:00,2026-08-03 12:35:00
IND-USR-049,22.721608,75.857585,312.2,2026-08-03,12:38:00,2026-08-03 12:38:00
IND-USR-049,22.72086,75.85856,572.8,2026-08-03,12:58:00,2026-08-03 12:58:00
IND-USR-049,22.724094,75.860408,262.1,2026-08-03,13:00:00,2026-08-03 13:00:00
IND-USR-049,22.720371,75.863774,719.7,2026-08-03,13:08:00,2026-08-03 13:08:00
IND-USR-049,22.721281,75.86292,522.9,2026-08-03,13:25:00,2026-08-03 13:25:00
IND-USR-049,22.722028,75.850332,911.9,2026-08-03,13:37:00,2026-08-03 13:37:00
IND-USR-049,22.724819,75.858241,312.5,2026-08-03,13:46:00,2026-08-03 13:46:00
IND-USR-049,22.719392,75.858825,493.6,2026-08-03,14:03:00,2026-08-03 14:03:00
IND-USR-049,22.71822,75.858608,876.0,2026-08-03,14:07:00,2026-08-03 14:07:00
IND-USR-049,22.717232,75.862797,667.3,2026-08-03,14:22:00,2026-08-03 14:22:00
IND-USR-049,22.719146,75.85617,129.6,2026-08-03,14:36:00,2026-08-03 14:36:00
IND-USR-049,22.7159,75.858775,162.4,2026-08-03,14:38:00,2026-08-03 14:38:00
IND-USR-049,22.720348,75.859254,166.2,2026-08-03,14:43:00,2026-08-03 14:43:00
IND-USR-049,22.715491,75.851295,827.6,2026-08-03,14:59:00,2026-08-03 14:59:00
IND-USR-049,22.722102,75.863639,46.7,2026-08-03,15:04:00,2026-08-03 15:04:00
IND-USR-049,22.715495,75.864058,475.5,2026-08-03,15:19:00,2026-08-03 15:19:00
IND-USR-049,22.720736,75.857672,468.0,2026-08-03,15:37:00,2026-08-03 15:37:00
IND-USR-049,22.71801,75.852162,403.1,2026-08-03,15:56:00,2026-08-03 15:56:00
IND-USR-049,22.723551,75.854598,288.9,2026-08-03,15:58:00,2026-08-03 15:58:00
IND-USR-049,22.716481,75.861668,946.0,2026-08-03,16:13:00,2026-08-03 16:13:00
IND-USR-049,22.712068,75.851606,501.1,2026-08-03,16:23:00,2026-08-03 16:23:00
IND-USR-049,22.719527,75.858873,540.0,2026-08-03,16:36:00,2026-08-03 16:36:00
IND-USR-049,22.721539,75.856493,143.0,2026-08-03,16:43:00,2026-08-03 16:43:00
IND-USR-049,22.729721,75.856788,653.9,2026-08-03,17:01:00,2026-08-03 17:01:00
IND-USR-049,22.718677,75.854512,498.2,2026-08-03,17:14:00,2026-08-03 17:14:00
IND-USR-049,22.720096,75.86016,453.8,2026-08-03,17:24:00,2026-08-03 17:24:00
IND-USR-049,22.724414,75.851743,890.0,2026-08-03,17:32:00,2026-08-03 17:32:00
IND-USR-049,22.718616,75.859487,164.4,2026-08-03,17:38:00,2026-08-03 17:38:00
IND-USR-049,22.721948,75.857726,19.2,2026-08-03,17:55:00,2026-08-03 17:55:00
IND-USR-049,22.72177,75.854464,178.5,2026-08-03,18:10:00,2026-08-03 18:10:00
IND-USR-049,22.725832,75.861671,73.0,2026-08-03,18:27:00,2026-08-03 18:27:00
IND-USR-049,22.71422,75.8534,303.1,2026-08-03,18:29:00,2026-08-03 18:29:00
IND-USR-049,22.715412,75.860412,197.3,2026-08-03,18:37:00,2026-08-03 18:37:00
IND-USR-049,22.714461,75.856376,515.5,2026-08-03,18:42:00,2026-08-03 18:42:00
IND-USR-049,22.721419,75.857435,99.0,2026-08-03,18:54:00,2026-08-03 18:54:00
IND-USR-049,23.260936,77.408337,568.8,2026-08-03,19:10:00,2026-08-03 19:10:00
IND-USR-049,23.262279,77.410147,339.4,2026-08-03,19:14:00,2026-08-03 19:14:00
IND-USR-049,23.258602,77.413551,840.3,2026-08-03,19:33:00,2026-08-03 19:33:00
IND-USR-049,23.260312,77.412696,601.1,2026-08-03,19:46:00,2026-08-03 19:46:00
IND-USR-049,23.256897,77.411402,268.1,2026-08-03,19:54:00,2026-08-03 19:54:00
IND-USR-049,23.259909,77.4071,559.4,2026-08-03,20:09:00,2026-08-03 20:09:00
IND-USR-049,23.25805,77.414151,355.2,2026-08-03,20:20:00,2026-08-03 20:20:00
IND-USR-049,23.25479,77.417226,888.2,2026-08-03,20:34:00,2026-08-03 20:34:00
IND-USR-049,23.264978,77.407619,518.6,2026-08-03,20:53:00,2026-08-03 20:53:00
IND-USR-049,23.26533,77.412026,82.8,2026-08-03,21:01:00,2026-08-03 21:01:00
IND-USR-049,23.261574,77.410613,106.8,2026-08-03,21:07:00,2026-08-03 21:07:00
IND-USR-049,23.263592,77.414224,273.2,2026-08-03,21:15:00,2026-08-03 21:15:00
IND-USR-049,23.256643,77.407939,539.8,2026-08-03,21:25:00,2026-08-03 21:25:00
IND-USR-049,23.254059,77.413352,759.1,2026-08-03,21:31:00,2026-08-03 21:31:00
IND-USR-049,23.26219,77.415204,616.1,2026-08-03,21:51:00,2026-08-03 21:51:00
IND-USR-049,23.259428,77.407972,320.4,2026-08-03,22:05:00,2026-08-03 22:05:00
IND-USR-049,23.257172,77.417209,578.5,2026-08-03,22:25:00,2026-08-03 22:25:00
IND-USR-049,23.257961,77.413174,206.7,2026-08-03,22:42:00,2026-08-03 22:42:00
IND-USR-049,23.255597,77.413946,746.4,2026-08-03,22:44:00,2026-08-03 22:44:00
IND-USR-049,23.258069,77.416787,95.9,2026-08-03,22:52:00,2026-08-03 22:52:00
IND-USR-050,23.262994,77.410617,164.9,2026-08-10,06:06:00,2026-08-10 06:06:00
IND-USR-050,23.259393,77.410396,313.9,2026-08-10,06:08:00,2026-08-10 06:08:00
IND-USR-050,23.254222,77.40917,138.8,2026-08-10,06:11:00,2026-08-10 06:11:00
IND-USR-050,23.260693,77.413901,409.9,2026-08-10,06:27:00,2026-08-10 06:27:00
IND-USR-050,23.260494,77.411393,317.5,2026-08-10,06:44:00,2026-08-10 06:44:00
IND-USR-050,23.263632,77.412854,724.4,2026-08-10,07:02:00,2026-08-10 07:02:00
IND-USR-050,23.262713,77.405505,536.5,2026-08-10,07:11:00,2026-08-10 07:11:00
IND-USR-050,23.24421,77.413735,737.5,2026-08-10,07:25:00,2026-08-10 07:25:00
IND-USR-050,23.254201,77.41175,343.7,2026-08-10,07:42:00,2026-08-10 07:42:00
IND-USR-050,22.718392,75.86405,308.0,2026-08-10,08:00:00,2026-08-10 08:00:00
IND-USR-050,22.7212,75.858363,840.3,2026-08-10,08:04:00,2026-08-10 08:04:00
IND-USR-050,22.722948,75.859174,908.0,2026-08-10,08:12:00,2026-08-10 08:12:00
IND-USR-050,22.717769,75.861986,678.7,2026-08-10,08:22:00,2026-08-10 08:22:00
IND-USR-050,22.715161,75.858993,536.9,2026-08-10,08:37:00,2026-08-10 08:37:00
IND-USR-050,22.71341,75.858516,663.4,2026-08-10,08:54:00,2026-08-10 08:54:00
IND-USR-050,22.720372,75.864406,654.2,2026-08-10,09:04:00,2026-08-10 09:04:00
IND-USR-050,22.71334,75.855296,855.8,2026-08-10,09:23:00,2026-08-10 09:23:00
IND-USR-050,22.722891,75.859041,177.3,2026-08-10,09:36:00,2026-08-10 09:36:00
IND-USR-050,22.720321,75.853875,814.0,2026-08-10,09:49:00,2026-08-10 09:49:00
IND-USR-050,22.717237,75.86268,694.8,2026-08-10,10:02:00,2026-08-10 10:02:00
IND-USR-050,22.719394,75.859201,590.0,2026-08-10,10:10:00,2026-08-10 10:10:00
IND-USR-050,22.719139,75.852968,369.5,2026-08-10,10:18:00,2026-08-10 10:18:00
IND-USR-050,22.723335,75.859713,887.2,2026-08-10,10:25:00,2026-08-10 10:25:00
IND-USR-050,22.728823,75.853638,194.1,2026-08-10,10:27:00,2026-08-10 10:27:00
IND-USR-050,22.72289,75.852454,504.4,2026-08-10,10:40:00,2026-08-10 10:40:00
IND-USR-050,22.720229,75.861606,561.0,2026-08-10,10:42:00,2026-08-10 10:42:00
IND-USR-050,22.711311,75.85688,98.5,2026-08-10,10:54:00,2026-08-10 10:54:00
IND-USR-050,22.717347,75.854892,870.9,2026-08-10,11:07:00,2026-08-10 11:07:00
IND-USR-050,22.721141,75.862183,876.3,2026-08-10,11:25:00,2026-08-10 11:25:00
IND-USR-050,22.719067,75.858522,41.5,2026-08-10,11:35:00,2026-08-10 11:35:00
IND-USR-050,22.720057,75.857707,613.2,2026-08-10,11:45:00,2026-08-10 11:45:00
IND-USR-050,22.715243,75.862134,51.3,2026-08-10,11:59:00,2026-08-10 11:59:00
IND-USR-050,22.720781,75.85928,267.7,2026-08-10,12:09:00,2026-08-10 12:09:00
IND-USR-050,22.716374,75.855863,922.9,2026-08-10,12:12:00,2026-08-10 12:12:00
IND-USR-050,22.718895,75.851564,821.4,2026-08-10,12:14:00,2026-08-10 12:14:00
IND-USR-050,22.712848,75.855297,947.4,2026-08-10,12:31:00,2026-08-10 12:31:00
IND-USR-050,22.72169,75.855087,470.9,2026-08-10,12:47:00,2026-08-10 12:47:00
IND-USR-050,22.715525,75.854441,714.9,2026-08-10,13:04:00,2026-08-10 13:04:00
IND-USR-050,22.717779,75.856285,769.0,2026-08-10,13:23:00,2026-08-10 13:23:00
IND-USR-050,22.728262,75.861918,357.4,2026-08-10,13:26:00,2026-08-10 13:26:00
IND-USR-050,22.723699,75.862374,673.3,2026-08-10,13:32:00,2026-08-10 13:32:00
IND-USR-050,22.715605,75.852811,828.7,2026-08-10,13:39:00,2026-08-10 13:39:00
IND-USR-050,22.715173,75.863038,87.9,2026-08-10,13:45:00,2026-08-10 13:45:00
IND-USR-050,22.717411,75.852695,62.7,2026-08-10,13:50:00,2026-08-10 13:50:00
IND-USR-050,22.717876,75.856746,305.4,2026-08-10,13:53:00,2026-08-10 13:53:00
IND-USR-050,22.720674,75.858704,270.8,2026-08-10,14:12:00,2026-08-10 14:12:00
IND-USR-050,22.716287,75.860443,625.8,2026-08-10,14:20:00,2026-08-10 14:20:00
IND-USR-050,22.717043,75.857075,322.7,2026-08-10,14:22:00,2026-08-10 14:22:00
IND-USR-050,22.722347,75.855133,853.9,2026-08-10,14:34:00,2026-08-10 14:34:00
IND-USR-050,22.717323,75.860067,861.4,2026-08-10,14:41:00,2026-08-10 14:41:00
IND-USR-050,22.716169,75.856161,688.8,2026-08-10,15:01:00,2026-08-10 15:01:00
IND-USR-050,22.721823,75.865916,495.4,2026-08-10,15:14:00,2026-08-10 15:14:00
IND-USR-050,22.722022,75.859591,401.4,2026-08-10,15:28:00,2026-08-10 15:28:00
IND-USR-050,22.721723,75.853407,71.1,2026-08-10,15:31:00,2026-08-10 15:31:00
IND-USR-050,22.720062,75.857581,148.7,2026-08-10,15:49:00,2026-08-10 15:49:00
IND-USR-050,22.720886,75.858166,88.9,2026-08-10,15:59:00,2026-08-10 15:59:00
IND-USR-050,22.721119,75.856454,51.8,2026-08-10,16:15:00,2026-08-10 16:15:00
IND-USR-050,22.719834,75.852789,657.4,2026-08-10,16:23:00,2026-08-10 16:23:00
IND-USR-050,22.71832,75.863263,172.6,2026-08-10,16:38:00,2026-08-10 16:38:00
IND-USR-050,22.720875,75.857616,302.5,2026-08-10,16:40:00,2026-08-10 16:40:00
IND-USR-050,22.727184,75.852257,339.6,2026-08-10,16:59:00,2026-08-10 16:59:00
IND-USR-050,22.715162,75.864551,448.3,2026-08-10,17:11:00,2026-08-10 17:11:00
IND-USR-050,22.719784,75.85673,542.2,2026-08-10,17:15:00,2026-08-10 17:15:00
IND-USR-050,22.714803,75.859491,92.9,2026-08-10,17:31:00,2026-08-10 17:31:00
IND-USR-050,22.721778,75.853322,181.6,2026-08-10,17:35:00,2026-08-10 17:35:00
IND-USR-050,22.719039,75.856358,184.5,2026-08-10,17:39:00,2026-08-10 17:39:00
IND-USR-050,22.720624,75.853223,599.0,2026-08-10,17:59:00,2026-08-10 17:59:00
IND-USR-050,22.724608,75.861363,730.7,2026-08-10,18:01:00,2026-08-10 18:01:00
IND-USR-050,22.718147,75.856834,214.5,2026-08-10,18:03:00,2026-08-10 18:03:00
IND-USR-050,22.719054,75.854587,442.7,2026-08-10,18:16:00,2026-08-10 18:16:00
IND-USR-050,22.717826,75.856619,299.3,2026-08-10,18:25:00,2026-08-10 18:25:00
IND-USR-050,22.726051,75.861486,712.6,2026-08-10,18:33:00,2026-08-10 18:33:00
IND-USR-050,22.723339,75.85918,301.9,2026-08-10,18:39:00,2026-08-10 18:39:00
IND-USR-050,22.715131,75.857534,673.6,2026-08-10,18:53:00,2026-08-10 18:53:00
IND-USR-050,23.263782,77.407567,272.2,2026-08-10,19:00:00,2026-08-10 19:00:00
IND-USR-050,23.262446,77.42189,306.6,2026-08-10,19:20:00,2026-08-10 19:20:00
IND-USR-050,23.264147,77.418256,795.2,2026-08-10,19:29:00,2026-08-10 19:29:00
IND-USR-050,23.260773,77.416472,840.6,2026-08-10,19:39:00,2026-08-10 19:39:00
IND-USR-050,23.257029,77.415783,930.5,2026-08-10,19:46:00,2026-08-10 19:46:00
IND-USR-050,23.262518,77.41376,665.7,2026-08-10,19:56:00,2026-08-10 19:56:00
IND-USR-050,23.265164,77.410445,96.9,2026-08-10,20:06:00,2026-08-10 20:06:00
IND-USR-050,23.259152,77.412982,554.0,2026-08-10,20:19:00,2026-08-10 20:19:00
IND-USR-050,23.255782,77.413508,736.0,2026-08-10,20:32:00,2026-08-10 20:32:00
IND-USR-050,23.253024,77.416788,432.7,2026-08-10,20:50:00,2026-08-10 20:50:00
IND-USR-050,23.260087,77.410516,44.5,2026-08-10,20:57:00,2026-08-10 20:57:00
IND-USR-050,23.256563,77.411662,372.5,2026-08-10,21:17:00,2026-08-10 21:17:00
IND-USR-050,23.262653,77.414791,544.6,2026-08-10,21:36:00,2026-08-10 21:36:00
IND-USR-050,23.257078,77.409216,336.1,2026-08-10,21:51:00,2026-08-10 21:51:00
IND-USR-050,23.262528,77.409711,205.0,2026-08-10,22:02:00,2026-08-10 22:02:00
IND-USR-051,23.26014,77.413095,95.3,2026-08-09,06:10:00,2026-08-09 06:10:00
IND-USR-051,23.261148,77.416033,252.7,2026-08-09,06:18:00,2026-08-09 06:18:00
IND-USR-051,23.254848,77.404955,255.2,2026-08-09,06:34:00,2026-08-09 06:34:00
IND-USR-051,23.25763,77.419806,496.0,2026-08-09,06:39:00,2026-08-09 06:39:00
IND-USR-051,23.267989,77.419925,456.7,2026-08-09,06:46:00,2026-08-09 06:46:00
IND-USR-051,23.259128,77.405472,561.6,2026-08-09,07:02:00,2026-08-09 07:02:00
IND-USR-051,23.250528,77.410144,539.9,2026-08-09,07:15:00,2026-08-09 07:15:00
IND-USR-051,23.259108,77.417803,857.2,2026-08-09,07:35:00,2026-08-09 07:35:00
IND-USR-051,23.263371,77.41351,669.2,2026-08-09,07:47:00,2026-08-09 07:47:00
IND-USR-051,22.716041,75.853857,827.2,2026-08-09,08:00:00,2026-08-09 08:00:00
IND-USR-051,22.720617,75.860488,159.2,2026-08-09,08:02:00,2026-08-09 08:02:00
IND-USR-051,22.721168,75.853562,324.6,2026-08-09,08:19:00,2026-08-09 08:19:00
IND-USR-051,22.722203,75.859404,185.9,2026-08-09,08:24:00,2026-08-09 08:24:00
IND-USR-051,22.715317,75.854563,297.9,2026-08-09,08:37:00,2026-08-09 08:37:00
IND-USR-051,22.722354,75.856762,524.0,2026-08-09,08:53:00,2026-08-09 08:53:00
IND-USR-051,22.725957,75.859705,422.7,2026-08-09,08:55:00,2026-08-09 08:55:00
IND-USR-051,22.717653,75.857659,568.0,2026-08-09,09:11:00,2026-08-09 09:11:00
IND-USR-051,22.719854,75.854786,697.1,2026-08-09,09:26:00,2026-08-09 09:26:00
IND-USR-051,22.71595,75.860506,794.1,2026-08-09,09:43:00,2026-08-09 09:43:00
IND-USR-051,22.722981,75.860115,690.0,2026-08-09,09:53:00,2026-08-09 09:53:00
IND-USR-051,22.725661,75.855533,463.6,2026-08-09,10:05:00,2026-08-09 10:05:00
IND-USR-051,22.726297,75.854096,292.2,2026-08-09,10:19:00,2026-08-09 10:19:00
IND-USR-051,22.715549,75.85066,727.4,2026-08-09,10:28:00,2026-08-09 10:28:00
IND-USR-051,22.717817,75.855685,111.4,2026-08-09,10:46:00,2026-08-09 10:46:00
IND-USR-051,22.721704,75.858676,737.6,2026-08-09,11:01:00,2026-08-09 11:01:00
IND-USR-051,22.714828,75.856129,386.7,2026-08-09,11:21:00,2026-08-09 11:21:00
IND-USR-051,22.718114,75.850596,164.2,2026-08-09,11:23:00,2026-08-09 11:23:00
IND-USR-051,22.715676,75.854617,877.0,2026-08-09,11:30:00,2026-08-09 11:30:00
IND-USR-051,22.725335,75.858466,196.6,2026-08-09,11:48:00,2026-08-09 11:48:00
IND-USR-051,22.722249,75.851705,716.7,2026-08-09,12:08:00,2026-08-09 12:08:00
IND-USR-051,22.724377,75.862904,633.6,2026-08-09,12:14:00,2026-08-09 12:14:00
IND-USR-051,22.711607,75.854879,922.1,2026-08-09,12:17:00,2026-08-09 12:17:00
IND-USR-051,22.721583,75.860278,755.3,2026-08-09,12:28:00,2026-08-09 12:28:00
IND-USR-051,22.716886,75.856478,763.4,2026-08-09,12:34:00,2026-08-09 12:34:00
IND-USR-051,22.71721,75.858142,382.2,2026-08-09,12:50:00,2026-08-09 12:50:00
IND-USR-051,22.724389,75.854616,10.8,2026-08-09,13:06:00,2026-08-09 13:06:00
IND-USR-051,22.723603,75.854573,198.4,2026-08-09,13:12:00,2026-08-09 13:12:00
IND-USR-051,22.716209,75.860974,293.2,2026-08-09,13:19:00,2026-08-09 13:19:00
IND-USR-051,22.723288,75.861106,183.5,2026-08-09,13:23:00,2026-08-09 13:23:00
IND-USR-051,22.714337,75.855836,420.4,2026-08-09,13:31:00,2026-08-09 13:31:00
IND-USR-051,22.722892,75.857866,154.9,2026-08-09,13:40:00,2026-08-09 13:40:00
IND-USR-051,22.715305,75.859533,804.9,2026-08-09,13:59:00,2026-08-09 13:59:00
IND-USR-051,22.716741,75.864878,14.6,2026-08-09,14:12:00,2026-08-09 14:12:00
IND-USR-051,22.725779,75.860116,334.0,2026-08-09,14:19:00,2026-08-09 14:19:00
IND-USR-051,22.725044,75.857959,526.8,2026-08-09,14:36:00,2026-08-09 14:36:00
IND-USR-051,22.722662,75.863611,666.9,2026-08-09,14:50:00,2026-08-09 14:50:00
IND-USR-051,22.720582,75.856679,638.3,2026-08-09,15:07:00,2026-08-09 15:07:00
IND-USR-051,22.712782,75.857367,673.9,2026-08-09,15:23:00,2026-08-09 15:23:00
IND-USR-051,22.722894,75.861483,374.3,2026-08-09,15:28:00,2026-08-09 15:28:00
IND-USR-051,22.721617,75.855535,727.3,2026-08-09,15:40:00,2026-08-09 15:40:00
IND-USR-051,22.711693,75.855719,385.9,2026-08-09,15:46:00,2026-08-09 15:46:00
IND-USR-051,22.718383,75.856448,854.1,2026-08-09,15:58:00,2026-08-09 15:58:00
IND-USR-051,22.722074,75.865643,571.1,2026-08-09,16:13:00,2026-08-09 16:13:00
IND-USR-051,22.720094,75.856833,77.4,2026-08-09,16:32:00,2026-08-09 16:32:00
IND-USR-051,22.718563,75.858198,639.7,2026-08-09,16:49:00,2026-08-09 16:49:00
IND-USR-051,22.716287,75.858181,35.3,2026-08-09,17:09:00,2026-08-09 17:09:00
IND-USR-051,22.721403,75.858539,731.8,2026-08-09,17:16:00,2026-08-09 17:16:00
IND-USR-051,22.72143,75.859435,350.5,2026-08-09,17:29:00,2026-08-09 17:29:00
IND-USR-051,22.712512,75.860247,783.8,2026-08-09,17:47:00,2026-08-09 17:47:00
IND-USR-051,22.716916,75.853317,869.7,2026-08-09,18:01:00,2026-08-09 18:01:00
IND-USR-051,22.715182,75.859434,139.8,2026-08-09,18:10:00,2026-08-09 18:10:00
IND-USR-051,22.71871,75.850972,51.6,2026-08-09,18:18:00,2026-08-09 18:18:00
IND-USR-051,22.721512,75.851942,419.3,2026-08-09,18:29:00,2026-08-09 18:29:00
IND-USR-051,22.720159,75.858654,371.0,2026-08-09,18:41:00,2026-08-09 18:41:00
IND-USR-051,22.723142,75.864827,410.2,2026-08-09,18:48:00,2026-08-09 18:48:00
IND-USR-051,22.714141,75.85749,302.4,2026-08-09,18:59:00,2026-08-09 18:59:00
IND-USR-051,23.258795,77.414335,42.7,2026-08-09,19:16:00,2026-08-09 19:16:00
IND-USR-051,23.260763,77.41119,178.7,2026-08-09,19:31:00,2026-08-09 19:31:00
IND-USR-051,23.258136,77.408134,651.4,2026-08-09,19:45:00,2026-08-09 19:45:00
IND-USR-051,23.263851,77.414437,447.0,2026-08-09,19:50:00,2026-08-09 19:50:00
IND-USR-051,23.263571,77.411358,335.5,2026-08-09,19:54:00,2026-08-09 19:54:00
IND-USR-051,23.257273,77.408287,626.5,2026-08-09,19:59:00,2026-08-09 19:59:00
IND-USR-051,23.261336,77.408441,765.3,2026-08-09,20:13:00,2026-08-09 20:13:00
IND-USR-051,23.267295,77.407369,161.2,2026-08-09,20:15:00,2026-08-09 20:15:00
IND-USR-051,23.260995,77.418867,550.2,2026-08-09,20:21:00,2026-08-09 20:21:00
IND-USR-051,23.262296,77.413303,655.1,2026-08-09,20:35:00,2026-08-09 20:35:00
IND-USR-051,23.256026,77.407073,467.0,2026-08-09,20:37:00,2026-08-09 20:37:00
IND-USR-051,23.26298,77.418625,407.1,2026-08-09,20:51:00,2026-08-09 20:51:00
IND-USR-051,23.258145,77.408044,294.8,2026-08-09,20:54:00,2026-08-09 20:54:00
IND-USR-051,23.250067,77.408677,707.5,2026-08-09,21:04:00,2026-08-09 21:04:00
IND-USR-051,23.259445,77.418996,577.4,2026-08-09,21:09:00,2026-08-09 21:09:00
IND-USR-051,23.262593,77.41382,481.9,2026-08-09,21:25:00,2026-08-09 21:25:00
IND-USR-051,23.2583,77.410267,679.3,2026-08-09,21:42:00,2026-08-09 21:42:00
IND-USR-051,23.265523,77.413403,923.5,2026-08-09,22:01:00,2026-08-09 22:01:00
IND-USR-051,23.25149,77.409906,748.4,2026-08-09,22:06:00,2026-08-09 22:06:00
IND-USR-051,23.256467,77.410415,509.8,2026-08-09,22:21:00,2026-08-09 22:21:00
IND-USR-051,23.262152,77.41217,828.1,2026-08-09,22:35:00,2026-08-09 22:35:00
IND-USR-051,23.259593,77.417854,151.4,2026-08-09,22:39:00,2026-08-09 22:39:00
IND-USR-051,23.257114,77.420057,901.3,2026-08-09,22:51:00,2026-08-09 22:51:00
IND-USR-051,23.257215,77.412957,252.4,2026-08-09,23:11:00,2026-08-09 23:11:00
IND-USR-051,23.258775,77.413094,774.1,2026-08-09,23:29:00,2026-08-09 23:29:00
IND-USR-051,23.261678,77.414335,418.8,2026-08-09,23:45:00,2026-08-09 23:45:00
IND-USR-051,23.256888,77.408108,274.8,2026-08-10,00:01:00,2026-08-10 00:01:00
IND-USR-051,23.269913,77.410664,825.8,2026-08-10,00:06:00,2026-08-10 00:06:00
IND-USR-051,23.262697,77.406169,355.1,2026-08-10,00:22:00,2026-08-10 00:22:00
IND-USR-051,23.258782,77.412091,247.2,2026-08-10,00:35:00,2026-08-10 00:35:00
IND-USR-051,23.261791,77.40171,644.5,2026-08-10,00:47:00,2026-08-10 00:47:00
IND-USR-051,23.260565,77.408001,520.2,2026-08-10,00:49:00,2026-08-10 00:49:00
IND-USR-051,23.261197,77.408455,285.6,2026-08-10,00:56:00,2026-08-10 00:56:00
IND-USR-051,23.256478,77.411505,26.5,2026-08-10,01:11:00,2026-08-10 01:11:00
IND-USR-051,23.255691,77.410698,289.8,2026-08-10,01:23:00,2026-08-10 01:23:00
IND-USR-051,23.255126,77.405267,570.0,2026-08-10,01:26:00,2026-08-10 01:26:00
IND-USR-051,23.263972,77.407416,698.0,2026-08-10,01:39:00,2026-08-10 01:39:00
IND-USR-051,23.259185,77.415612,704.4,2026-08-10,01:58:00,2026-08-10 01:58:00
IND-USR-051,23.25744,77.409299,174.7,2026-08-10,02:07:00,2026-08-10 02:07:00
IND-USR-051,23.260805,77.417072,98.9,2026-08-10,02:26:00,2026-08-10 02:26:00
IND-USR-051,23.255223,77.411999,604.9,2026-08-10,02:32:00,2026-08-10 02:32:00
IND-USR-051,23.25297,77.411027,849.2,2026-08-10,02:47:00,2026-08-10 02:47:00
IND-USR-051,23.260037,77.409182,923.5,2026-08-10,03:00:00,2026-08-10 03:00:00
IND-USR-051,23.258072,77.406967,873.6,2026-08-10,03:09:00,2026-08-10 03:09:00
IND-USR-051,23.260208,77.416823,544.9,2026-08-10,03:27:00,2026-08-10 03:27:00
IND-USR-051,23.255511,77.410109,81.9,2026-08-10,03:30:00,2026-08-10 03:30:00
IND-USR-051,23.26191,77.417448,46.0,2026-08-10,03:43:00,2026-08-10 03:43:00
IND-USR-051,23.253927,77.411925,369.0,2026-08-10,03:48:00,2026-08-10 03:48:00
IND-USR-051,23.261033,77.412192,327.5,2026-08-10,03:52:00,2026-08-10 03:52:00
IND-USR-052,23.249993,77.414604,386.7,2026-08-11,06:15:00,2026-08-11 06:15:00
IND-USR-052,23.265977,77.413067,903.3,2026-08-11,06:22:00,2026-08-11 06:22:00
IND-USR-052,23.255776,77.410547,688.3,2026-08-11,06:32:00,2026-08-11 06:32:00
IND-USR-052,23.26698,77.41624,796.6,2026-08-11,06:36:00,2026-08-11 06:36:00
IND-USR-052,23.26246,77.414026,917.3,2026-08-11,06:51:00,2026-08-11 06:51:00
IND-USR-052,23.257255,77.411798,546.6,2026-08-11,06:59:00,2026-08-11 06:59:00
IND-USR-052,23.259588,77.414798,588.6,2026-08-11,07:10:00,2026-08-11 07:10:00
IND-USR-052,23.265936,77.417073,813.0,2026-08-11,07:29:00,2026-08-11 07:29:00
IND-USR-052,23.254222,77.413496,662.6,2026-08-11,07:38:00,2026-08-11 07:38:00
IND-USR-052,23.262847,77.415075,361.8,2026-08-11,07:41:00,2026-08-11 07:41:00
IND-USR-052,23.257383,77.424256,212.3,2026-08-11,07:58:00,2026-08-11 07:58:00
IND-USR-052,22.714492,75.853367,268.3,2026-08-11,08:13:00,2026-08-11 08:13:00
IND-USR-052,22.720534,75.866167,270.2,2026-08-11,08:20:00,2026-08-11 08:20:00
IND-USR-052,22.716255,75.856637,578.3,2026-08-11,08:23:00,2026-08-11 08:23:00
IND-USR-052,22.723909,75.857629,647.5,2026-08-11,08:30:00,2026-08-11 08:30:00
IND-USR-052,22.718262,75.859963,14.7,2026-08-11,08:40:00,2026-08-11 08:40:00
IND-USR-052,22.72069,75.861822,27.6,2026-08-11,08:48:00,2026-08-11 08:48:00
IND-USR-052,22.724766,75.858928,627.8,2026-08-11,09:03:00,2026-08-11 09:03:00
IND-USR-052,22.720767,75.858556,261.0,2026-08-11,09:13:00,2026-08-11 09:13:00
IND-USR-052,22.721557,75.857921,101.3,2026-08-11,09:25:00,2026-08-11 09:25:00
IND-USR-052,22.719598,75.862487,27.0,2026-08-11,09:34:00,2026-08-11 09:34:00
IND-USR-052,22.725664,75.85167,217.8,2026-08-11,09:46:00,2026-08-11 09:46:00
IND-USR-052,22.71964,75.854945,694.5,2026-08-11,09:57:00,2026-08-11 09:57:00
IND-USR-052,22.718356,75.85931,562.6,2026-08-11,10:13:00,2026-08-11 10:13:00
IND-USR-052,22.722278,75.857251,519.0,2026-08-11,10:25:00,2026-08-11 10:25:00
IND-USR-052,22.711947,75.85384,884.1,2026-08-11,10:42:00,2026-08-11 10:42:00
IND-USR-052,22.723186,75.846738,332.4,2026-08-11,10:44:00,2026-08-11 10:44:00
IND-USR-052,22.72435,75.859785,335.6,2026-08-11,10:56:00,2026-08-11 10:56:00
IND-USR-052,22.724865,75.856906,152.7,2026-08-11,11:12:00,2026-08-11 11:12:00
IND-USR-052,22.711354,75.859421,208.0,2026-08-11,11:29:00,2026-08-11 11:29:00
IND-USR-052,22.724699,75.861399,642.6,2026-08-11,11:36:00,2026-08-11 11:36:00
IND-USR-052,22.716949,75.858047,388.8,2026-08-11,11:46:00,2026-08-11 11:46:00
IND-USR-052,22.717469,75.854423,919.7,2026-08-11,12:06:00,2026-08-11 12:06:00
IND-USR-052,22.723422,75.85291,537.6,2026-08-11,12:23:00,2026-08-11 12:23:00
IND-USR-052,22.716025,75.853284,88.1,2026-08-11,12:36:00,2026-08-11 12:36:00
IND-USR-052,22.713639,75.858286,357.0,2026-08-11,12:54:00,2026-08-11 12:54:00
IND-USR-052,22.724246,75.85696,715.8,2026-08-11,13:05:00,2026-08-11 13:05:00
IND-USR-052,22.713577,75.86106,644.0,2026-08-11,13:21:00,2026-08-11 13:21:00
IND-USR-052,22.726343,75.855115,156.5,2026-08-11,13:23:00,2026-08-11 13:23:00
IND-USR-052,22.717686,75.859763,166.7,2026-08-11,13:43:00,2026-08-11 13:43:00
IND-USR-052,22.726087,75.855621,541.0,2026-08-11,13:56:00,2026-08-11 13:56:00
IND-USR-052,22.71427,75.860226,946.1,2026-08-11,14:11:00,2026-08-11 14:11:00
IND-USR-052,22.722796,75.857725,716.3,2026-08-11,14:13:00,2026-08-11 14:13:00
IND-USR-052,22.717367,75.861678,533.1,2026-08-11,14:24:00,2026-08-11 14:24:00
IND-USR-052,22.721712,75.854626,940.3,2026-08-11,14:41:00,2026-08-11 14:41:00
IND-USR-052,22.719796,75.852293,875.9,2026-08-11,14:55:00,2026-08-11 14:55:00
IND-USR-052,22.722344,75.856651,365.7,2026-08-11,15:01:00,2026-08-11 15:01:00
IND-USR-052,22.717857,75.857569,101.2,2026-08-11,15:06:00,2026-08-11 15:06:00
IND-USR-052,22.719761,75.86128,208.6,2026-08-11,15:14:00,2026-08-11 15:14:00
IND-USR-052,22.721964,75.857074,546.5,2026-08-11,15:19:00,2026-08-11 15:19:00
IND-USR-052,22.722655,75.859303,823.0,2026-08-11,15:26:00,2026-08-11 15:26:00
IND-USR-052,22.717894,75.857201,527.1,2026-08-11,15:40:00,2026-08-11 15:40:00
IND-USR-052,22.719007,75.859721,716.2,2026-08-11,15:53:00,2026-08-11 15:53:00
IND-USR-052,22.718132,75.856138,856.4,2026-08-11,16:08:00,2026-08-11 16:08:00
IND-USR-052,22.727475,75.861459,310.2,2026-08-11,16:18:00,2026-08-11 16:18:00
IND-USR-052,22.716558,75.859984,602.5,2026-08-11,16:31:00,2026-08-11 16:31:00
IND-USR-052,22.720073,75.859266,482.2,2026-08-11,16:43:00,2026-08-11 16:43:00
IND-USR-052,22.720149,75.862459,378.6,2026-08-11,17:02:00,2026-08-11 17:02:00
IND-USR-052,22.720982,75.857452,475.1,2026-08-11,17:16:00,2026-08-11 17:16:00
IND-USR-052,22.723769,75.858633,279.1,2026-08-11,17:32:00,2026-08-11 17:32:00
IND-USR-052,22.720086,75.858956,157.5,2026-08-11,17:48:00,2026-08-11 17:48:00
IND-USR-052,22.719226,75.857737,386.1,2026-08-11,17:55:00,2026-08-11 17:55:00
IND-USR-052,22.717253,75.854695,510.7,2026-08-11,17:57:00,2026-08-11 17:57:00
IND-USR-052,22.715606,75.852132,727.2,2026-08-11,18:09:00,2026-08-11 18:09:00
IND-USR-052,22.716081,75.857003,652.4,2026-08-11,18:16:00,2026-08-11 18:16:00
IND-USR-052,22.720012,75.856615,370.4,2026-08-11,18:21:00,2026-08-11 18:21:00
IND-USR-052,22.710177,75.863998,925.8,2026-08-11,18:36:00,2026-08-11 18:36:00
IND-USR-052,22.723946,75.859483,187.5,2026-08-11,18:51:00,2026-08-11 18:51:00
IND-USR-052,22.72723,75.853791,591.7,2026-08-11,18:53:00,2026-08-11 18:53:00
IND-USR-052,22.727151,75.853839,583.1,2026-08-11,18:59:00,2026-08-11 18:59:00
IND-USR-052,23.260855,77.407505,949.0,2026-08-11,19:17:00,2026-08-11 19:17:00
IND-USR-052,23.259959,77.414145,698.2,2026-08-11,19:37:00,2026-08-11 19:37:00
IND-USR-052,23.259281,77.415456,315.5,2026-08-11,19:39:00,2026-08-11 19:39:00
IND-USR-052,23.260296,77.41051,166.5,2026-08-11,19:48:00,2026-08-11 19:48:00
IND-USR-052,23.257633,77.415844,653.3,2026-08-11,20:05:00,2026-08-11 20:05:00
IND-USR-052,23.257285,77.416262,31.4,2026-08-11,20:18:00,2026-08-11 20:18:00
IND-USR-052,23.264791,77.405925,528.9,2026-08-11,20:32:00,2026-08-11 20:32:00
IND-USR-052,23.264432,77.420842,809.3,2026-08-11,20:40:00,2026-08-11 20:40:00
IND-USR-052,23.260908,77.414996,440.3,2026-08-11,20:47:00,2026-08-11 20:47:00
IND-USR-052,23.264048,77.411498,174.7,2026-08-11,20:56:00,2026-08-11 20:56:00
IND-USR-052,23.260629,77.407343,313.4,2026-08-11,21:04:00,2026-08-11 21:04:00
IND-USR-052,23.260455,77.414592,70.9,2026-08-11,21:15:00,2026-08-11 21:15:00
IND-USR-052,23.261965,77.416862,204.6,2026-08-11,21:17:00,2026-08-11 21:17:00
IND-USR-052,23.256801,77.41047,441.6,2026-08-11,21:33:00,2026-08-11 21:33:00
IND-USR-052,23.267482,77.411999,940.3,2026-08-11,21:49:00,2026-08-11 21:49:00
IND-USR-052,23.2607,77.412332,924.4,2026-08-11,21:56:00,2026-08-11 21:56:00
IND-USR-052,23.256613,77.419094,612.9,2026-08-11,22:14:00,2026-08-11 22:14:00
IND-USR-052,23.257789,77.408091,829.8,2026-08-11,22:26:00,2026-08-11 22:26:00
IND-USR-052,23.258097,77.404593,240.2,2026-08-11,22:33:00,2026-08-11 22:33:00
IND-USR-052,23.257295,77.408727,16.5,2026-08-11,22:37:00,2026-08-11 22:37:00
IND-USR-052,23.26237,77.409906,651.1,2026-08-11,22:40:00,2026-08-11 22:40:00
IND-USR-052,23.263451,77.418194,825.0,2026-08-11,22:55:00,2026-08-11 22:55:00
IND-USR-052,23.263025,77.411738,820.4,2026-08-11,23:12:00,2026-08-11 23:12:00
IND-USR-052,23.260464,77.4065,746.1,2026-08-11,23:16:00,2026-08-11 23:16:00
IND-USR-052,23.259365,77.409158,840.4,2026-08-11,23:26:00,2026-08-11 23:26:00
IND-USR-052,23.262677,77.422891,123.7,2026-08-11,23:45:00,2026-08-11 23:45:00
IND-USR-052,23.261899,77.404635,681.9,2026-08-12,00:04:00,2026-08-12 00:04:00
IND-USR-052,23.258455,77.41309,462.0,2026-08-12,00:20:00,2026-08-12 00:20:00
IND-USR-052,23.260249,77.409677,285.4,2026-08-12,00:23:00,2026-08-12 00:23:00
IND-USR-053,18.940981,72.83033,385.5,2026-08-07,06:13:00,2026-08-07 06:13:00
IND-USR-053,18.93622,72.837883,601.5,2026-08-07,06:31:00,2026-08-07 06:31:00
IND-USR-053,18.935937,72.837453,412.9,2026-08-07,06:47:00,2026-08-07 06:47:00
IND-USR-053,18.934522,72.842359,107.4,2026-08-07,06:52:00,2026-08-07 06:52:00
IND-USR-053,18.936903,72.834405,722.5,2026-08-07,07:02:00,2026-08-07 07:02:00
IND-USR-053,18.941322,72.833039,718.4,2026-08-07,07:22:00,2026-08-07 07:22:00
IND-USR-053,18.940574,72.837601,688.7,2026-08-07,07:27:00,2026-08-07 07:27:00
IND-USR-053,18.943842,72.838466,398.1,2026-08-07,07:40:00,2026-08-07 07:40:00
IND-USR-053,18.939313,72.834713,143.4,2026-08-07,07:52:00,2026-08-07 07:52:00
IND-USR-053,19.075096,72.8725,757.8,2026-08-07,08:01:00,2026-08-07 08:01:00
IND-USR-053,19.062013,72.8691,258.6,2026-08-07,08:09:00,2026-08-07 08:09:00
IND-USR-053,19.064359,72.868159,613.5,2026-08-07,08:21:00,2026-08-07 08:21:00
IND-USR-053,19.060782,72.867052,440.7,2026-08-07,08:25:00,2026-08-07 08:25:00
IND-USR-053,19.072946,72.871016,717.4,2026-08-07,08:42:00,2026-08-07 08:42:00
IND-USR-053,19.055735,72.873567,331.9,2026-08-07,08:52:00,2026-08-07 08:52:00
IND-USR-053,19.070059,72.867263,320.8,2026-08-07,09:08:00,2026-08-07 09:08:00
IND-USR-053,19.068569,72.865262,667.6,2026-08-07,09:24:00,2026-08-07 09:24:00
IND-USR-053,19.063819,72.874694,268.8,2026-08-07,09:44:00,2026-08-07 09:44:00
IND-USR-053,19.064613,72.861221,725.6,2026-08-07,09:47:00,2026-08-07 09:47:00
IND-USR-053,19.065447,72.868386,500.5,2026-08-07,09:53:00,2026-08-07 09:53:00
IND-USR-053,19.070493,72.868757,217.8,2026-08-07,09:55:00,2026-08-07 09:55:00
IND-USR-053,19.064014,72.87288,539.7,2026-08-07,10:08:00,2026-08-07 10:08:00
IND-USR-053,19.066183,72.8657,298.3,2026-08-07,10:19:00,2026-08-07 10:19:00
IND-USR-053,19.07032,72.869475,543.6,2026-08-07,10:26:00,2026-08-07 10:26:00
IND-USR-053,19.065712,72.869412,456.8,2026-08-07,10:37:00,2026-08-07 10:37:00
IND-USR-053,19.061417,72.866589,642.9,2026-08-07,10:53:00,2026-08-07 10:53:00
IND-USR-053,19.065714,72.867921,709.1,2026-08-07,10:59:00,2026-08-07 10:59:00
IND-USR-053,19.07079,72.86957,147.7,2026-08-07,11:05:00,2026-08-07 11:05:00
IND-USR-053,19.06912,72.868738,817.6,2026-08-07,11:16:00,2026-08-07 11:16:00
IND-USR-053,19.069925,72.87029,608.6,2026-08-07,11:26:00,2026-08-07 11:26:00
IND-USR-053,19.065754,72.868647,809.9,2026-08-07,11:28:00,2026-08-07 11:28:00
IND-USR-053,19.061882,72.870728,294.8,2026-08-07,11:48:00,2026-08-07 11:48:00
IND-USR-053,19.065539,72.866692,21.3,2026-08-07,12:08:00,2026-08-07 12:08:00
IND-USR-053,19.070126,72.863699,687.9,2026-08-07,12:21:00,2026-08-07 12:21:00
IND-USR-053,19.06401,72.872811,391.5,2026-08-07,12:39:00,2026-08-07 12:39:00
IND-USR-053,19.066962,72.868509,924.1,2026-08-07,12:46:00,2026-08-07 12:46:00
IND-USR-053,19.066704,72.869418,561.9,2026-08-07,12:52:00,2026-08-07 12:52:00
IND-USR-053,19.059633,72.867303,305.4,2026-08-07,13:10:00,2026-08-07 13:10:00
IND-USR-053,19.072166,72.866063,365.3,2026-08-07,13:23:00,2026-08-07 13:23:00
IND-USR-053,19.064427,72.866534,619.5,2026-08-07,13:40:00,2026-08-07 13:40:00
IND-USR-053,19.065352,72.866368,463.1,2026-08-07,13:58:00,2026-08-07 13:58:00
IND-USR-053,19.067647,72.869489,853.3,2026-08-07,14:15:00,2026-08-07 14:15:00
IND-USR-053,19.068794,72.864496,638.6,2026-08-07,14:17:00,2026-08-07 14:17:00
IND-USR-053,19.064339,72.867797,331.8,2026-08-07,14:21:00,2026-08-07 14:21:00
IND-USR-053,19.067523,72.865527,204.0,2026-08-07,14:32:00,2026-08-07 14:32:00
IND-USR-053,19.069363,72.873446,271.6,2026-08-07,14:38:00,2026-08-07 14:38:00
IND-USR-053,19.061745,72.866737,621.0,2026-08-07,14:43:00,2026-08-07 14:43:00
IND-USR-053,19.063572,72.87923,478.9,2026-08-07,14:56:00,2026-08-07 14:56:00
IND-USR-053,19.06398,72.875411,867.9,2026-08-07,15:16:00,2026-08-07 15:16:00
IND-USR-053,19.060633,72.864741,799.6,2026-08-07,15:18:00,2026-08-07 15:18:00
IND-USR-053,19.062954,72.865317,854.2,2026-08-07,15:36:00,2026-08-07 15:36:00
IND-USR-053,19.064628,72.865865,351.7,2026-08-07,15:44:00,2026-08-07 15:44:00
IND-USR-053,19.062423,72.873334,384.6,2026-08-07,15:47:00,2026-08-07 15:47:00
IND-USR-053,19.070595,72.872497,904.9,2026-08-07,15:52:00,2026-08-07 15:52:00
IND-USR-053,19.067796,72.869071,73.2,2026-08-07,16:10:00,2026-08-07 16:10:00
IND-USR-053,19.063712,72.864887,914.0,2026-08-07,16:29:00,2026-08-07 16:29:00
IND-USR-053,19.067152,72.864005,830.3,2026-08-07,16:48:00,2026-08-07 16:48:00
IND-USR-053,19.061724,72.873312,429.8,2026-08-07,16:51:00,2026-08-07 16:51:00
IND-USR-053,19.073303,72.870273,243.1,2026-08-07,17:09:00,2026-08-07 17:09:00
IND-USR-053,19.070126,72.867717,759.4,2026-08-07,17:19:00,2026-08-07 17:19:00
IND-USR-053,19.060349,72.871149,658.3,2026-08-07,17:26:00,2026-08-07 17:26:00
IND-USR-053,19.067977,72.868987,224.6,2026-08-07,17:35:00,2026-08-07 17:35:00
IND-USR-053,19.06473,72.872549,176.8,2026-08-07,17:51:00,2026-08-07 17:51:00
IND-USR-053,19.061757,72.865605,528.9,2026-08-07,18:01:00,2026-08-07 18:01:00
IND-USR-053,19.061668,72.86904,708.5,2026-08-07,18:05:00,2026-08-07 18:05:00
IND-USR-053,19.061348,72.865963,861.8,2026-08-07,18:09:00,2026-08-07 18:09:00
IND-USR-053,19.062877,72.867658,501.2,2026-08-07,18:15:00,2026-08-07 18:15:00
IND-USR-053,19.059751,72.869049,205.3,2026-08-07,18:18:00,2026-08-07 18:18:00
IND-USR-053,19.070689,72.869242,560.5,2026-08-07,18:27:00,2026-08-07 18:27:00
IND-USR-053,19.071865,72.874036,458.6,2026-08-07,18:47:00,2026-08-07 18:47:00
IND-USR-053,19.068811,72.868999,514.7,2026-08-07,18:52:00,2026-08-07 18:52:00
IND-USR-053,19.06579,72.871755,309.7,2026-08-07,18:55:00,2026-08-07 18:55:00
IND-USR-053,19.064133,72.86117,194.6,2026-08-07,18:59:00,2026-08-07 18:59:00
IND-USR-053,18.941968,72.830776,425.4,2026-08-07,19:04:00,2026-08-07 19:04:00
IND-USR-053,18.936151,72.835301,195.6,2026-08-07,19:21:00,2026-08-07 19:21:00
IND-USR-053,18.93962,72.829652,564.0,2026-08-07,19:40:00,2026-08-07 19:40:00
IND-USR-053,18.940662,72.839165,292.0,2026-08-07,19:57:00,2026-08-07 19:57:00
IND-USR-053,18.935487,72.84039,556.8,2026-08-07,19:59:00,2026-08-07 19:59:00
IND-USR-053,18.933759,72.843769,686.8,2026-08-07,20:04:00,2026-08-07 20:04:00
IND-USR-053,18.938355,72.835882,740.8,2026-08-07,20:20:00,2026-08-07 20:20:00
IND-USR-053,18.932432,72.835051,563.6,2026-08-07,20:28:00,2026-08-07 20:28:00
IND-USR-053,18.940914,72.834955,942.7,2026-08-07,20:44:00,2026-08-07 20:44:00
IND-USR-054,18.937748,72.831514,473.0,2026-08-05,06:10:00,2026-08-05 06:10:00
IND-USR-054,18.944522,72.835423,318.9,2026-08-05,06:17:00,2026-08-05 06:17:00
IND-USR-054,18.946163,72.833194,493.3,2026-08-05,06:34:00,2026-08-05 06:34:00
IND-USR-054,18.938261,72.838562,258.3,2026-08-05,06:45:00,2026-08-05 06:45:00
IND-USR-054,18.933508,72.830446,244.1,2026-08-05,07:04:00,2026-08-05 07:04:00
IND-USR-054,18.94439,72.830612,647.2,2026-08-05,07:14:00,2026-08-05 07:14:00
IND-USR-054,18.932724,72.842774,300.3,2026-08-05,07:32:00,2026-08-05 07:32:00
IND-USR-054,18.934425,72.836036,114.8,2026-08-05,07:48:00,2026-08-05 07:48:00
IND-USR-054,18.940276,72.824057,468.3,2026-08-05,07:55:00,2026-08-05 07:55:00
IND-USR-054,19.064631,72.870494,849.8,2026-08-05,08:07:00,2026-08-05 08:07:00
IND-USR-054,19.067117,72.872314,452.3,2026-08-05,08:25:00,2026-08-05 08:25:00
IND-USR-054,19.06415,72.87155,178.1,2026-08-05,08:32:00,2026-08-05 08:32:00
IND-USR-054,19.062943,72.863058,642.6,2026-08-05,08:47:00,2026-08-05 08:47:00
IND-USR-054,19.060509,72.862852,879.8,2026-08-05,08:52:00,2026-08-05 08:52:00
IND-USR-054,19.069738,72.862642,331.9,2026-08-05,09:08:00,2026-08-05 09:08:00
IND-USR-054,19.066796,72.867636,783.2,2026-08-05,09:27:00,2026-08-05 09:27:00
IND-USR-054,19.065289,72.874154,742.1,2026-08-05,09:35:00,2026-08-05 09:35:00
IND-USR-054,19.063946,72.871146,210.4,2026-08-05,09:44:00,2026-08-05 09:44:00
IND-USR-054,19.06585,72.868092,297.1,2026-08-05,10:02:00,2026-08-05 10:02:00
IND-USR-054,19.0749,72.862935,453.6,2026-08-05,10:20:00,2026-08-05 10:20:00
IND-USR-054,19.070857,72.871326,881.9,2026-08-05,10:31:00,2026-08-05 10:31:00
IND-USR-054,19.063782,72.875217,546.7,2026-08-05,10:39:00,2026-08-05 10:39:00
IND-USR-054,19.058308,72.866613,314.3,2026-08-05,10:45:00,2026-08-05 10:45:00
IND-USR-054,19.060866,72.870348,730.4,2026-08-05,10:53:00,2026-08-05 10:53:00
IND-USR-054,19.061248,72.870432,811.2,2026-08-05,11:00:00,2026-08-05 11:00:00
IND-USR-054,19.064954,72.866783,316.1,2026-08-05,11:07:00,2026-08-05 11:07:00
IND-USR-054,19.067255,72.867626,932.3,2026-08-05,11:25:00,2026-08-05 11:25:00
IND-USR-054,19.061345,72.879905,743.0,2026-08-05,11:40:00,2026-08-05 11:40:00
IND-USR-054,19.063751,72.85983,225.0,2026-08-05,11:50:00,2026-08-05 11:50:00
IND-USR-054,19.062332,72.863631,453.7,2026-08-05,12:00:00,2026-08-05 12:00:00
IND-USR-054,19.069005,72.869987,358.5,2026-08-05,12:11:00,2026-08-05 12:11:00
IND-USR-054,19.067295,72.86722,323.7,2026-08-05,12:22:00,2026-08-05 12:22:00
IND-USR-054,19.064583,72.867216,789.5,2026-08-05,12:35:00,2026-08-05 12:35:00
IND-USR-054,19.065375,72.872041,432.7,2026-08-05,12:47:00,2026-08-05 12:47:00
IND-USR-054,19.067044,72.8707,539.5,2026-08-05,13:02:00,2026-08-05 13:02:00
IND-USR-054,19.067698,72.872238,15.3,2026-08-05,13:17:00,2026-08-05 13:17:00
IND-USR-054,19.066853,72.870135,62.0,2026-08-05,13:31:00,2026-08-05 13:31:00
IND-USR-054,19.070455,72.86604,342.4,2026-08-05,13:46:00,2026-08-05 13:46:00
IND-USR-054,19.062277,72.863956,926.5,2026-08-05,13:52:00,2026-08-05 13:52:00
IND-USR-054,19.066432,72.861285,28.3,2026-08-05,14:02:00,2026-08-05 14:02:00
IND-USR-054,19.067549,72.868263,206.1,2026-08-05,14:10:00,2026-08-05 14:10:00
IND-USR-054,19.070239,72.866012,287.1,2026-08-05,14:20:00,2026-08-05 14:20:00
IND-USR-054,19.064887,72.873189,32.3,2026-08-05,14:33:00,2026-08-05 14:33:00
IND-USR-054,19.071233,72.865979,753.5,2026-08-05,14:48:00,2026-08-05 14:48:00
IND-USR-054,19.066427,72.869878,534.6,2026-08-05,15:00:00,2026-08-05 15:00:00
IND-USR-054,19.067195,72.86765,759.6,2026-08-05,15:08:00,2026-08-05 15:08:00
IND-USR-054,19.070826,72.861141,423.7,2026-08-05,15:26:00,2026-08-05 15:26:00
IND-USR-054,19.064015,72.870492,110.4,2026-08-05,15:36:00,2026-08-05 15:36:00
IND-USR-054,19.067529,72.874111,160.8,2026-08-05,15:45:00,2026-08-05 15:45:00
IND-USR-054,19.070493,72.867558,895.0,2026-08-05,16:02:00,2026-08-05 16:02:00
IND-USR-054,19.070899,72.865844,451.7,2026-08-05,16:22:00,2026-08-05 16:22:00
IND-USR-054,19.069424,72.875942,744.4,2026-08-05,16:25:00,2026-08-05 16:25:00
IND-USR-054,19.07056,72.869123,656.5,2026-08-05,16:39:00,2026-08-05 16:39:00
IND-USR-054,19.064373,72.862586,244.9,2026-08-05,16:56:00,2026-08-05 16:56:00
IND-USR-054,19.066942,72.864239,362.5,2026-08-05,17:16:00,2026-08-05 17:16:00
IND-USR-054,19.062527,72.863937,62.7,2026-08-05,17:21:00,2026-08-05 17:21:00
IND-USR-054,19.063858,72.868588,269.5,2026-08-05,17:33:00,2026-08-05 17:33:00
IND-USR-054,19.066794,72.866298,421.8,2026-08-05,17:46:00,2026-08-05 17:46:00
IND-USR-054,19.069977,72.867867,114.4,2026-08-05,17:57:00,2026-08-05 17:57:00
IND-USR-054,19.062549,72.869605,838.0,2026-08-05,18:03:00,2026-08-05 18:03:00
IND-USR-054,19.073554,72.870041,315.1,2026-08-05,18:07:00,2026-08-05 18:07:00
IND-USR-054,19.064249,72.86259,784.9,2026-08-05,18:22:00,2026-08-05 18:22:00
IND-USR-054,19.064822,72.86964,564.4,2026-08-05,18:28:00,2026-08-05 18:28:00
IND-USR-054,19.06415,72.862038,198.0,2026-08-05,18:48:00,2026-08-05 18:48:00
IND-USR-054,19.062298,72.874518,422.0,2026-08-05,18:52:00,2026-08-05 18:52:00
IND-USR-054,18.945736,72.831753,548.4,2026-08-05,19:04:00,2026-08-05 19:04:00
IND-USR-054,18.942691,72.830586,533.3,2026-08-05,19:14:00,2026-08-05 19:14:00
IND-USR-054,18.945617,72.836281,658.2,2026-08-05,19:25:00,2026-08-05 19:25:00
IND-USR-054,18.943799,72.82844,735.8,2026-08-05,19:31:00,2026-08-05 19:31:00
IND-USR-054,18.942711,72.835269,828.5,2026-08-05,19:35:00,2026-08-05 19:35:00
IND-USR-054,18.943408,72.838959,909.8,2026-08-05,19:47:00,2026-08-05 19:47:00
IND-USR-054,18.940263,72.832897,860.8,2026-08-05,20:00:00,2026-08-05 20:00:00
IND-USR-054,18.943119,72.835059,712.4,2026-08-05,20:16:00,2026-08-05 20:16:00
IND-USR-054,18.936509,72.831619,183.1,2026-08-05,20:24:00,2026-08-05 20:24:00
IND-USR-054,18.934091,72.833259,224.0,2026-08-05,20:40:00,2026-08-05 20:40:00
IND-USR-054,18.944411,72.836011,323.0,2026-08-05,20:53:00,2026-08-05 20:53:00
IND-USR-054,18.937881,72.838519,250.0,2026-08-05,21:03:00,2026-08-05 21:03:00
IND-USR-054,18.93667,72.835681,141.9,2026-08-05,21:05:00,2026-08-05 21:05:00
IND-USR-054,18.939281,72.838417,411.7,2026-08-05,21:20:00,2026-08-05 21:20:00
IND-USR-054,18.933691,72.831899,760.2,2026-08-05,21:37:00,2026-08-05 21:37:00
IND-USR-054,18.933447,72.834262,66.7,2026-08-05,21:55:00,2026-08-05 21:55:00
IND-USR-054,18.944846,72.833278,361.1,2026-08-05,22:13:00,2026-08-05 22:13:00
IND-USR-054,18.937957,72.838787,421.0,2026-08-05,22:33:00,2026-08-05 22:33:00
IND-USR-054,18.944274,72.834946,912.2,2026-08-05,22:36:00,2026-08-05 22:36:00
IND-USR-054,18.942739,72.830992,752.7,2026-08-05,22:48:00,2026-08-05 22:48:00
IND-USR-054,18.945512,72.843895,275.7,2026-08-05,23:05:00,2026-08-05 23:05:00
IND-USR-054,18.942085,72.826963,606.3,2026-08-05,23:17:00,2026-08-05 23:17:00
IND-USR-054,18.937767,72.837751,541.4,2026-08-05,23:21:00,2026-08-05 23:21:00
IND-USR-054,18.938314,72.840389,743.8,2026-08-05,23:40:00,2026-08-05 23:40:00
IND-USR-054,18.942353,72.832474,158.7,2026-08-05,23:59:00,2026-08-05 23:59:00
IND-USR-054,18.940129,72.831725,805.5,2026-08-06,00:17:00,2026-08-06 00:17:00
IND-USR-054,18.93927,72.833082,549.5,2026-08-06,00:21:00,2026-08-06 00:21:00
IND-USR-054,18.944699,72.843764,583.4,2026-08-06,00:37:00,2026-08-06 00:37:00
IND-USR-054,18.934275,72.827607,716.8,2026-08-06,00:45:00,2026-08-06 00:45:00
IND-USR-054,18.939019,72.829226,778.7,2026-08-06,01:00:00,2026-08-06 01:00:00
IND-USR-054,18.940185,72.838296,434.2,2026-08-06,01:16:00,2026-08-06 01:16:00
IND-USR-054,18.945977,72.836106,621.4,2026-08-06,01:22:00,2026-08-06 01:22:00
IND-USR-054,18.939227,72.827386,180.8,2026-08-06,01:26:00,2026-08-06 01:26:00
IND-USR-054,18.940105,72.835585,329.4,2026-08-06,01:46:00,2026-08-06 01:46:00
IND-USR-054,18.942556,72.832466,744.2,2026-08-06,02:04:00,2026-08-06 02:04:00
IND-USR-054,18.93826,72.829388,846.0,2026-08-06,02:19:00,2026-08-06 02:19:00
IND-USR-054,18.930835,72.830866,550.3,2026-08-06,02:33:00,2026-08-06 02:33:00
IND-USR-054,18.933719,72.836647,596.3,2026-08-06,02:35:00,2026-08-06 02:35:00
IND-USR-054,18.937927,72.833147,27.7,2026-08-06,02:49:00,2026-08-06 02:49:00
IND-USR-054,18.936062,72.82237,313.0,2026-08-06,02:58:00,2026-08-06 02:58:00
IND-USR-054,18.946033,72.831299,253.3,2026-08-06,03:04:00,2026-08-06 03:04:00
IND-USR-055,18.93835,72.82948,510.4,2026-08-04,06:12:00,2026-08-04 06:12:00
IND-USR-055,18.943888,72.835874,733.7,2026-08-04,06:20:00,2026-08-04 06:20:00
IND-USR-055,18.936695,72.833731,879.8,2026-08-04,06:40:00,2026-08-04 06:40:00
IND-USR-055,18.946713,72.835008,153.4,2026-08-04,07:00:00,2026-08-04 07:00:00
IND-USR-055,18.939273,72.831534,203.8,2026-08-04,07:06:00,2026-08-04 07:06:00
IND-USR-055,18.932422,72.83466,104.8,2026-08-04,07:13:00,2026-08-04 07:13:00
IND-USR-055,18.941302,72.839698,575.8,2026-08-04,07:32:00,2026-08-04 07:32:00
IND-USR-055,18.931006,72.8308,742.7,2026-08-04,07:35:00,2026-08-04 07:35:00
IND-USR-055,18.937677,72.835286,337.6,2026-08-04,07:54:00,2026-08-04 07:54:00
IND-USR-055,18.93942,72.834813,317.8,2026-08-04,07:58:00,2026-08-04 07:58:00
IND-USR-055,19.067332,72.865087,882.8,2026-08-04,08:10:00,2026-08-04 08:10:00
IND-USR-055,19.069437,72.870434,199.6,2026-08-04,08:18:00,2026-08-04 08:18:00
IND-USR-055,19.064421,72.875104,408.8,2026-08-04,08:25:00,2026-08-04 08:25:00
IND-USR-055,19.071926,72.872432,229.0,2026-08-04,08:35:00,2026-08-04 08:35:00
IND-USR-055,19.053626,72.875016,736.0,2026-08-04,08:43:00,2026-08-04 08:43:00
IND-USR-055,19.068879,72.876726,139.1,2026-08-04,08:45:00,2026-08-04 08:45:00
IND-USR-055,19.07065,72.875013,125.7,2026-08-04,09:01:00,2026-08-04 09:01:00
IND-USR-055,19.069215,72.874095,33.9,2026-08-04,09:15:00,2026-08-04 09:15:00
IND-USR-055,19.073676,72.869566,367.6,2026-08-04,09:23:00,2026-08-04 09:23:00
IND-USR-055,19.059411,72.86747,422.2,2026-08-04,09:39:00,2026-08-04 09:39:00
IND-USR-055,19.06726,72.869,203.3,2026-08-04,09:47:00,2026-08-04 09:47:00
IND-USR-055,19.060714,72.862176,564.8,2026-08-04,10:01:00,2026-08-04 10:01:00
IND-USR-055,19.062735,72.871931,97.3,2026-08-04,10:06:00,2026-08-04 10:06:00
IND-USR-055,19.072021,72.872366,486.3,2026-08-04,10:13:00,2026-08-04 10:13:00
IND-USR-055,19.06993,72.868377,691.0,2026-08-04,10:33:00,2026-08-04 10:33:00
IND-USR-055,19.058732,72.866879,163.1,2026-08-04,10:38:00,2026-08-04 10:38:00
IND-USR-055,19.064665,72.866712,123.1,2026-08-04,10:46:00,2026-08-04 10:46:00
IND-USR-055,19.065919,72.870466,706.2,2026-08-04,11:03:00,2026-08-04 11:03:00
IND-USR-055,19.069112,72.867588,714.7,2026-08-04,11:16:00,2026-08-04 11:16:00
IND-USR-055,19.058085,72.866768,400.2,2026-08-04,11:28:00,2026-08-04 11:28:00
IND-USR-055,19.065875,72.873591,936.0,2026-08-04,11:36:00,2026-08-04 11:36:00
IND-USR-055,19.063429,72.87075,348.3,2026-08-04,11:54:00,2026-08-04 11:54:00
IND-USR-055,19.06686,72.868876,488.2,2026-08-04,12:04:00,2026-08-04 12:04:00
IND-USR-055,19.069422,72.866057,25.2,2026-08-04,12:20:00,2026-08-04 12:20:00
IND-USR-055,19.063399,72.868652,765.2,2026-08-04,12:34:00,2026-08-04 12:34:00
IND-USR-055,19.063139,72.870732,913.9,2026-08-04,12:48:00,2026-08-04 12:48:00
IND-USR-055,19.062847,72.869605,343.4,2026-08-04,12:53:00,2026-08-04 12:53:00
IND-USR-055,19.065299,72.86956,796.3,2026-08-04,13:04:00,2026-08-04 13:04:00
IND-USR-055,19.063861,72.867344,899.2,2026-08-04,13:19:00,2026-08-04 13:19:00
IND-USR-055,19.066084,72.869508,225.6,2026-08-04,13:30:00,2026-08-04 13:30:00
IND-USR-055,19.065683,72.875521,621.4,2026-08-04,13:34:00,2026-08-04 13:34:00
IND-USR-055,19.061737,72.868443,833.4,2026-08-04,13:48:00,2026-08-04 13:48:00
IND-USR-055,19.059405,72.870188,904.2,2026-08-04,13:50:00,2026-08-04 13:50:00
IND-USR-055,19.061239,72.867587,695.9,2026-08-04,14:00:00,2026-08-04 14:00:00
IND-USR-055,19.064212,72.869824,52.6,2026-08-04,14:12:00,2026-08-04 14:12:00
IND-USR-055,19.063489,72.866319,176.7,2026-08-04,14:21:00,2026-08-04 14:21:00
IND-USR-055,19.071443,72.869838,130.3,2026-08-04,14:23:00,2026-08-04 14:23:00
IND-USR-055,19.063456,72.867697,141.8,2026-08-04,14:29:00,2026-08-04 14:29:00
IND-USR-055,19.072281,72.867759,726.6,2026-08-04,14:46:00,2026-08-04 14:46:00
IND-USR-055,19.062943,72.86596,570.4,2026-08-04,14:49:00,2026-08-04 14:49:00
IND-USR-055,19.063503,72.866322,824.4,2026-08-04,14:57:00,2026-08-04 14:57:00
IND-USR-055,19.060581,72.864203,359.4,2026-08-04,15:08:00,2026-08-04 15:08:00
IND-USR-055,19.062383,72.871066,783.9,2026-08-04,15:23:00,2026-08-04 15:23:00
IND-USR-055,19.064175,72.867871,172.1,2026-08-04,15:38:00,2026-08-04 15:38:00
IND-USR-055,19.07078,72.87388,917.4,2026-08-04,15:56:00,2026-08-04 15:56:00
IND-USR-055,19.064572,72.866177,353.2,2026-08-04,16:03:00,2026-08-04 16:03:00
IND-USR-055,19.062242,72.871471,749.4,2026-08-04,16:08:00,2026-08-04 16:08:00
IND-USR-055,19.064881,72.867154,477.7,2026-08-04,16:10:00,2026-08-04 16:10:00
IND-USR-055,19.062445,72.865621,389.4,2026-08-04,16:21:00,2026-08-04 16:21:00
IND-USR-055,19.06698,72.863438,864.4,2026-08-04,16:34:00,2026-08-04 16:34:00
IND-USR-055,19.069679,72.866565,594.6,2026-08-04,16:44:00,2026-08-04 16:44:00
IND-USR-055,19.065101,72.863352,746.3,2026-08-04,16:46:00,2026-08-04 16:46:00
IND-USR-055,19.065651,72.867387,36.8,2026-08-04,16:58:00,2026-08-04 16:58:00
IND-USR-055,19.0655,72.874587,42.2,2026-08-04,17:15:00,2026-08-04 17:15:00
IND-USR-055,19.066411,72.865521,868.8,2026-08-04,17:21:00,2026-08-04 17:21:00
IND-USR-055,19.062855,72.871081,517.1,2026-08-04,17:24:00,2026-08-04 17:24:00
IND-USR-055,19.070895,72.869828,169.6,2026-08-04,17:42:00,2026-08-04 17:42:00
IND-USR-055,19.068455,72.871139,24.0,2026-08-04,17:47:00,2026-08-04 17:47:00
IND-USR-055,19.071376,72.860902,96.6,2026-08-04,17:56:00,2026-08-04 17:56:00
IND-USR-055,19.068369,72.872635,115.7,2026-08-04,18:00:00,2026-08-04 18:00:00
IND-USR-055,19.060345,72.865157,446.6,2026-08-04,18:17:00,2026-08-04 18:17:00
IND-USR-055,19.062297,72.865785,814.8,2026-08-04,18:32:00,2026-08-04 18:32:00
IND-USR-055,19.063773,72.86967,424.0,2026-08-04,18:51:00,2026-08-04 18:51:00
IND-USR-055,19.069163,72.873025,302.7,2026-08-04,18:53:00,2026-08-04 18:53:00
IND-USR-055,18.936649,72.831921,855.6,2026-08-04,19:10:00,2026-08-04 19:10:00
IND-USR-055,18.945263,72.837887,130.5,2026-08-04,19:20:00,2026-08-04 19:20:00
IND-USR-055,18.940331,72.837193,353.6,2026-08-04,19:39:00,2026-08-04 19:39:00
IND-USR-055,18.939881,72.837398,459.1,2026-08-04,19:44:00,2026-08-04 19:44:00
IND-USR-055,18.938656,72.836375,194.5,2026-08-04,20:04:00,2026-08-04 20:04:00
IND-USR-055,18.933958,72.832549,493.8,2026-08-04,20:13:00,2026-08-04 20:13:00
IND-USR-055,18.937292,72.833802,222.0,2026-08-04,20:19:00,2026-08-04 20:19:00
IND-USR-055,18.936294,72.833166,708.6,2026-08-04,20:23:00,2026-08-04 20:23:00
IND-USR-055,18.933942,72.837495,275.4,2026-08-04,20:37:00,2026-08-04 20:37:00
IND-USR-055,18.93967,72.828479,244.8,2026-08-04,20:42:00,2026-08-04 20:42:00
IND-USR-055,18.936661,72.836646,183.5,2026-08-04,20:52:00,2026-08-04 20:52:00
IND-USR-055,18.937828,72.832512,318.9,2026-08-04,21:03:00,2026-08-04 21:03:00
IND-USR-055,18.939702,72.836674,638.3,2026-08-04,21:19:00,2026-08-04 21:19:00
IND-USR-055,18.934255,72.837501,495.9,2026-08-04,21:37:00,2026-08-04 21:37:00
IND-USR-055,18.936799,72.835228,724.3,2026-08-04,21:47:00,2026-08-04 21:47:00
IND-USR-055,18.939858,72.833192,318.3,2026-08-04,21:53:00,2026-08-04 21:53:00
IND-USR-055,18.935905,72.834157,631.5,2026-08-04,22:06:00,2026-08-04 22:06:00
IND-USR-055,18.946501,72.829853,702.2,2026-08-04,22:26:00,2026-08-04 22:26:00
IND-USR-055,18.946769,72.834261,713.1,2026-08-04,22:29:00,2026-08-04 22:29:00
IND-USR-055,18.940141,72.830953,604.0,2026-08-04,22:43:00,2026-08-04 22:43:00
IND-USR-055,18.936915,72.833288,930.8,2026-08-04,22:51:00,2026-08-04 22:51:00
IND-USR-055,18.935817,72.834464,144.4,2026-08-04,22:53:00,2026-08-04 22:53:00
IND-USR-055,18.938372,72.842703,795.3,2026-08-04,22:56:00,2026-08-04 22:56:00
IND-USR-055,18.935336,72.835711,162.2,2026-08-04,23:05:00,2026-08-04 23:05:00
IND-USR-055,18.940991,72.831019,21.0,2026-08-04,23:17:00,2026-08-04 23:17:00
IND-USR-055,18.942747,72.833707,464.8,2026-08-04,23:34:00,2026-08-04 23:34:00
IND-USR-055,18.93003,72.837939,186.5,2026-08-04,23:47:00,2026-08-04 23:47:00
IND-USR-055,18.935532,72.831109,391.3,2026-08-05,00:07:00,2026-08-05 00:07:00
IND-USR-055,18.942752,72.833911,436.0,2026-08-05,00:15:00,2026-08-05 00:15:00
IND-USR-055,18.943671,72.840141,523.1,2026-08-05,00:25:00,2026-08-05 00:25:00
IND-USR-055,18.93742,72.838473,710.3,2026-08-05,00:30:00,2026-08-05 00:30:00
IND-USR-055,18.936978,72.844232,878.5,2026-08-05,00:48:00,2026-08-05 00:48:00
IND-USR-055,18.937228,72.839404,946.9,2026-08-05,01:00:00,2026-08-05 01:00:00
IND-USR-055,18.943375,72.836564,250.0,2026-08-05,01:07:00,2026-08-05 01:07:00
IND-USR-055,18.937318,72.834694,735.7,2026-08-05,01:24:00,2026-08-05 01:24:00
IND-USR-055,18.931386,72.836198,633.5,2026-08-05,01:40:00,2026-08-05 01:40:00
IND-USR-055,18.941398,72.835834,727.5,2026-08-05,01:52:00,2026-08-05 01:52:00
IND-USR-055,18.928107,72.830237,69.3,2026-08-05,02:02:00,2026-08-05 02:02:00
IND-USR-055,18.937008,72.836467,410.9,2026-08-05,02:15:00,2026-08-05 02:15:00
IND-USR-055,18.941157,72.834619,916.9,2026-08-05,02:17:00,2026-08-05 02:17:00
IND-USR-055,18.942541,72.831195,98.9,2026-08-05,02:23:00,2026-08-05 02:23:00
IND-USR-055,18.942441,72.837199,790.3,2026-08-05,02:39:00,2026-08-05 02:39:00
IND-USR-055,18.94151,72.834572,527.4,2026-08-05,02:44:00,2026-08-05 02:44:00
IND-USR-056,18.947323,72.837273,298.6,2026-08-05,06:13:00,2026-08-05 06:13:00
IND-USR-056,18.936127,72.836293,530.1,2026-08-05,06:28:00,2026-08-05 06:28:00
IND-USR-056,18.94301,72.832948,918.3,2026-08-05,06:32:00,2026-08-05 06:32:00
IND-USR-056,18.944357,72.836828,181.7,2026-08-05,06:50:00,2026-08-05 06:50:00
IND-USR-056,18.93063,72.836499,193.2,2026-08-05,07:08:00,2026-08-05 07:08:00
IND-USR-056,18.938376,72.837449,739.4,2026-08-05,07:17:00,2026-08-05 07:17:00
IND-USR-056,18.943777,72.836081,699.4,2026-08-05,07:25:00,2026-08-05 07:25:00
IND-USR-056,18.946661,72.834585,504.0,2026-08-05,07:38:00,2026-08-05 07:38:00
IND-USR-056,18.942499,72.83852,539.1,2026-08-05,07:44:00,2026-08-05 07:44:00
IND-USR-056,19.065311,72.871815,503.5,2026-08-05,08:02:00,2026-08-05 08:02:00
IND-USR-056,19.063321,72.86701,350.9,2026-08-05,08:21:00,2026-08-05 08:21:00
IND-USR-056,19.06045,72.869666,662.1,2026-08-05,08:30:00,2026-08-05 08:30:00
IND-USR-056,19.067001,72.873417,166.7,2026-08-05,08:48:00,2026-08-05 08:48:00
IND-USR-056,19.068865,72.867561,104.1,2026-08-05,08:55:00,2026-08-05 08:55:00
IND-USR-056,19.060987,72.870431,606.8,2026-08-05,09:02:00,2026-08-05 09:02:00
IND-USR-056,19.070143,72.871721,802.6,2026-08-05,09:11:00,2026-08-05 09:11:00
IND-USR-056,19.070038,72.867852,518.4,2026-08-05,09:17:00,2026-08-05 09:17:00
IND-USR-056,19.063834,72.865752,816.8,2026-08-05,09:32:00,2026-08-05 09:32:00
IND-USR-056,19.065476,72.868386,56.0,2026-08-05,09:42:00,2026-08-05 09:42:00
IND-USR-056,19.066527,72.868183,288.7,2026-08-05,09:56:00,2026-08-05 09:56:00
IND-USR-056,19.065165,72.865593,923.7,2026-08-05,10:14:00,2026-08-05 10:14:00
IND-USR-056,19.069466,72.869006,449.9,2026-08-05,10:31:00,2026-08-05 10:31:00
IND-USR-056,19.065002,72.86571,688.3,2026-08-05,10:37:00,2026-08-05 10:37:00
IND-USR-056,19.060372,72.873932,10.3,2026-08-05,10:48:00,2026-08-05 10:48:00
IND-USR-056,19.067919,72.862204,675.8,2026-08-05,10:58:00,2026-08-05 10:58:00
IND-USR-056,19.068753,72.87239,206.2,2026-08-05,11:09:00,2026-08-05 11:09:00
IND-USR-056,19.066198,72.875092,65.7,2026-08-05,11:13:00,2026-08-05 11:13:00
IND-USR-056,19.066567,72.863033,141.9,2026-08-05,11:28:00,2026-08-05 11:28:00
IND-USR-056,19.067161,72.86968,783.1,2026-08-05,11:45:00,2026-08-05 11:45:00
IND-USR-056,19.063287,72.870994,377.8,2026-08-05,11:54:00,2026-08-05 11:54:00
IND-USR-056,19.059029,72.872662,617.3,2026-08-05,12:01:00,2026-08-05 12:01:00
IND-USR-056,19.062188,72.86476,565.9,2026-08-05,12:15:00,2026-08-05 12:15:00
IND-USR-056,19.065245,72.870432,794.3,2026-08-05,12:24:00,2026-08-05 12:24:00
IND-USR-056,19.066356,72.865729,222.7,2026-08-05,12:28:00,2026-08-05 12:28:00
IND-USR-056,19.063676,72.864168,142.0,2026-08-05,12:38:00,2026-08-05 12:38:00
IND-USR-056,19.064801,72.873,126.1,2026-08-05,12:52:00,2026-08-05 12:52:00
IND-USR-056,19.065683,72.872138,897.7,2026-08-05,13:12:00,2026-08-05 13:12:00
IND-USR-056,19.071522,72.866348,203.5,2026-08-05,13:18:00,2026-08-05 13:18:00
IND-USR-056,19.064954,72.877385,641.9,2026-08-05,13:24:00,2026-08-05 13:24:00
IND-USR-056,19.071477,72.86201,20.1,2026-08-05,13:36:00,2026-08-05 13:36:00
IND-USR-056,19.067249,72.868702,499.4,2026-08-05,13:41:00,2026-08-05 13:41:00
IND-USR-056,19.069006,72.86572,106.5,2026-08-05,13:59:00,2026-08-05 13:59:00
IND-USR-056,19.062342,72.865996,228.3,2026-08-05,14:16:00,2026-08-05 14:16:00
IND-USR-056,19.063412,72.871961,290.9,2026-08-05,14:32:00,2026-08-05 14:32:00
IND-USR-056,19.060975,72.86621,518.8,2026-08-05,14:37:00,2026-08-05 14:37:00
IND-USR-056,19.058544,72.872728,154.5,2026-08-05,14:53:00,2026-08-05 14:53:00
IND-USR-056,19.070784,72.867392,832.7,2026-08-05,15:05:00,2026-08-05 15:05:00
IND-USR-056,19.064508,72.870513,368.6,2026-08-05,15:08:00,2026-08-05 15:08:00
IND-USR-056,19.071598,72.870334,116.1,2026-08-05,15:18:00,2026-08-05 15:18:00
IND-USR-056,19.06291,72.862225,410.4,2026-08-05,15:34:00,2026-08-05 15:34:00
IND-USR-056,19.061239,72.868993,833.7,2026-08-05,15:41:00,2026-08-05 15:41:00
IND-USR-056,19.063079,72.86948,723.0,2026-08-05,15:58:00,2026-08-05 15:58:00
IND-USR-056,19.063488,72.864467,501.5,2026-08-05,16:07:00,2026-08-05 16:07:00
IND-USR-056,19.060992,72.874949,947.7,2026-08-05,16:11:00,2026-08-05 16:11:00
IND-USR-056,19.069256,72.875622,236.8,2026-08-05,16:24:00,2026-08-05 16:24:00
IND-USR-056,19.06786,72.86698,796.5,2026-08-05,16:41:00,2026-08-05 16:41:00
IND-USR-056,19.070993,72.868568,406.4,2026-08-05,16:56:00,2026-08-05 16:56:00
IND-USR-056,19.066583,72.868529,823.3,2026-08-05,17:01:00,2026-08-05 17:01:00
IND-USR-056,19.053912,72.875119,801.8,2026-08-05,17:11:00,2026-08-05 17:11:00
IND-USR-056,19.067664,72.870019,860.4,2026-08-05,17:21:00,2026-08-05 17:21:00
IND-USR-056,19.065453,72.869354,319.1,2026-08-05,17:39:00,2026-08-05 17:39:00
IND-USR-056,19.063311,72.871166,934.1,2026-08-05,17:49:00,2026-08-05 17:49:00
IND-USR-056,19.060472,72.869444,22.2,2026-08-05,17:53:00,2026-08-05 17:53:00
IND-USR-056,19.067946,72.867905,238.2,2026-08-05,18:10:00,2026-08-05 18:10:00
IND-USR-056,19.067183,72.864735,218.1,2026-08-05,18:27:00,2026-08-05 18:27:00
IND-USR-056,19.061837,72.869647,635.7,2026-08-05,18:42:00,2026-08-05 18:42:00
IND-USR-056,19.068414,72.861201,947.5,2026-08-05,18:47:00,2026-08-05 18:47:00
IND-USR-056,18.942088,72.833127,537.0,2026-08-05,19:04:00,2026-08-05 19:04:00
IND-USR-056,18.939229,72.829942,363.3,2026-08-05,19:24:00,2026-08-05 19:24:00
IND-USR-056,18.936594,72.839165,828.2,2026-08-05,19:42:00,2026-08-05 19:42:00
IND-USR-056,18.940131,72.833769,49.6,2026-08-05,19:56:00,2026-08-05 19:56:00
IND-USR-056,18.939534,72.837257,564.9,2026-08-05,20:01:00,2026-08-05 20:01:00
IND-USR-056,18.941762,72.835,551.1,2026-08-05,20:06:00,2026-08-05 20:06:00
IND-USR-056,18.944372,72.839182,918.7,2026-08-05,20:11:00,2026-08-05 20:11:00
IND-USR-056,18.941653,72.835518,349.1,2026-08-05,20:20:00,2026-08-05 20:20:00
IND-USR-056,18.942629,72.836557,776.4,2026-08-05,20:35:00,2026-08-05 20:35:00
IND-USR-056,18.944243,72.838898,336.5,2026-08-05,20:38:00,2026-08-05 20:38:00
IND-USR-056,18.935927,72.830956,811.1,2026-08-05,20:54:00,2026-08-05 20:54:00
IND-USR-056,18.937195,72.839205,821.6,2026-08-05,21:14:00,2026-08-05 21:14:00
IND-USR-056,18.933695,72.836879,893.8,2026-08-05,21:17:00,2026-08-05 21:17:00
IND-USR-056,18.94145,72.839951,638.9,2026-08-05,21:32:00,2026-08-05 21:32:00
IND-USR-056,18.940721,72.829927,213.1,2026-08-05,21:34:00,2026-08-05 21:34:00
IND-USR-056,18.936163,72.830572,32.7,2026-08-05,21:41:00,2026-08-05 21:41:00
IND-USR-056,18.937848,72.834568,102.9,2026-08-05,21:53:00,2026-08-05 21:53:00
IND-USR-056,18.935338,72.841183,763.8,2026-08-05,22:08:00,2026-08-05 22:08:00
IND-USR-056,18.934699,72.840684,808.5,2026-08-05,22:24:00,2026-08-05 22:24:00
IND-USR-056,18.944741,72.838893,347.1,2026-08-05,22:34:00,2026-08-05 22:34:00
IND-USR-056,18.937225,72.83667,341.2,2026-08-05,22:47:00,2026-08-05 22:47:00
IND-USR-057,24.811891,93.940444,746.7,2026-08-04,06:16:00,2026-08-04 06:16:00
IND-USR-057,24.816704,93.935163,440.7,2026-08-04,06:28:00,2026-08-04 06:28:00
IND-USR-057,24.812105,93.92689,732.5,2026-08-04,06:38:00,2026-08-04 06:38:00
IND-USR-057,24.812846,93.941251,206.8,2026-08-04,06:45:00,2026-08-04 06:45:00
IND-USR-057,24.815389,93.936123,619.4,2026-08-04,07:04:00,2026-08-04 07:04:00
IND-USR-057,24.819622,93.944023,718.1,2026-08-04,07:18:00,2026-08-04 07:18:00
IND-USR-057,24.8223,93.932911,804.0,2026-08-04,07:25:00,2026-08-04 07:25:00
IND-USR-057,24.80923,93.946238,323.7,2026-08-04,07:29:00,2026-08-04 07:29:00
IND-USR-057,24.826076,93.937554,705.5,2026-08-04,07:48:00,2026-08-04 07:48:00
IND-USR-057,24.811918,93.940653,307.5,2026-08-04,07:57:00,2026-08-04 07:57:00
IND-USR-057,24.816568,93.936348,105.2,2026-08-04,08:08:00,2026-08-04 08:08:00
IND-USR-057,24.820578,93.938137,611.1,2026-08-04,08:12:00,2026-08-04 08:12:00
IND-USR-057,24.812257,93.935501,594.5,2026-08-04,08:24:00,2026-08-04 08:24:00
IND-USR-057,24.819645,93.938841,721.2,2026-08-04,08:31:00,2026-08-04 08:31:00
IND-USR-057,24.818048,93.940534,258.8,2026-08-04,08:39:00,2026-08-04 08:39:00
IND-USR-057,24.815553,93.937515,339.6,2026-08-04,08:56:00,2026-08-04 08:56:00
IND-USR-057,24.803498,93.935001,852.0,2026-08-04,09:12:00,2026-08-04 09:12:00
IND-USR-057,24.820056,93.935238,911.7,2026-08-04,09:19:00,2026-08-04 09:19:00
IND-USR-057,24.815135,93.932634,25.0,2026-08-04,09:31:00,2026-08-04 09:31:00
IND-USR-057,24.821013,93.938994,556.9,2026-08-04,09:39:00,2026-08-04 09:39:00
IND-USR-057,24.820302,93.929895,668.2,2026-08-04,09:57:00,2026-08-04 09:57:00
IND-USR-057,24.816358,93.93568,288.4,2026-08-04,10:16:00,2026-08-04 10:16:00
IND-USR-057,24.815878,93.934336,516.0,2026-08-04,10:35:00,2026-08-04 10:35:00
IND-USR-057,24.815616,93.940199,591.4,2026-08-04,10:49:00,2026-08-04 10:49:00
IND-USR-057,24.809349,93.943909,196.7,2026-08-04,10:53:00,2026-08-04 10:53:00
IND-USR-057,24.818935,93.936631,679.0,2026-08-04,10:57:00,2026-08-04 10:57:00
IND-USR-057,24.820627,93.930993,811.1,2026-08-04,11:11:00,2026-08-04 11:11:00
IND-USR-057,24.814341,93.936316,682.9,2026-08-04,11:17:00,2026-08-04 11:17:00
IND-USR-057,24.822462,93.936614,342.6,2026-08-04,11:36:00,2026-08-04 11:36:00
IND-USR-057,24.8188,93.934442,876.0,2026-08-04,11:42:00,2026-08-04 11:42:00
IND-USR-057,24.818947,93.943509,804.3,2026-08-04,11:47:00,2026-08-04 11:47:00
IND-USR-057,24.820982,93.936474,586.6,2026-08-04,11:58:00,2026-08-04 11:58:00
IND-USR-057,24.819702,93.93911,314.4,2026-08-04,12:02:00,2026-08-04 12:02:00
IND-USR-057,24.819026,93.941248,426.0,2026-08-04,12:11:00,2026-08-04 12:11:00
IND-USR-057,24.821418,93.936291,241.1,2026-08-04,12:14:00,2026-08-04 12:14:00
IND-USR-057,24.819568,93.935268,637.5,2026-08-04,12:20:00,2026-08-04 12:20:00
IND-USR-057,24.813308,93.935722,34.8,2026-08-04,12:30:00,2026-08-04 12:30:00
IND-USR-057,24.816695,93.930154,793.3,2026-08-04,12:39:00,2026-08-04 12:39:00
IND-USR-057,24.820441,93.925731,240.6,2026-08-04,12:48:00,2026-08-04 12:48:00
IND-USR-057,24.827859,93.942808,423.9,2026-08-04,12:57:00,2026-08-04 12:57:00
IND-USR-057,24.815956,93.936838,146.7,2026-08-04,13:05:00,2026-08-04 13:05:00
IND-USR-057,24.818212,93.934443,239.1,2026-08-04,13:16:00,2026-08-04 13:16:00
IND-USR-057,24.81777,93.936224,816.1,2026-08-04,13:18:00,2026-08-04 13:18:00
IND-USR-057,24.816623,93.937526,797.7,2026-08-04,13:35:00,2026-08-04 13:35:00
IND-USR-057,24.811746,93.936958,532.9,2026-08-04,13:50:00,2026-08-04 13:50:00
IND-USR-057,24.817654,93.937315,190.7,2026-08-04,14:10:00,2026-08-04 14:10:00
IND-USR-057,24.816137,93.941351,807.0,2026-08-04,14:17:00,2026-08-04 14:17:00
IND-USR-057,24.815585,93.937709,385.6,2026-08-04,14:37:00,2026-08-04 14:37:00
IND-USR-057,24.822189,93.936482,845.3,2026-08-04,14:57:00,2026-08-04 14:57:00
IND-USR-057,24.817858,93.936414,712.0,2026-08-04,15:11:00,2026-08-04 15:11:00
IND-USR-057,24.821949,93.935769,765.2,2026-08-04,15:24:00,2026-08-04 15:24:00
IND-USR-057,24.822133,93.936386,415.4,2026-08-04,15:34:00,2026-08-04 15:34:00
IND-USR-057,24.813562,93.939517,856.0,2026-08-04,15:47:00,2026-08-04 15:47:00
IND-USR-057,24.815781,93.939282,310.9,2026-08-04,15:56:00,2026-08-04 15:56:00
IND-USR-057,24.806082,93.936821,82.4,2026-08-04,16:09:00,2026-08-04 16:09:00
IND-USR-057,24.815162,93.932547,312.4,2026-08-04,16:15:00,2026-08-04 16:15:00
IND-USR-057,24.814787,93.934505,757.8,2026-08-04,16:24:00,2026-08-04 16:24:00
IND-USR-057,24.816808,93.931331,131.0,2026-08-04,16:44:00,2026-08-04 16:44:00
IND-USR-057,24.818265,93.942265,675.9,2026-08-04,17:02:00,2026-08-04 17:02:00
IND-USR-057,24.818124,93.940036,304.7,2026-08-04,17:21:00,2026-08-04 17:21:00
IND-USR-057,24.821378,93.941746,686.9,2026-08-04,17:30:00,2026-08-04 17:30:00
IND-USR-057,24.824481,93.934803,781.8,2026-08-04,17:49:00,2026-08-04 17:49:00
IND-USR-057,24.814126,93.939934,447.4,2026-08-04,17:58:00,2026-08-04 17:58:00
IND-USR-057,24.819833,93.939903,796.4,2026-08-04,18:18:00,2026-08-04 18:18:00
IND-USR-057,24.824557,93.936845,591.7,2026-08-04,18:34:00,2026-08-04 18:34:00
IND-USR-057,24.818705,93.932878,565.6,2026-08-04,18:51:00,2026-08-04 18:51:00
IND-USR-057,24.825541,93.935454,906.0,2026-08-04,18:55:00,2026-08-04 18:55:00
IND-USR-057,24.815767,93.935413,30.8,2026-08-04,19:02:00,2026-08-04 19:02:00
IND-USR-057,24.81442,93.933882,535.5,2026-08-04,19:18:00,2026-08-04 19:18:00
IND-USR-057,24.814905,93.931337,852.1,2026-08-04,19:21:00,2026-08-04 19:21:00
IND-USR-057,24.813859,93.944596,825.5,2026-08-04,19:38:00,2026-08-04 19:38:00
IND-USR-057,24.819943,93.940504,70.0,2026-08-04,19:44:00,2026-08-04 19:44:00
IND-USR-057,24.821709,93.944137,71.5,2026-08-04,19:57:00,2026-08-04 19:57:00
IND-USR-057,24.809914,93.93188,545.6,2026-08-04,20:07:00,2026-08-04 20:07:00
IND-USR-057,24.813785,93.934921,680.8,2026-08-04,20:09:00,2026-08-04 20:09:00
IND-USR-057,24.815798,93.935012,415.0,2026-08-04,20:26:00,2026-08-04 20:26:00
IND-USR-057,24.817877,93.936941,937.0,2026-08-04,20:32:00,2026-08-04 20:32:00
IND-USR-057,24.814109,93.928098,632.1,2026-08-04,20:40:00,2026-08-04 20:40:00
IND-USR-057,24.813029,93.934603,516.1,2026-08-04,20:51:00,2026-08-04 20:51:00
IND-USR-057,24.816012,93.932281,320.7,2026-08-04,21:02:00,2026-08-04 21:02:00
IND-USR-057,24.815037,93.932276,760.5,2026-08-04,21:22:00,2026-08-04 21:22:00
IND-USR-057,24.816497,93.932508,899.5,2026-08-04,21:40:00,2026-08-04 21:40:00
IND-USR-057,24.813604,93.931565,730.3,2026-08-04,21:46:00,2026-08-04 21:46:00
IND-USR-057,24.816386,93.933334,305.6,2026-08-04,22:06:00,2026-08-04 22:06:00
IND-USR-057,24.820627,93.938423,922.6,2026-08-04,22:08:00,2026-08-04 22:08:00
IND-USR-057,24.816721,93.93361,679.4,2026-08-04,22:11:00,2026-08-04 22:11:00
IND-USR-057,24.818522,93.939563,562.2,2026-08-04,22:24:00,2026-08-04 22:24:00
IND-USR-057,24.817571,93.943215,587.0,2026-08-04,22:28:00,2026-08-04 22:28:00
IND-USR-057,24.818839,93.940454,398.9,2026-08-04,22:46:00,2026-08-04 22:46:00
IND-USR-057,24.817534,93.939503,698.6,2026-08-04,22:53:00,2026-08-04 22:53:00
IND-USR-057,24.813813,93.934966,931.0,2026-08-04,23:02:00,2026-08-04 23:02:00
IND-USR-057,24.818397,93.938168,795.6,2026-08-04,23:09:00,2026-08-04 23:09:00
IND-USR-057,24.81903,93.941202,620.4,2026-08-04,23:11:00,2026-08-04 23:11:00
IND-USR-057,24.8113,93.932902,694.9,2026-08-04,23:28:00,2026-08-04 23:28:00
IND-USR-057,24.817918,93.933903,93.8,2026-08-04,23:40:00,2026-08-04 23:40:00
IND-USR-057,24.830511,93.938863,549.6,2026-08-04,23:54:00,2026-08-04 23:54:00
IND-USR-057,24.816687,93.934738,766.6,2026-08-05,00:08:00,2026-08-05 00:08:00
IND-USR-058,24.815079,93.936921,806.4,2026-08-07,06:06:00,2026-08-07 06:06:00
IND-USR-058,24.817448,93.934973,100.1,2026-08-07,06:13:00,2026-08-07 06:13:00
IND-USR-058,24.815907,93.942177,176.8,2026-08-07,06:26:00,2026-08-07 06:26:00
IND-USR-058,24.822538,93.937808,836.3,2026-08-07,06:41:00,2026-08-07 06:41:00
IND-USR-058,24.811635,93.938954,95.3,2026-08-07,06:58:00,2026-08-07 06:58:00
IND-USR-058,24.823217,93.942279,387.3,2026-08-07,07:08:00,2026-08-07 07:08:00
IND-USR-058,24.819938,93.94249,340.1,2026-08-07,07:17:00,2026-08-07 07:17:00
IND-USR-058,24.817214,93.939312,329.3,2026-08-07,07:21:00,2026-08-07 07:21:00
IND-USR-058,24.814277,93.937969,502.4,2026-08-07,07:26:00,2026-08-07 07:26:00
IND-USR-058,24.822318,93.934442,836.5,2026-08-07,07:28:00,2026-08-07 07:28:00
IND-USR-058,24.813554,93.93719,933.1,2026-08-07,07:31:00,2026-08-07 07:31:00
IND-USR-058,24.816093,93.939397,651.7,2026-08-07,07:34:00,2026-08-07 07:34:00
IND-USR-058,24.815187,93.943674,168.4,2026-08-07,07:39:00,2026-08-07 07:39:00
IND-USR-058,24.811841,93.941815,21.8,2026-08-07,07:57:00,2026-08-07 07:57:00
IND-USR-058,24.813941,93.929616,371.7,2026-08-07,08:09:00,2026-08-07 08:09:00
IND-USR-058,24.817952,93.935782,762.0,2026-08-07,08:11:00,2026-08-07 08:11:00
IND-USR-058,24.812562,93.930074,539.6,2026-08-07,08:31:00,2026-08-07 08:31:00
IND-USR-058,24.816967,93.940703,908.4,2026-08-07,08:35:00,2026-08-07 08:35:00
IND-USR-058,24.81934,93.937027,608.3,2026-08-07,08:43:00,2026-08-07 08:43:00
IND-USR-058,24.818915,93.936691,180.9,2026-08-07,09:00:00,2026-08-07 09:00:00
IND-USR-058,24.811281,93.931116,927.2,2026-08-07,09:08:00,2026-08-07 09:08:00
IND-USR-058,24.816187,93.936157,829.8,2026-08-07,09:13:00,2026-08-07 09:13:00
IND-USR-058,24.820404,93.939829,573.7,2026-08-07,09:19:00,2026-08-07 09:19:00
IND-USR-058,24.819421,93.935679,176.3,2026-08-07,09:39:00,2026-08-07 09:39:00
IND-USR-058,24.811477,93.938448,674.0,2026-08-07,09:55:00,2026-08-07 09:55:00
IND-USR-058,24.819101,93.927246,486.9,2026-08-07,10:02:00,2026-08-07 10:02:00
IND-USR-058,24.813663,93.934036,38.5,2026-08-07,10:18:00,2026-08-07 10:18:00
IND-USR-058,24.817473,93.933587,889.2,2026-08-07,10:21:00,2026-08-07 10:21:00
IND-USR-058,24.816847,93.935958,768.8,2026-08-07,10:26:00,2026-08-07 10:26:00
IND-USR-058,24.816363,93.933934,888.9,2026-08-07,10:37:00,2026-08-07 10:37:00
IND-USR-058,24.814444,93.932479,338.1,2026-08-07,10:42:00,2026-08-07 10:42:00
IND-USR-058,24.81852,93.939084,564.7,2026-08-07,10:49:00,2026-08-07 10:49:00
IND-USR-058,24.813918,93.942883,856.2,2026-08-07,10:56:00,2026-08-07 10:56:00
IND-USR-058,24.815742,93.942921,191.6,2026-08-07,11:13:00,2026-08-07 11:13:00
IND-USR-058,24.814431,93.928694,947.5,2026-08-07,11:19:00,2026-08-07 11:19:00
IND-USR-058,24.818609,93.937794,891.5,2026-08-07,11:31:00,2026-08-07 11:31:00
IND-USR-058,24.817138,93.934231,791.9,2026-08-07,11:50:00,2026-08-07 11:50:00
IND-USR-058,24.816862,93.934755,897.4,2026-08-07,12:06:00,2026-08-07 12:06:00
IND-USR-058,24.815791,93.940167,71.5,2026-08-07,12:25:00,2026-08-07 12:25:00
IND-USR-058,24.817737,93.93924,353.8,2026-08-07,12:34:00,2026-08-07 12:34:00
IND-USR-058,24.816073,93.935432,912.8,2026-08-07,12:43:00,2026-08-07 12:43:00
IND-USR-058,24.812386,93.93532,187.0,2026-08-07,13:00:00,2026-08-07 13:00:00
IND-USR-058,24.803716,93.934439,49.1,2026-08-07,13:14:00,2026-08-07 13:14:00
IND-USR-058,24.816673,93.939055,871.6,2026-08-07,13:17:00,2026-08-07 13:17:00
IND-USR-058,24.815925,93.938191,772.3,2026-08-07,13:34:00,2026-08-07 13:34:00
IND-USR-058,24.808281,93.936573,102.9,2026-08-07,13:54:00,2026-08-07 13:54:00
IND-USR-058,24.810282,93.931967,95.5,2026-08-07,14:12:00,2026-08-07 14:12:00
IND-USR-058,24.816251,93.941905,867.2,2026-08-07,14:24:00,2026-08-07 14:24:00
IND-USR-058,24.818485,93.936873,550.6,2026-08-07,14:44:00,2026-08-07 14:44:00
IND-USR-058,24.816922,93.933945,500.4,2026-08-07,15:03:00,2026-08-07 15:03:00
IND-USR-058,24.814824,93.93851,614.6,2026-08-07,15:22:00,2026-08-07 15:22:00
IND-USR-058,24.811459,93.939172,311.1,2026-08-07,15:33:00,2026-08-07 15:33:00
IND-USR-058,24.815446,93.940102,727.7,2026-08-07,15:49:00,2026-08-07 15:49:00
IND-USR-058,24.820844,93.930108,897.6,2026-08-07,16:00:00,2026-08-07 16:00:00
IND-USR-058,24.814674,93.933378,390.0,2026-08-07,16:15:00,2026-08-07 16:15:00
IND-USR-058,24.809749,93.93267,87.4,2026-08-07,16:29:00,2026-08-07 16:29:00
IND-USR-058,24.826765,93.939238,471.8,2026-08-07,16:31:00,2026-08-07 16:31:00
IND-USR-058,24.824669,93.940116,537.6,2026-08-07,16:43:00,2026-08-07 16:43:00
IND-USR-058,24.814033,93.935273,297.5,2026-08-07,16:57:00,2026-08-07 16:57:00
IND-USR-058,24.819354,93.93855,734.6,2026-08-07,17:08:00,2026-08-07 17:08:00
IND-USR-058,24.814691,93.93076,505.9,2026-08-07,17:11:00,2026-08-07 17:11:00
IND-USR-058,24.830151,93.936235,186.8,2026-08-07,17:14:00,2026-08-07 17:14:00
IND-USR-058,24.815697,93.937253,298.7,2026-08-07,17:18:00,2026-08-07 17:18:00
IND-USR-058,24.816029,93.937291,713.0,2026-08-07,17:38:00,2026-08-07 17:38:00
IND-USR-058,24.822148,93.936302,520.2,2026-08-07,17:58:00,2026-08-07 17:58:00
IND-USR-058,24.812349,93.936153,704.9,2026-08-07,18:10:00,2026-08-07 18:10:00
IND-USR-058,24.815142,93.942496,36.3,2026-08-07,18:29:00,2026-08-07 18:29:00
IND-USR-058,24.821684,93.93723,371.8,2026-08-07,18:40:00,2026-08-07 18:40:00
IND-USR-058,24.811885,93.931896,916.3,2026-08-07,18:53:00,2026-08-07 18:53:00
IND-USR-058,24.81706,93.938145,784.3,2026-08-07,18:56:00,2026-08-07 18:56:00
IND-USR-058,24.815502,93.934879,704.2,2026-08-07,19:11:00,2026-08-07 19:11:00
IND-USR-058,24.814629,93.936706,808.3,2026-08-07,19:29:00,2026-08-07 19:29:00
IND-USR-058,24.807469,93.932395,358.6,2026-08-07,19:47:00,2026-08-07 19:47:00
IND-USR-058,24.814492,93.94163,866.0,2026-08-07,19:50:00,2026-08-07 19:50:00
IND-USR-058,24.813745,93.937522,439.8,2026-08-07,19:55:00,2026-08-07 19:55:00
IND-USR-058,24.817906,93.941992,848.8,2026-08-07,20:02:00,2026-08-07 20:02:00
IND-USR-058,24.82205,93.93657,78.6,2026-08-07,20:14:00,2026-08-07 20:14:00
IND-USR-058,24.815098,93.934145,475.6,2026-08-07,20:22:00,2026-08-07 20:22:00
IND-USR-058,24.816036,93.935064,612.0,2026-08-07,20:42:00,2026-08-07 20:42:00
IND-USR-058,24.819215,93.938481,52.5,2026-08-07,20:44:00,2026-08-07 20:44:00
IND-USR-058,24.819367,93.941837,203.7,2026-08-07,20:58:00,2026-08-07 20:58:00
IND-USR-058,24.824451,93.937299,878.9,2026-08-07,21:03:00,2026-08-07 21:03:00
IND-USR-058,24.821398,93.935393,860.1,2026-08-07,21:05:00,2026-08-07 21:05:00
IND-USR-058,24.82174,93.941046,935.3,2026-08-07,21:17:00,2026-08-07 21:17:00
IND-USR-058,24.821034,93.937176,787.0,2026-08-07,21:31:00,2026-08-07 21:31:00
IND-USR-058,24.814327,93.931222,872.5,2026-08-07,21:44:00,2026-08-07 21:44:00
IND-USR-058,24.81684,93.942932,52.1,2026-08-07,21:58:00,2026-08-07 21:58:00
IND-USR-058,24.815761,93.939941,572.8,2026-08-07,22:04:00,2026-08-07 22:04:00
IND-USR-058,24.820376,93.935665,839.0,2026-08-07,22:14:00,2026-08-07 22:14:00
IND-USR-058,24.822265,93.925165,649.6,2026-08-07,22:29:00,2026-08-07 22:29:00
IND-USR-058,24.812109,93.933137,202.6,2026-08-07,22:40:00,2026-08-07 22:40:00
IND-USR-058,24.813721,93.938145,394.7,2026-08-07,22:50:00,2026-08-07 22:50:00
IND-USR-058,24.81816,93.938376,400.9,2026-08-07,22:52:00,2026-08-07 22:52:00
IND-USR-058,24.819384,93.933,364.5,2026-08-07,23:07:00,2026-08-07 23:07:00
IND-USR-058,24.812127,93.938385,777.7,2026-08-07,23:15:00,2026-08-07 23:15:00
IND-USR-058,24.814479,93.930518,248.2,2026-08-07,23:32:00,2026-08-07 23:32:00
IND-USR-058,24.820885,93.94238,598.9,2026-08-07,23:34:00,2026-08-07 23:34:00
IND-USR-058,24.823229,93.937548,49.3,2026-08-07,23:48:00,2026-08-07 23:48:00
IND-USR-058,24.819504,93.942279,131.2,2026-08-08,00:04:00,2026-08-08 00:04:00
IND-USR-058,24.814434,93.941243,76.3,2026-08-08,00:13:00,2026-08-08 00:13:00
IND-USR-058,24.818102,93.940455,118.4,2026-08-08,00:18:00,2026-08-08 00:18:00
IND-USR-058,24.817744,93.941985,72.5,2026-08-08,00:35:00,2026-08-08 00:35:00
IND-USR-058,24.817894,93.930864,317.7,2026-08-08,00:54:00,2026-08-08 00:54:00
IND-USR-058,24.822808,93.93301,908.0,2026-08-08,01:04:00,2026-08-08 01:04:00
IND-USR-058,24.822012,93.936439,277.7,2026-08-08,01:18:00,2026-08-08 01:18:00
IND-USR-058,24.821704,93.941339,277.6,2026-08-08,01:29:00,2026-08-08 01:29:00
IND-USR-058,24.818721,93.938834,255.8,2026-08-08,01:49:00,2026-08-08 01:49:00
IND-USR-058,24.818691,93.928745,381.2,2026-08-08,01:54:00,2026-08-08 01:54:00
IND-USR-058,24.817473,93.932336,903.2,2026-08-08,02:02:00,2026-08-08 02:02:00
IND-USR-058,24.817685,93.932228,805.7,2026-08-08,02:21:00,2026-08-08 02:21:00
IND-USR-059,24.81226,93.94322,945.8,2026-08-04,06:18:00,2026-08-04 06:18:00
IND-USR-059,24.821278,93.936783,460.1,2026-08-04,06:35:00,2026-08-04 06:35:00
IND-USR-059,24.817739,93.935808,224.9,2026-08-04,06:40:00,2026-08-04 06:40:00
IND-USR-059,24.81928,93.934096,183.4,2026-08-04,06:54:00,2026-08-04 06:54:00
IND-USR-059,24.820975,93.935788,237.2,2026-08-04,06:58:00,2026-08-04 06:58:00
IND-USR-059,24.815321,93.936887,421.8,2026-08-04,07:11:00,2026-08-04 07:11:00
IND-USR-059,24.814635,93.938115,425.5,2026-08-04,07:17:00,2026-08-04 07:17:00
IND-USR-059,24.814851,93.938674,633.1,2026-08-04,07:20:00,2026-08-04 07:20:00
IND-USR-059,24.821864,93.933923,730.8,2026-08-04,07:38:00,2026-08-04 07:38:00
IND-USR-059,24.816478,93.938645,732.4,2026-08-04,07:46:00,2026-08-04 07:46:00
IND-USR-059,24.815257,93.938657,51.1,2026-08-04,07:58:00,2026-08-04 07:58:00
IND-USR-059,24.819222,93.941133,901.7,2026-08-04,08:00:00,2026-08-04 08:00:00
IND-USR-059,24.814576,93.933029,817.9,2026-08-04,08:12:00,2026-08-04 08:12:00
IND-USR-059,24.81577,93.932929,876.5,2026-08-04,08:22:00,2026-08-04 08:22:00
IND-USR-059,24.819258,93.932153,444.3,2026-08-04,08:35:00,2026-08-04 08:35:00
IND-USR-059,24.826332,93.941984,377.8,2026-08-04,08:38:00,2026-08-04 08:38:00
IND-USR-059,24.81705,93.94027,900.0,2026-08-04,08:44:00,2026-08-04 08:44:00
IND-USR-059,24.810453,93.946893,69.8,2026-08-04,09:02:00,2026-08-04 09:02:00
IND-USR-059,24.814639,93.936318,599.6,2026-08-04,09:09:00,2026-08-04 09:09:00
IND-USR-059,24.809576,93.938745,628.5,2026-08-04,09:21:00,2026-08-04 09:21:00
IND-USR-059,24.812575,93.937207,33.8,2026-08-04,09:37:00,2026-08-04 09:37:00
IND-USR-059,24.814823,93.932489,75.2,2026-08-04,09:53:00,2026-08-04 09:53:00
IND-USR-059,24.813783,93.937703,575.6,2026-08-04,10:02:00,2026-08-04 10:02:00
IND-USR-059,24.811874,93.933805,533.4,2026-08-04,10:13:00,2026-08-04 10:13:00
IND-USR-059,24.819653,93.94721,524.3,2026-08-04,10:19:00,2026-08-04 10:19:00
IND-USR-059,24.81891,93.933131,63.3,2026-08-04,10:31:00,2026-08-04 10:31:00
IND-USR-059,24.815532,93.936926,395.3,2026-08-04,10:35:00,2026-08-04 10:35:00
IND-USR-059,24.815602,93.940412,26.4,2026-08-04,10:54:00,2026-08-04 10:54:00
IND-USR-059,24.81787,93.940431,690.6,2026-08-04,11:01:00,2026-08-04 11:01:00
IND-USR-059,24.815742,93.942102,358.1,2026-08-04,11:13:00,2026-08-04 11:13:00
IND-USR-059,24.816334,93.932915,857.4,2026-08-04,11:19:00,2026-08-04 11:19:00
IND-USR-059,24.825709,93.9295,15.5,2026-08-04,11:28:00,2026-08-04 11:28:00
IND-USR-059,24.814045,93.934292,538.9,2026-08-04,11:30:00,2026-08-04 11:30:00
IND-USR-059,24.827033,93.944027,732.6,2026-08-04,11:44:00,2026-08-04 11:44:00
IND-USR-059,24.822976,93.935477,815.6,2026-08-04,11:49:00,2026-08-04 11:49:00
IND-USR-059,24.826705,93.938273,539.8,2026-08-04,11:52:00,2026-08-04 11:52:00
IND-USR-059,24.820909,93.937519,28.6,2026-08-04,11:56:00,2026-08-04 11:56:00
IND-USR-059,24.816802,93.935793,891.0,2026-08-04,12:13:00,2026-08-04 12:13:00
IND-USR-059,24.816161,93.939234,275.5,2026-08-04,12:27:00,2026-08-04 12:27:00
IND-USR-059,24.818469,93.936674,432.7,2026-08-04,12:41:00,2026-08-04 12:41:00
IND-USR-059,24.823038,93.924933,651.9,2026-08-04,12:50:00,2026-08-04 12:50:00
IND-USR-059,24.81904,93.939671,334.4,2026-08-04,13:00:00,2026-08-04 13:00:00
IND-USR-059,24.821588,93.936541,460.4,2026-08-04,13:16:00,2026-08-04 13:16:00
IND-USR-059,24.817832,93.940744,437.0,2026-08-04,13:22:00,2026-08-04 13:22:00
IND-USR-059,24.822965,93.935598,220.4,2026-08-04,13:35:00,2026-08-04 13:35:00
IND-USR-059,24.818068,93.943514,608.9,2026-08-04,13:46:00,2026-08-04 13:46:00
IND-USR-059,24.808504,93.93404,915.3,2026-08-04,13:53:00,2026-08-04 13:53:00
IND-USR-059,24.822863,93.94117,949.2,2026-08-04,14:07:00,2026-08-04 14:07:00
IND-USR-059,24.81909,93.935006,356.0,2026-08-04,14:14:00,2026-08-04 14:14:00
IND-USR-059,24.813473,93.934435,415.8,2026-08-04,14:16:00,2026-08-04 14:16:00
IND-USR-059,24.823192,93.934286,145.3,2026-08-04,14:27:00,2026-08-04 14:27:00
IND-USR-059,24.817406,93.933785,395.7,2026-08-04,14:43:00,2026-08-04 14:43:00
IND-USR-059,24.820371,93.934645,810.6,2026-08-04,15:02:00,2026-08-04 15:02:00
IND-USR-059,24.81661,93.930066,127.5,2026-08-04,15:16:00,2026-08-04 15:16:00
IND-USR-059,24.810547,93.936831,205.6,2026-08-04,15:29:00,2026-08-04 15:29:00
IND-USR-059,24.811699,93.94522,405.9,2026-08-04,15:43:00,2026-08-04 15:43:00
IND-USR-059,24.808754,93.933599,442.9,2026-08-04,15:58:00,2026-08-04 15:58:00
IND-USR-059,24.817067,93.935339,427.3,2026-08-04,16:14:00,2026-08-04 16:14:00
IND-USR-059,24.812583,93.932968,445.7,2026-08-04,16:28:00,2026-08-04 16:28:00
IND-USR-059,24.813037,93.935653,316.5,2026-08-04,16:40:00,2026-08-04 16:40:00
IND-USR-059,24.824808,93.937112,135.1,2026-08-04,16:54:00,2026-08-04 16:54:00
IND-USR-059,24.821732,93.938828,203.6,2026-08-04,17:12:00,2026-08-04 17:12:00
IND-USR-059,24.821455,93.9256,679.8,2026-08-04,17:20:00,2026-08-04 17:20:00
IND-USR-059,24.815782,93.942029,192.9,2026-08-04,17:40:00,2026-08-04 17:40:00
IND-USR-059,24.814713,93.94385,856.3,2026-08-04,17:53:00,2026-08-04 17:53:00
IND-USR-059,24.822936,93.934923,820.7,2026-08-04,18:12:00,2026-08-04 18:12:00
IND-USR-059,24.814987,93.932746,362.3,2026-08-04,18:27:00,2026-08-04 18:27:00
IND-USR-059,24.814482,93.93187,210.7,2026-08-04,18:38:00,2026-08-04 18:38:00
IND-USR-059,24.818715,93.930976,452.0,2026-08-04,18:44:00,2026-08-04 18:44:00
IND-USR-059,24.819415,93.939312,623.1,2026-08-04,19:03:00,2026-08-04 19:03:00
IND-USR-059,24.810355,93.942999,860.4,2026-08-04,19:14:00,2026-08-04 19:14:00
IND-USR-059,24.819054,93.939799,57.8,2026-08-04,19:29:00,2026-08-04 19:29:00
IND-USR-059,24.813965,93.93929,327.4,2026-08-04,19:37:00,2026-08-04 19:37:00
IND-USR-059,24.821506,93.936406,630.1,2026-08-04,19:44:00,2026-08-04 19:44:00
IND-USR-059,24.825008,93.936976,415.9,2026-08-04,20:02:00,2026-08-04 20:02:00
IND-USR-059,24.821563,93.937972,32.4,2026-08-04,20:18:00,2026-08-04 20:18:00
IND-USR-059,24.819342,93.930115,372.8,2026-08-04,20:26:00,2026-08-04 20:26:00
IND-USR-059,24.818484,93.93386,266.9,2026-08-04,20:33:00,2026-08-04 20:33:00
IND-USR-059,24.813614,93.943776,733.1,2026-08-04,20:53:00,2026-08-04 20:53:00
IND-USR-059,24.816145,93.932787,550.6,2026-08-04,21:07:00,2026-08-04 21:07:00
IND-USR-059,24.815563,93.931598,151.6,2026-08-04,21:15:00,2026-08-04 21:15:00
IND-USR-059,24.822736,93.934017,450.5,2026-08-04,21:27:00,2026-08-04 21:27:00
IND-USR-059,24.819117,93.942224,726.9,2026-08-04,21:33:00,2026-08-04 21:33:00
IND-USR-059,24.814999,93.938928,307.2,2026-08-04,21:50:00,2026-08-04 21:50:00
IND-USR-059,24.81288,93.946583,701.2,2026-08-04,22:08:00,2026-08-04 22:08:00
IND-USR-059,24.820746,93.93603,645.6,2026-08-04,22:11:00,2026-08-04 22:11:00
IND-USR-059,24.813909,93.936344,90.6,2026-08-04,22:15:00,2026-08-04 22:15:00
IND-USR-059,24.81564,93.944612,875.0,2026-08-04,22:17:00,2026-08-04 22:17:00
IND-USR-060,24.812098,93.937339,304.5,2026-08-01,06:04:00,2026-08-01 06:04:00
IND-USR-060,24.816927,93.93633,200.8,2026-08-01,06:17:00,2026-08-01 06:17:00
IND-USR-060,24.816566,93.936336,910.5,2026-08-01,06:23:00,2026-08-01 06:23:00
IND-USR-060,24.820492,93.939236,800.2,2026-08-01,06:34:00,2026-08-01 06:34:00
IND-USR-060,24.818676,93.924664,595.8,2026-08-01,06:47:00,2026-08-01 06:47:00
IND-USR-060,24.818199,93.930177,558.4,2026-08-01,06:59:00,2026-08-01 06:59:00
IND-USR-060,24.819585,93.942698,456.6,2026-08-01,07:15:00,2026-08-01 07:15:00
IND-USR-060,24.813295,93.935753,282.4,2026-08-01,07:22:00,2026-08-01 07:22:00
IND-USR-060,24.814603,93.941742,764.2,2026-08-01,07:27:00,2026-08-01 07:27:00
IND-USR-060,24.81738,93.943713,856.8,2026-08-01,07:34:00,2026-08-01 07:34:00
IND-USR-060,24.818655,93.93777,163.5,2026-08-01,07:40:00,2026-08-01 07:40:00
IND-USR-060,24.817273,93.940072,510.4,2026-08-01,07:45:00,2026-08-01 07:45:00
IND-USR-060,24.810049,93.937141,158.8,2026-08-01,08:00:00,2026-08-01 08:00:00
IND-USR-060,24.81672,93.939702,601.0,2026-08-01,08:19:00,2026-08-01 08:19:00
IND-USR-060,24.816249,93.932645,658.6,2026-08-01,08:29:00,2026-08-01 08:29:00
IND-USR-060,24.817029,93.932469,927.6,2026-08-01,08:38:00,2026-08-01 08:38:00
IND-USR-060,24.809299,93.939708,864.6,2026-08-01,08:44:00,2026-08-01 08:44:00
IND-USR-060,24.819316,93.938668,720.3,2026-08-01,08:49:00,2026-08-01 08:49:00
IND-USR-060,24.822212,93.93414,837.4,2026-08-01,08:55:00,2026-08-01 08:55:00
IND-USR-060,24.811276,93.93652,366.6,2026-08-01,09:12:00,2026-08-01 09:12:00
IND-USR-060,24.81561,93.933431,731.1,2026-08-01,09:19:00,2026-08-01 09:19:00
IND-USR-060,24.816681,93.934354,656.8,2026-08-01,09:39:00,2026-08-01 09:39:00
IND-USR-060,24.809656,93.935035,885.1,2026-08-01,09:52:00,2026-08-01 09:52:00
IND-USR-060,24.812454,93.937727,547.6,2026-08-01,10:12:00,2026-08-01 10:12:00
IND-USR-060,24.814376,93.941247,850.3,2026-08-01,10:28:00,2026-08-01 10:28:00
IND-USR-060,24.823415,93.939518,899.8,2026-08-01,10:45:00,2026-08-01 10:45:00
IND-USR-060,24.810796,93.942821,333.2,2026-08-01,11:05:00,2026-08-01 11:05:00
IND-USR-060,24.823303,93.936875,938.5,2026-08-01,11:17:00,2026-08-01 11:17:00
IND-USR-060,24.822292,93.934593,74.8,2026-08-01,11:30:00,2026-08-01 11:30:00
IND-USR-060,24.809535,93.933759,596.6,2026-08-01,11:36:00,2026-08-01 11:36:00
IND-USR-060,24.823917,93.930836,871.8,2026-08-01,11:50:00,2026-08-01 11:50:00
IND-USR-060,24.816998,93.936937,943.3,2026-08-01,11:55:00,2026-08-01 11:55:00
IND-USR-060,24.814948,93.935026,913.9,2026-08-01,12:03:00,2026-08-01 12:03:00
IND-USR-060,24.817289,93.934551,284.8,2026-08-01,12:15:00,2026-08-01 12:15:00
IND-USR-060,24.811312,93.93766,343.4,2026-08-01,12:19:00,2026-08-01 12:19:00
IND-USR-060,24.821293,93.940278,25.0,2026-08-01,12:36:00,2026-08-01 12:36:00
IND-USR-060,24.813761,93.931795,402.7,2026-08-01,12:56:00,2026-08-01 12:56:00
IND-USR-060,24.815863,93.943071,353.3,2026-08-01,13:03:00,2026-08-01 13:03:00
IND-USR-060,24.819582,93.939616,190.5,2026-08-01,13:13:00,2026-08-01 13:13:00
IND-USR-060,24.820559,93.938483,933.1,2026-08-01,13:23:00,2026-08-01 13:23:00
IND-USR-060,24.817482,93.939449,470.2,2026-08-01,13:25:00,2026-08-01 13:25:00
IND-USR-060,24.814815,93.931142,58.9,2026-08-01,13:32:00,2026-08-01 13:32:00
IND-USR-060,24.819892,93.941751,668.5,2026-08-01,13:41:00,2026-08-01 13:41:00
IND-USR-060,24.812527,93.940088,432.0,2026-08-01,13:51:00,2026-08-01 13:51:00
IND-USR-060,24.823723,93.936791,327.3,2026-08-01,14:06:00,2026-08-01 14:06:00
IND-USR-060,24.813728,93.937292,715.0,2026-08-01,14:16:00,2026-08-01 14:16:00
IND-USR-060,24.814798,93.934333,629.8,2026-08-01,14:32:00,2026-08-01 14:32:00
IND-USR-060,24.818733,93.930385,528.2,2026-08-01,14:44:00,2026-08-01 14:44:00
IND-USR-060,24.811224,93.936877,829.7,2026-08-01,14:50:00,2026-08-01 14:50:00
IND-USR-060,24.816911,93.938174,700.6,2026-08-01,14:52:00,2026-08-01 14:52:00
IND-USR-060,24.824501,93.937218,294.5,2026-08-01,14:54:00,2026-08-01 14:54:00
IND-USR-060,24.819393,93.932898,860.3,2026-08-01,15:02:00,2026-08-01 15:02:00
IND-USR-060,24.820072,93.934694,375.1,2026-08-01,15:16:00,2026-08-01 15:16:00
IND-USR-060,24.817286,93.936365,665.0,2026-08-01,15:26:00,2026-08-01 15:26:00
IND-USR-060,24.821132,93.93156,354.8,2026-08-01,15:38:00,2026-08-01 15:38:00
IND-USR-060,24.807867,93.935946,812.4,2026-08-01,15:56:00,2026-08-01 15:56:00
IND-USR-060,24.818874,93.937409,392.8,2026-08-01,16:11:00,2026-08-01 16:11:00
IND-USR-060,24.821929,93.938549,134.4,2026-08-01,16:23:00,2026-08-01 16:23:00
IND-USR-060,24.814745,93.927498,686.0,2026-08-01,16:36:00,2026-08-01 16:36:00
IND-USR-060,24.816051,93.940912,191.3,2026-08-01,16:55:00,2026-08-01 16:55:00
IND-USR-060,24.815432,93.936913,260.7,2026-08-01,17:06:00,2026-08-01 17:06:00
IND-USR-060,24.818685,93.932739,873.6,2026-08-01,17:22:00,2026-08-01 17:22:00
IND-USR-060,24.819493,93.943348,767.1,2026-08-01,17:26:00,2026-08-01 17:26:00
IND-USR-060,24.816309,93.932284,819.8,2026-08-01,17:38:00,2026-08-01 17:38:00
IND-USR-060,24.816734,93.927902,31.6,2026-08-01,17:43:00,2026-08-01 17:43:00
IND-USR-060,24.818348,93.938609,767.9,2026-08-01,17:49:00,2026-08-01 17:49:00
IND-USR-060,24.823703,93.936024,238.4,2026-08-01,17:54:00,2026-08-01 17:54:00
IND-USR-060,24.818634,93.933355,361.0,2026-08-01,18:01:00,2026-08-01 18:01:00
IND-USR-060,24.815574,93.930699,547.6,2026-08-01,18:07:00,2026-08-01 18:07:00
IND-USR-060,24.816221,93.935579,742.1,2026-08-01,18:16:00,2026-08-01 18:16:00
IND-USR-060,24.818197,93.934306,19.1,2026-08-01,18:20:00,2026-08-01 18:20:00
IND-USR-060,24.817333,93.935466,702.3,2026-08-01,18:22:00,2026-08-01 18:22:00
IND-USR-060,24.815674,93.937121,828.0,2026-08-01,18:34:00,2026-08-01 18:34:00
IND-USR-060,24.817162,93.939845,156.9,2026-08-01,18:38:00,2026-08-01 18:38:00
IND-USR-060,24.816517,93.9354,603.1,2026-08-01,18:54:00,2026-08-01 18:54:00
IND-USR-060,24.816277,93.933941,749.0,2026-08-01,19:06:00,2026-08-01 19:06:00
IND-USR-060,24.81556,93.944925,585.8,2026-08-01,19:11:00,2026-08-01 19:11:00
IND-USR-060,24.813349,93.935685,671.9,2026-08-01,19:14:00,2026-08-01 19:14:00
IND-USR-060,24.81545,93.935811,872.9,2026-08-01,19:22:00,2026-08-01 19:22:00
IND-USR-060,24.815675,93.937917,184.4,2026-08-01,19:26:00,2026-08-01 19:26:00
IND-USR-060,24.810159,93.940949,13.6,2026-08-01,19:30:00,2026-08-01 19:30:00
IND-USR-060,24.81953,93.931829,207.6,2026-08-01,19:39:00,2026-08-01 19:39:00
IND-USR-060,24.807924,93.932892,373.7,2026-08-01,19:43:00,2026-08-01 19:43:00
IND-USR-060,24.816029,93.947121,191.1,2026-08-01,20:01:00,2026-08-01 20:01:00
IND-USR-060,24.819173,93.92957,675.7,2026-08-01,20:09:00,2026-08-01 20:09:00
IND-USR-060,24.814241,93.936587,579.1,2026-08-01,20:26:00,2026-08-01 20:26:00
IND-USR-060,24.818015,93.931541,451.1,2026-08-01,20:33:00,2026-08-01 20:33:00
IND-USR-060,24.81646,93.933929,823.1,2026-08-01,20:53:00,2026-08-01 20:53:00
IND-USR-060,24.812585,93.937838,426.0,2026-08-01,20:56:00,2026-08-01 20:56:00
IND-USR-060,24.820096,93.940164,15.9,2026-08-01,21:14:00,2026-08-01 21:14:00
IND-USR-060,24.819298,93.934811,925.7,2026-08-01,21:21:00,2026-08-01 21:21:00
IND-USR-060,24.819858,93.938036,145.3,2026-08-01,21:31:00,2026-08-01 21:31:00
IND-USR-060,24.817536,93.934353,550.9,2026-08-01,21:50:00,2026-08-01 21:50:00
IND-USR-060,24.815012,93.937096,668.0,2026-08-01,21:58:00,2026-08-01 21:58:00
IND-USR-060,24.826759,93.938005,186.9,2026-08-01,22:02:00,2026-08-01 22:02:00
IND-USR-060,24.814555,93.93347,720.9,2026-08-01,22:14:00,2026-08-01 22:14:00
IND-USR-060,24.815033,93.945509,162.7,2026-08-01,22:23:00,2026-08-01 22:23:00
IND-USR-060,24.815403,93.940427,288.9,2026-08-01,22:43:00,2026-08-01 22:43:00
IND-USR-060,24.815496,93.937845,486.3,2026-08-01,22:58:00,2026-08-01 22:58:00
IND-USR-060,24.820167,93.934512,215.2,2026-08-01,23:09:00,2026-08-01 23:09:00
IND-USR-060,24.814436,93.943435,785.0,2026-08-01,23:19:00,2026-08-01 23:19:00
IND-USR-061,25.582738,91.896463,625.6,2026-08-04,06:02:00,2026-08-04 06:02:00
IND-USR-061,25.581949,91.895138,274.6,2026-08-04,06:12:00,2026-08-04 06:12:00
IND-USR-061,25.586871,91.893476,70.8,2026-08-04,06:19:00,2026-08-04 06:19:00
IND-USR-061,25.581109,91.887496,474.3,2026-08-04,06:23:00,2026-08-04 06:23:00
IND-USR-061,25.5755,91.888497,592.7,2026-08-04,06:26:00,2026-08-04 06:26:00
IND-USR-061,25.583896,91.88309,85.2,2026-08-04,06:41:00,2026-08-04 06:41:00
IND-USR-061,25.577191,91.881325,21.3,2026-08-04,06:57:00,2026-08-04 06:57:00
IND-USR-061,25.575475,91.891336,309.3,2026-08-04,07:01:00,2026-08-04 07:01:00
IND-USR-061,25.584339,91.894887,666.2,2026-08-04,07:14:00,2026-08-04 07:14:00
IND-USR-061,25.575467,91.897564,545.0,2026-08-04,07:18:00,2026-08-04 07:18:00
IND-USR-061,25.578871,91.89345,433.7,2026-08-04,07:30:00,2026-08-04 07:30:00
IND-USR-061,25.573989,91.88934,358.2,2026-08-04,07:47:00,2026-08-04 07:47:00
IND-USR-061,25.5755,91.893486,727.6,2026-08-04,07:58:00,2026-08-04 07:58:00
IND-USR-061,25.579112,91.899476,523.2,2026-08-04,08:10:00,2026-08-04 08:10:00
IND-USR-061,25.58034,91.88247,224.4,2026-08-04,08:18:00,2026-08-04 08:18:00
IND-USR-061,25.579851,91.8875,50.1,2026-08-04,08:25:00,2026-08-04 08:25:00
IND-USR-061,25.574936,91.890051,395.1,2026-08-04,08:38:00,2026-08-04 08:38:00
IND-USR-061,25.576147,91.887799,314.9,2026-08-04,08:54:00,2026-08-04 08:54:00
IND-USR-061,25.579614,91.887657,445.8,2026-08-04,09:08:00,2026-08-04 09:08:00
IND-USR-061,25.580227,91.902248,435.0,2026-08-04,09:24:00,2026-08-04 09:24:00
IND-USR-061,25.573483,91.892162,703.6,2026-08-04,09:30:00,2026-08-04 09:30:00
IND-USR-061,25.568706,91.892096,404.4,2026-08-04,09:44:00,2026-08-04 09:44:00
IND-USR-061,25.581371,91.896183,831.0,2026-08-04,09:46:00,2026-08-04 09:46:00
IND-USR-061,25.579109,91.896857,368.6,2026-08-04,09:58:00,2026-08-04 09:58:00
IND-USR-061,25.588984,91.900149,385.5,2026-08-04,10:04:00,2026-08-04 10:04:00
IND-USR-061,25.57671,91.887496,418.3,2026-08-04,10:06:00,2026-08-04 10:06:00
IND-USR-061,25.577175,91.889512,152.0,2026-08-04,10:13:00,2026-08-04 10:13:00
IND-USR-061,25.580605,91.888575,214.0,2026-08-04,10:20:00,2026-08-04 10:20:00
IND-USR-061,25.578509,91.896652,377.8,2026-08-04,10:22:00,2026-08-04 10:22:00
IND-USR-061,25.578397,91.889515,264.6,2026-08-04,10:28:00,2026-08-04 10:28:00
IND-USR-061,25.583499,91.885784,30.4,2026-08-04,10:36:00,2026-08-04 10:36:00
IND-USR-061,25.577489,91.893133,158.8,2026-08-04,10:50:00,2026-08-04 10:50:00
IND-USR-061,25.578864,91.894022,271.0,2026-08-04,11:09:00,2026-08-04 11:09:00
IND-USR-061,25.581242,91.893158,467.3,2026-08-04,11:17:00,2026-08-04 11:17:00
IND-USR-061,25.577328,91.89167,416.9,2026-08-04,11:34:00,2026-08-04 11:34:00
IND-USR-061,25.576354,91.89645,468.1,2026-08-04,11:41:00,2026-08-04 11:41:00
IND-USR-061,25.576214,91.896687,342.2,2026-08-04,11:44:00,2026-08-04 11:44:00
IND-USR-061,25.578876,91.891215,72.9,2026-08-04,11:49:00,2026-08-04 11:49:00
IND-USR-061,25.581274,91.89039,673.7,2026-08-04,12:01:00,2026-08-04 12:01:00
IND-USR-061,25.581353,91.894151,143.0,2026-08-04,12:12:00,2026-08-04 12:12:00
IND-USR-061,25.576415,91.895415,896.7,2026-08-04,12:30:00,2026-08-04 12:30:00
IND-USR-061,25.580986,91.89793,401.4,2026-08-04,12:38:00,2026-08-04 12:38:00
IND-USR-061,25.582665,91.895265,909.4,2026-08-04,12:40:00,2026-08-04 12:40:00
IND-USR-061,25.57429,91.903094,328.3,2026-08-04,12:47:00,2026-08-04 12:47:00
IND-USR-061,25.573186,91.897097,653.0,2026-08-04,12:58:00,2026-08-04 12:58:00
IND-USR-061,25.580525,91.888603,584.9,2026-08-04,13:13:00,2026-08-04 13:13:00
IND-USR-061,25.578303,91.892985,507.9,2026-08-04,13:19:00,2026-08-04 13:19:00
IND-USR-061,25.584022,91.890447,691.3,2026-08-04,13:31:00,2026-08-04 13:31:00
IND-USR-061,25.577752,91.883956,357.4,2026-08-04,13:37:00,2026-08-04 13:37:00
IND-USR-061,25.585739,91.889018,69.3,2026-08-04,13:54:00,2026-08-04 13:54:00
IND-USR-061,25.580108,91.892894,357.8,2026-08-04,14:10:00,2026-08-04 14:10:00
IND-USR-061,25.578408,91.896539,206.9,2026-08-04,14:19:00,2026-08-04 14:19:00
IND-USR-061,25.585485,91.894306,657.0,2026-08-04,14:31:00,2026-08-04 14:31:00
IND-USR-061,25.58142,91.894616,605.8,2026-08-04,14:43:00,2026-08-04 14:43:00
IND-USR-061,25.58287,91.891448,749.6,2026-08-04,15:00:00,2026-08-04 15:00:00
IND-USR-061,25.583102,91.897742,330.3,2026-08-04,15:19:00,2026-08-04 15:19:00
IND-USR-061,25.58313,91.890659,666.4,2026-08-04,15:31:00,2026-08-04 15:31:00
IND-USR-061,25.578127,91.894258,917.5,2026-08-04,15:37:00,2026-08-04 15:37:00
IND-USR-061,25.573317,91.89968,922.9,2026-08-04,15:57:00,2026-08-04 15:57:00
IND-USR-061,25.578751,91.894436,675.6,2026-08-04,16:06:00,2026-08-04 16:06:00
IND-USR-061,25.576492,91.887992,774.5,2026-08-04,16:15:00,2026-08-04 16:15:00
IND-USR-061,25.576384,91.894177,469.3,2026-08-04,16:24:00,2026-08-04 16:24:00
IND-USR-061,25.581494,91.893947,847.1,2026-08-04,16:41:00,2026-08-04 16:41:00
IND-USR-061,25.580187,91.891952,490.3,2026-08-04,16:53:00,2026-08-04 16:53:00
IND-USR-061,25.580785,91.899231,371.1,2026-08-04,16:58:00,2026-08-04 16:58:00
IND-USR-061,25.581619,91.896538,596.2,2026-08-04,17:04:00,2026-08-04 17:04:00
IND-USR-061,25.579976,91.887287,507.5,2026-08-04,17:08:00,2026-08-04 17:08:00
IND-USR-061,25.574621,91.89512,576.4,2026-08-04,17:24:00,2026-08-04 17:24:00
IND-USR-061,25.578756,91.895059,72.9,2026-08-04,17:34:00,2026-08-04 17:34:00
IND-USR-061,25.585506,91.896204,740.8,2026-08-04,17:48:00,2026-08-04 17:48:00
IND-USR-061,25.583836,91.893679,679.2,2026-08-04,17:58:00,2026-08-04 17:58:00
IND-USR-061,25.575571,91.893069,806.9,2026-08-04,18:11:00,2026-08-04 18:11:00
IND-USR-061,25.575581,91.899533,455.3,2026-08-04,18:14:00,2026-08-04 18:14:00
IND-USR-061,25.581962,91.895382,605.1,2026-08-04,18:23:00,2026-08-04 18:23:00
IND-USR-061,25.583744,91.88522,344.8,2026-08-04,18:35:00,2026-08-04 18:35:00
IND-USR-061,25.581153,91.888057,538.2,2026-08-04,18:52:00,2026-08-04 18:52:00
IND-USR-061,25.578771,91.892053,909.3,2026-08-04,19:02:00,2026-08-04 19:02:00
IND-USR-061,25.581447,91.894213,936.2,2026-08-04,19:19:00,2026-08-04 19:19:00
IND-USR-061,25.58418,91.890892,198.1,2026-08-04,19:38:00,2026-08-04 19:38:00
IND-USR-061,25.581636,91.893949,910.3,2026-08-04,19:46:00,2026-08-04 19:46:00
IND-USR-061,25.572259,91.889626,287.9,2026-08-04,19:51:00,2026-08-04 19:51:00
IND-USR-061,25.5782,91.897749,701.4,2026-08-04,19:54:00,2026-08-04 19:54:00
IND-USR-061,25.580655,91.88863,502.1,2026-08-04,20:02:00,2026-08-04 20:02:00
IND-USR-061,25.578239,91.901371,275.5,2026-08-04,20:20:00,2026-08-04 20:20:00
IND-USR-061,25.579245,91.891991,407.6,2026-08-04,20:34:00,2026-08-04 20:34:00
IND-USR-061,25.580767,91.896354,290.3,2026-08-04,20:36:00,2026-08-04 20:36:00
IND-USR-061,25.576975,91.89531,145.4,2026-08-04,20:44:00,2026-08-04 20:44:00
IND-USR-061,25.577484,91.896177,37.1,2026-08-04,20:46:00,2026-08-04 20:46:00
IND-USR-061,25.579479,91.895228,84.0,2026-08-04,21:01:00,2026-08-04 21:01:00
IND-USR-061,25.575763,91.890015,739.2,2026-08-04,21:17:00,2026-08-04 21:17:00
IND-USR-061,25.582582,91.892982,429.9,2026-08-04,21:23:00,2026-08-04 21:23:00
IND-USR-061,25.57994,91.892074,531.9,2026-08-04,21:37:00,2026-08-04 21:37:00
IND-USR-061,25.582395,91.890869,723.0,2026-08-04,21:53:00,2026-08-04 21:53:00
IND-USR-061,25.578258,91.896444,890.7,2026-08-04,21:58:00,2026-08-04 21:58:00
IND-USR-061,25.583492,91.891205,269.4,2026-08-04,22:14:00,2026-08-04 22:14:00
IND-USR-061,25.586639,91.894553,277.7,2026-08-04,22:30:00,2026-08-04 22:30:00
IND-USR-061,25.574628,91.894776,130.8,2026-08-04,22:50:00,2026-08-04 22:50:00
IND-USR-061,25.577268,91.895036,126.5,2026-08-04,22:52:00,2026-08-04 22:52:00
IND-USR-061,25.578629,91.893597,529.4,2026-08-04,23:04:00,2026-08-04 23:04:00
IND-USR-061,25.575154,91.89726,143.2,2026-08-04,23:17:00,2026-08-04 23:17:00
IND-USR-061,25.574175,91.888865,527.1,2026-08-04,23:31:00,2026-08-04 23:31:00
IND-USR-061,25.580269,91.899711,617.5,2026-08-04,23:46:00,2026-08-04 23:46:00
IND-USR-061,25.57739,91.896104,177.3,2026-08-05,00:00:00,2026-08-05 00:00:00
IND-USR-061,25.583093,91.896559,615.0,2026-08-05,00:03:00,2026-08-05 00:03:00
IND-USR-061,25.577555,91.888936,541.7,2026-08-05,00:15:00,2026-08-05 00:15:00
IND-USR-061,25.56997,91.892249,47.0,2026-08-05,00:35:00,2026-08-05 00:35:00
IND-USR-061,25.583512,91.888803,62.5,2026-08-05,00:53:00,2026-08-05 00:53:00
IND-USR-061,25.581601,91.889499,476.9,2026-08-05,00:59:00,2026-08-05 00:59:00
IND-USR-061,25.579224,91.896131,141.5,2026-08-05,01:03:00,2026-08-05 01:03:00
IND-USR-061,25.576162,91.893982,501.4,2026-08-05,01:08:00,2026-08-05 01:08:00
IND-USR-061,25.57714,91.896121,96.3,2026-08-05,01:17:00,2026-08-05 01:17:00
IND-USR-061,25.579741,91.893526,924.0,2026-08-05,01:30:00,2026-08-05 01:30:00
IND-USR-061,25.585033,91.895949,86.3,2026-08-05,01:42:00,2026-08-05 01:42:00
IND-USR-062,25.576039,91.892957,386.5,2026-08-06,06:17:00,2026-08-06 06:17:00
IND-USR-062,25.578496,91.893621,503.2,2026-08-06,06:20:00,2026-08-06 06:20:00
IND-USR-062,25.588898,91.894783,662.9,2026-08-06,06:34:00,2026-08-06 06:34:00
IND-USR-062,25.570656,91.891129,783.5,2026-08-06,06:53:00,2026-08-06 06:53:00
IND-USR-062,25.571071,91.891981,431.6,2026-08-06,07:01:00,2026-08-06 07:01:00
IND-USR-062,25.570851,91.889814,727.0,2026-08-06,07:06:00,2026-08-06 07:06:00
IND-USR-062,25.572717,91.894837,223.8,2026-08-06,07:16:00,2026-08-06 07:16:00
IND-USR-062,25.578802,91.894512,616.1,2026-08-06,07:19:00,2026-08-06 07:19:00
IND-USR-062,25.578382,91.887723,32.8,2026-08-06,07:38:00,2026-08-06 07:38:00
IND-USR-062,25.580854,91.900989,460.0,2026-08-06,07:47:00,2026-08-06 07:47:00
IND-USR-062,25.580437,91.891596,215.9,2026-08-06,07:50:00,2026-08-06 07:50:00
IND-USR-062,25.573088,91.889668,903.0,2026-08-06,07:59:00,2026-08-06 07:59:00
IND-USR-062,25.580612,91.897592,480.5,2026-08-06,08:05:00,2026-08-06 08:05:00
IND-USR-062,25.579843,91.8965,374.3,2026-08-06,08:17:00,2026-08-06 08:17:00
IND-USR-062,25.581631,91.895326,28.1,2026-08-06,08:31:00,2026-08-06 08:31:00
IND-USR-062,25.576166,91.893996,472.7,2026-08-06,08:42:00,2026-08-06 08:42:00
IND-USR-062,25.575406,91.89337,527.0,2026-08-06,08:57:00,2026-08-06 08:57:00
IND-USR-062,25.580123,91.900015,198.1,2026-08-06,09:00:00,2026-08-06 09:00:00
IND-USR-062,25.573561,91.895226,206.3,2026-08-06,09:03:00,2026-08-06 09:03:00
IND-USR-062,25.584725,91.896335,472.0,2026-08-06,09:23:00,2026-08-06 09:23:00
IND-USR-062,25.582132,91.895651,669.7,2026-08-06,09:36:00,2026-08-06 09:36:00
IND-USR-062,25.583993,91.88895,838.7,2026-08-06,09:56:00,2026-08-06 09:56:00
IND-USR-062,25.573256,91.893275,854.7,2026-08-06,10:14:00,2026-08-06 10:14:00
IND-USR-062,25.570155,91.898223,383.4,2026-08-06,10:21:00,2026-08-06 10:21:00
IND-USR-062,25.583683,91.891567,514.1,2026-08-06,10:27:00,2026-08-06 10:27:00
IND-USR-062,25.577317,91.893011,259.7,2026-08-06,10:38:00,2026-08-06 10:38:00
IND-USR-062,25.579008,91.893809,490.2,2026-08-06,10:51:00,2026-08-06 10:51:00
IND-USR-062,25.581033,91.892609,794.7,2026-08-06,10:58:00,2026-08-06 10:58:00
IND-USR-062,25.582573,91.895084,324.4,2026-08-06,11:08:00,2026-08-06 11:08:00
IND-USR-062,25.576372,91.89864,854.1,2026-08-06,11:20:00,2026-08-06 11:20:00
IND-USR-062,25.573367,91.892931,122.0,2026-08-06,11:34:00,2026-08-06 11:34:00
IND-USR-062,25.582668,91.890408,434.6,2026-08-06,11:45:00,2026-08-06 11:45:00
IND-USR-062,25.580038,91.895473,577.2,2026-08-06,12:01:00,2026-08-06 12:01:00
IND-USR-062,25.575358,91.89301,733.8,2026-08-06,12:19:00,2026-08-06 12:19:00
IND-USR-062,25.578174,91.891093,183.7,2026-08-06,12:27:00,2026-08-06 12:27:00
IND-USR-062,25.588007,91.890248,374.2,2026-08-06,12:30:00,2026-08-06 12:30:00
IND-USR-062,25.58282,91.891729,708.2,2026-08-06,12:35:00,2026-08-06 12:35:00
IND-USR-062,25.574453,91.893711,198.1,2026-08-06,12:43:00,2026-08-06 12:43:00
IND-USR-062,25.581396,91.896982,701.6,2026-08-06,13:03:00,2026-08-06 13:03:00
IND-USR-062,25.585049,91.905081,793.0,2026-08-06,13:14:00,2026-08-06 13:14:00
IND-USR-062,25.579802,91.890648,843.5,2026-08-06,13:22:00,2026-08-06 13:22:00
IND-USR-062,25.580611,91.892235,349.3,2026-08-06,13:33:00,2026-08-06 13:33:00
IND-USR-062,25.582504,91.888111,619.0,2026-08-06,13:36:00,2026-08-06 13:36:00
IND-USR-062,25.588273,91.896724,542.8,2026-08-06,13:45:00,2026-08-06 13:45:00
IND-USR-062,25.572064,91.890464,213.8,2026-08-06,13:55:00,2026-08-06 13:55:00
IND-USR-062,25.582064,91.898005,301.3,2026-08-06,13:57:00,2026-08-06 13:57:00
IND-USR-062,25.573711,91.896152,789.8,2026-08-06,14:05:00,2026-08-06 14:05:00
IND-USR-062,25.571011,91.892943,204.0,2026-08-06,14:17:00,2026-08-06 14:17:00
IND-USR-062,25.583248,91.891094,686.8,2026-08-06,14:31:00,2026-08-06 14:31:00
IND-USR-062,25.572772,91.893885,935.2,2026-08-06,14:47:00,2026-08-06 14:47:00
IND-USR-062,25.576381,91.895818,875.6,2026-08-06,14:54:00,2026-08-06 14:54:00
IND-USR-062,25.575259,91.890209,537.2,2026-08-06,15:11:00,2026-08-06 15:11:00
IND-USR-062,25.570716,91.89398,757.3,2026-08-06,15:22:00,2026-08-06 15:22:00
IND-USR-062,25.578156,91.888546,83.0,2026-08-06,15:31:00,2026-08-06 15:31:00
IND-USR-062,25.579575,91.897408,841.3,2026-08-06,15:36:00,2026-08-06 15:36:00
IND-USR-062,25.577938,91.894373,592.1,2026-08-06,15:38:00,2026-08-06 15:38:00
IND-USR-062,25.579893,91.888483,900.0,2026-08-06,15:40:00,2026-08-06 15:40:00
IND-USR-062,25.587026,91.891417,295.2,2026-08-06,15:42:00,2026-08-06 15:42:00
IND-USR-062,25.581424,91.896377,695.0,2026-08-06,15:56:00,2026-08-06 15:56:00
IND-USR-062,25.578242,91.895727,101.4,2026-08-06,16:03:00,2026-08-06 16:03:00
IND-USR-062,25.579783,91.887629,212.4,2026-08-06,16:16:00,2026-08-06 16:16:00
IND-USR-062,25.577471,91.89085,922.7,2026-08-06,16:24:00,2026-08-06 16:24:00
IND-USR-062,25.576953,91.888084,81.5,2026-08-06,16:37:00,2026-08-06 16:37:00
IND-USR-062,25.583306,91.899708,624.4,2026-08-06,16:52:00,2026-08-06 16:52:00
IND-USR-062,25.582712,91.898382,734.2,2026-08-06,17:03:00,2026-08-06 17:03:00
IND-USR-062,25.577421,91.890755,293.9,2026-08-06,17:08:00,2026-08-06 17:08:00
IND-USR-062,25.575686,91.895876,439.5,2026-08-06,17:18:00,2026-08-06 17:18:00
IND-USR-062,25.579708,91.892991,123.1,2026-08-06,17:26:00,2026-08-06 17:26:00
IND-USR-062,25.583981,91.89492,837.5,2026-08-06,17:28:00,2026-08-06 17:28:00
IND-USR-062,25.575445,91.890576,174.1,2026-08-06,17:45:00,2026-08-06 17:45:00
IND-USR-062,25.581528,91.897467,90.9,2026-08-06,17:50:00,2026-08-06 17:50:00
IND-USR-062,25.581007,91.900888,437.9,2026-08-06,17:59:00,2026-08-06 17:59:00
IND-USR-062,25.58534,91.895064,663.2,2026-08-06,18:19:00,2026-08-06 18:19:00
IND-USR-062,25.575446,91.88806,263.9,2026-08-06,18:29:00,2026-08-06 18:29:00
IND-USR-062,25.57725,91.896313,460.9,2026-08-06,18:49:00,2026-08-06 18:49:00
IND-USR-062,25.586107,91.89497,212.5,2026-08-06,18:55:00,2026-08-06 18:55:00
IND-USR-062,25.583475,91.892319,647.3,2026-08-06,19:09:00,2026-08-06 19:09:00
IND-USR-062,25.581291,91.896593,44.9,2026-08-06,19:11:00,2026-08-06 19:11:00
IND-USR-062,25.570882,91.891646,790.6,2026-08-06,19:26:00,2026-08-06 19:26:00
IND-USR-062,25.582599,91.894398,174.5,2026-08-06,19:41:00,2026-08-06 19:41:00
IND-USR-062,25.574014,91.88358,552.2,2026-08-06,19:43:00,2026-08-06 19:43:00
IND-USR-062,25.577337,91.893014,627.2,2026-08-06,19:46:00,2026-08-06 19:46:00
IND-USR-062,25.575264,91.893872,677.3,2026-08-06,19:56:00,2026-08-06 19:56:00
IND-USR-062,25.580826,91.895983,200.5,2026-08-06,20:13:00,2026-08-06 20:13:00
IND-USR-063,25.569376,91.888043,915.4,2026-08-05,06:10:00,2026-08-05 06:10:00
IND-USR-063,25.577582,91.895589,230.7,2026-08-05,06:18:00,2026-08-05 06:18:00
IND-USR-063,25.580757,91.895187,771.7,2026-08-05,06:34:00,2026-08-05 06:34:00
IND-USR-063,25.577266,91.891989,831.1,2026-08-05,06:37:00,2026-08-05 06:37:00
IND-USR-063,25.575887,91.896373,535.4,2026-08-05,06:52:00,2026-08-05 06:52:00
IND-USR-063,25.575118,91.8967,754.4,2026-08-05,07:09:00,2026-08-05 07:09:00
IND-USR-063,25.579631,91.89312,279.3,2026-08-05,07:12:00,2026-08-05 07:12:00
IND-USR-063,25.576173,91.887878,572.2,2026-08-05,07:16:00,2026-08-05 07:16:00
IND-USR-063,25.576209,91.89198,781.5,2026-08-05,07:32:00,2026-08-05 07:32:00
IND-USR-063,25.569324,91.892511,164.1,2026-08-05,07:51:00,2026-08-05 07:51:00
IND-USR-063,25.582497,91.895569,692.6,2026-08-05,08:04:00,2026-08-05 08:04:00
IND-USR-063,25.576815,91.893488,147.0,2026-08-05,08:23:00,2026-08-05 08:23:00
IND-USR-063,25.576575,91.893895,392.6,2026-08-05,08:36:00,2026-08-05 08:36:00
IND-USR-063,25.58496,91.897174,387.7,2026-08-05,08:56:00,2026-08-05 08:56:00
IND-USR-063,25.580883,91.891328,934.5,2026-08-05,09:12:00,2026-08-05 09:12:00
IND-USR-063,25.5818,91.886552,148.8,2026-08-05,09:23:00,2026-08-05 09:23:00
IND-USR-063,25.577791,91.895635,645.2,2026-08-05,09:40:00,2026-08-05 09:40:00
IND-USR-063,25.581762,91.89598,348.7,2026-08-05,09:55:00,2026-08-05 09:55:00
IND-USR-063,25.579979,91.892517,91.3,2026-08-05,10:10:00,2026-08-05 10:10:00
IND-USR-063,25.580952,91.889489,841.7,2026-08-05,10:20:00,2026-08-05 10:20:00
IND-USR-063,25.575421,91.893547,879.2,2026-08-05,10:32:00,2026-08-05 10:32:00
IND-USR-063,25.579493,91.885998,433.7,2026-08-05,10:48:00,2026-08-05 10:48:00
IND-USR-063,25.580621,91.896391,820.1,2026-08-05,11:07:00,2026-08-05 11:07:00
IND-USR-063,25.578491,91.902798,846.4,2026-08-05,11:14:00,2026-08-05 11:14:00
IND-USR-063,25.576068,91.891856,486.0,2026-08-05,11:26:00,2026-08-05 11:26:00
IND-USR-063,25.57722,91.892995,572.9,2026-08-05,11:32:00,2026-08-05 11:32:00
IND-USR-063,25.577485,91.887673,604.7,2026-08-05,11:51:00,2026-08-05 11:51:00
IND-USR-063,25.576614,91.89291,810.0,2026-08-05,11:58:00,2026-08-05 11:58:00
IND-USR-063,25.583714,91.902109,141.2,2026-08-05,12:18:00,2026-08-05 12:18:00
IND-USR-063,25.584142,91.890198,785.2,2026-08-05,12:26:00,2026-08-05 12:26:00
IND-USR-063,25.576017,91.892663,86.8,2026-08-05,12:40:00,2026-08-05 12:40:00
IND-USR-063,25.585938,91.892638,837.9,2026-08-05,12:55:00,2026-08-05 12:55:00
IND-USR-063,25.57349,91.891295,521.4,2026-08-05,13:13:00,2026-08-05 13:13:00
IND-USR-063,25.581828,91.89606,107.6,2026-08-05,13:31:00,2026-08-05 13:31:00
IND-USR-063,25.577999,91.896034,249.4,2026-08-05,13:33:00,2026-08-05 13:33:00
IND-USR-063,25.569707,91.893715,634.8,2026-08-05,13:52:00,2026-08-05 13:52:00
IND-USR-063,25.582243,91.889969,705.3,2026-08-05,13:59:00,2026-08-05 13:59:00
IND-USR-063,25.575455,91.885834,469.8,2026-08-05,14:11:00,2026-08-05 14:11:00
IND-USR-063,25.58516,91.890419,697.9,2026-08-05,14:23:00,2026-08-05 14:23:00
IND-USR-063,25.579764,91.895716,525.5,2026-08-05,14:36:00,2026-08-05 14:36:00
IND-USR-063,25.584848,91.892684,501.7,2026-08-05,14:50:00,2026-08-05 14:50:00
IND-USR-063,25.576642,91.893992,215.9,2026-08-05,15:04:00,2026-08-05 15:04:00
IND-USR-063,25.583936,91.892619,714.8,2026-08-05,15:17:00,2026-08-05 15:17:00
IND-USR-063,25.574981,91.887137,222.3,2026-08-05,15:22:00,2026-08-05 15:22:00
IND-USR-063,25.573915,91.896758,156.4,2026-08-05,15:38:00,2026-08-05 15:38:00
IND-USR-063,25.577518,91.89087,683.2,2026-08-05,15:46:00,2026-08-05 15:46:00
IND-USR-063,25.575936,91.89364,761.9,2026-08-05,16:04:00,2026-08-05 16:04:00
IND-USR-063,25.577842,91.892207,145.7,2026-08-05,16:21:00,2026-08-05 16:21:00
IND-USR-063,25.584197,91.899452,663.2,2026-08-05,16:25:00,2026-08-05 16:25:00
IND-USR-063,25.57236,91.89461,237.3,2026-08-05,16:36:00,2026-08-05 16:36:00
IND-USR-063,25.575693,91.892307,294.7,2026-08-05,16:50:00,2026-08-05 16:50:00
IND-USR-063,25.580037,91.892449,519.4,2026-08-05,16:58:00,2026-08-05 16:58:00
IND-USR-063,25.579722,91.895992,904.5,2026-08-05,17:03:00,2026-08-05 17:03:00
IND-USR-063,25.579978,91.890713,32.1,2026-08-05,17:11:00,2026-08-05 17:11:00
IND-USR-063,25.576283,91.887541,288.0,2026-08-05,17:13:00,2026-08-05 17:13:00
IND-USR-063,25.575384,91.901148,184.6,2026-08-05,17:21:00,2026-08-05 17:21:00
IND-USR-063,25.575632,91.888526,73.0,2026-08-05,17:25:00,2026-08-05 17:25:00
IND-USR-063,25.58008,91.892859,904.0,2026-08-05,17:41:00,2026-08-05 17:41:00
IND-USR-063,25.578018,91.898936,898.2,2026-08-05,17:56:00,2026-08-05 17:56:00
IND-USR-063,25.580997,91.89118,19.9,2026-08-05,18:10:00,2026-08-05 18:10:00
IND-USR-063,25.577102,91.89129,332.6,2026-08-05,18:21:00,2026-08-05 18:21:00
IND-USR-063,25.582299,91.892067,205.9,2026-08-05,18:34:00,2026-08-05 18:34:00
IND-USR-063,25.571627,91.893107,592.1,2026-08-05,18:49:00,2026-08-05 18:49:00
IND-USR-063,25.572652,91.902037,607.1,2026-08-05,19:06:00,2026-08-05 19:06:00
IND-USR-063,25.574937,91.892653,49.4,2026-08-05,19:26:00,2026-08-05 19:26:00
IND-USR-063,25.579833,91.892145,928.4,2026-08-05,19:43:00,2026-08-05 19:43:00
IND-USR-063,25.57764,91.894987,310.5,2026-08-05,20:00:00,2026-08-05 20:00:00
IND-USR-063,25.584905,91.89637,250.4,2026-08-05,20:02:00,2026-08-05 20:02:00
IND-USR-063,25.584714,91.889114,819.5,2026-08-05,20:19:00,2026-08-05 20:19:00
IND-USR-063,25.580069,91.893921,717.7,2026-08-05,20:33:00,2026-08-05 20:33:00
IND-USR-063,25.580204,91.898805,407.3,2026-08-05,20:38:00,2026-08-05 20:38:00
IND-USR-063,25.577917,91.891678,593.0,2026-08-05,20:58:00,2026-08-05 20:58:00
IND-USR-063,25.580936,91.886187,902.2,2026-08-05,21:11:00,2026-08-05 21:11:00
IND-USR-063,25.577853,91.892763,945.0,2026-08-05,21:28:00,2026-08-05 21:28:00
IND-USR-063,25.575119,91.897528,46.4,2026-08-05,21:42:00,2026-08-05 21:42:00
IND-USR-063,25.574551,91.892757,723.5,2026-08-05,21:59:00,2026-08-05 21:59:00
IND-USR-063,25.579973,91.898714,456.4,2026-08-05,22:03:00,2026-08-05 22:03:00
IND-USR-063,25.578758,91.897045,96.5,2026-08-05,22:22:00,2026-08-05 22:22:00
IND-USR-063,25.581602,91.893794,690.8,2026-08-05,22:31:00,2026-08-05 22:31:00
IND-USR-063,25.574442,91.887562,437.4,2026-08-05,22:36:00,2026-08-05 22:36:00
IND-USR-063,25.579226,91.891129,236.9,2026-08-05,22:48:00,2026-08-05 22:48:00
IND-USR-064,25.582477,91.896283,301.2,2026-08-08,06:12:00,2026-08-08 06:12:00
IND-USR-064,25.578062,91.888669,213.6,2026-08-08,06:28:00,2026-08-08 06:28:00
IND-USR-064,25.580843,91.889228,99.3,2026-08-08,06:43:00,2026-08-08 06:43:00
IND-USR-064,25.575766,91.889382,567.8,2026-08-08,06:49:00,2026-08-08 06:49:00
IND-USR-064,25.578246,91.897981,889.4,2026-08-08,06:51:00,2026-08-08 06:51:00
IND-USR-064,25.57878,91.891527,75.0,2026-08-08,07:07:00,2026-08-08 07:07:00
IND-USR-064,25.572698,91.895508,445.4,2026-08-08,07:14:00,2026-08-08 07:14:00
IND-USR-064,25.575678,91.89377,374.9,2026-08-08,07:34:00,2026-08-08 07:34:00
IND-USR-064,25.577383,91.896653,624.5,2026-08-08,07:53:00,2026-08-08 07:53:00
IND-USR-064,25.578171,91.893064,248.0,2026-08-08,07:56:00,2026-08-08 07:56:00
IND-USR-064,25.580743,91.901728,666.3,2026-08-08,08:01:00,2026-08-08 08:01:00
IND-USR-064,25.582354,91.892946,173.5,2026-08-08,08:18:00,2026-08-08 08:18:00
IND-USR-064,25.578813,91.891201,285.8,2026-08-08,08:34:00,2026-08-08 08:34:00
IND-USR-064,25.575,91.891089,47.4,2026-08-08,08:41:00,2026-08-08 08:41:00
IND-USR-064,25.575711,91.895913,411.1,2026-08-08,08:53:00,2026-08-08 08:53:00
IND-USR-064,25.574515,91.898633,920.5,2026-08-08,08:59:00,2026-08-08 08:59:00
IND-USR-064,25.581808,91.893382,197.2,2026-08-08,09:03:00,2026-08-08 09:03:00
IND-USR-064,25.578801,91.891071,244.1,2026-08-08,09:20:00,2026-08-08 09:20:00
IND-USR-064,25.57988,91.897652,739.2,2026-08-08,09:34:00,2026-08-08 09:34:00
IND-USR-064,25.575987,91.887166,736.1,2026-08-08,09:41:00,2026-08-08 09:41:00
IND-USR-064,25.581613,91.894597,294.1,2026-08-08,09:44:00,2026-08-08 09:44:00
IND-USR-064,25.574319,91.890366,329.7,2026-08-08,09:53:00,2026-08-08 09:53:00
IND-USR-064,25.575364,91.890402,804.8,2026-08-08,10:13:00,2026-08-08 10:13:00
IND-USR-064,25.577505,91.892234,681.0,2026-08-08,10:22:00,2026-08-08 10:22:00
IND-USR-064,25.576197,91.890267,105.4,2026-08-08,10:27:00,2026-08-08 10:27:00
IND-USR-064,25.577885,91.893971,134.1,2026-08-08,10:33:00,2026-08-08 10:33:00
IND-USR-064,25.577535,91.897935,32.3,2026-08-08,10:53:00,2026-08-08 10:53:00
IND-USR-064,25.580832,91.886937,354.7,2026-08-08,11:10:00,2026-08-08 11:10:00
IND-USR-064,25.580895,91.895722,29.3,2026-08-08,11:25:00,2026-08-08 11:25:00
IND-USR-064,25.577061,91.887319,853.8,2026-08-08,11:43:00,2026-08-08 11:43:00
IND-USR-064,25.578832,91.893269,606.7,2026-08-08,11:56:00,2026-08-08 11:56:00
IND-USR-064,25.574313,91.887495,403.5,2026-08-08,12:01:00,2026-08-08 12:01:00
IND-USR-064,25.57845,91.892368,272.2,2026-08-08,12:04:00,2026-08-08 12:04:00
IND-USR-064,25.577131,91.892966,669.9,2026-08-08,12:23:00,2026-08-08 12:23:00
IND-USR-064,25.574389,91.891561,71.3,2026-08-08,12:27:00,2026-08-08 12:27:00
IND-USR-064,25.580933,91.8919,835.1,2026-08-08,12:37:00,2026-08-08 12:37:00
IND-USR-064,25.572112,91.891409,456.1,2026-08-08,12:50:00,2026-08-08 12:50:00
IND-USR-064,25.574519,91.894369,874.1,2026-08-08,13:08:00,2026-08-08 13:08:00
IND-USR-064,25.580075,91.886665,123.8,2026-08-08,13:14:00,2026-08-08 13:14:00
IND-USR-064,25.581836,91.888851,91.2,2026-08-08,13:21:00,2026-08-08 13:21:00
IND-USR-064,25.585037,91.893105,634.8,2026-08-08,13:28:00,2026-08-08 13:28:00
IND-USR-064,25.573814,91.888732,630.3,2026-08-08,13:44:00,2026-08-08 13:44:00
IND-USR-064,25.580192,91.891735,360.9,2026-08-08,14:03:00,2026-08-08 14:03:00
IND-USR-064,25.578413,91.899751,459.2,2026-08-08,14:13:00,2026-08-08 14:13:00
IND-USR-064,25.576003,91.89354,557.2,2026-08-08,14:20:00,2026-08-08 14:20:00
IND-USR-064,25.584479,91.894382,536.1,2026-08-08,14:25:00,2026-08-08 14:25:00
IND-USR-064,25.572374,91.895322,200.3,2026-08-08,14:34:00,2026-08-08 14:34:00
IND-USR-064,25.574148,91.898927,135.2,2026-08-08,14:45:00,2026-08-08 14:45:00
IND-USR-064,25.575509,91.905178,20.5,2026-08-08,14:59:00,2026-08-08 14:59:00
IND-USR-064,25.58467,91.890114,489.6,2026-08-08,15:02:00,2026-08-08 15:02:00
IND-USR-064,25.57888,91.896315,116.0,2026-08-08,15:04:00,2026-08-08 15:04:00
IND-USR-064,25.581935,91.895069,560.4,2026-08-08,15:14:00,2026-08-08 15:14:00
IND-USR-064,25.583809,91.892808,295.1,2026-08-08,15:16:00,2026-08-08 15:16:00
IND-USR-064,25.577333,91.891913,310.4,2026-08-08,15:22:00,2026-08-08 15:22:00
IND-USR-064,25.582233,91.894761,819.0,2026-08-08,15:31:00,2026-08-08 15:31:00
IND-USR-064,25.579965,91.896481,187.3,2026-08-08,15:39:00,2026-08-08 15:39:00
IND-USR-064,25.570596,91.89454,459.6,2026-08-08,15:56:00,2026-08-08 15:56:00
IND-USR-064,25.579674,91.899975,103.1,2026-08-08,16:04:00,2026-08-08 16:04:00
IND-USR-064,25.572686,91.899529,529.9,2026-08-08,16:18:00,2026-08-08 16:18:00
IND-USR-064,25.579102,91.895256,817.2,2026-08-08,16:37:00,2026-08-08 16:37:00
IND-USR-064,25.585504,91.895543,147.3,2026-08-08,16:41:00,2026-08-08 16:41:00
IND-USR-064,25.580401,91.894269,816.4,2026-08-08,16:47:00,2026-08-08 16:47:00
IND-USR-064,25.576866,91.893186,819.5,2026-08-08,16:53:00,2026-08-08 16:53:00
IND-USR-064,25.575938,91.893122,459.0,2026-08-08,16:57:00,2026-08-08 16:57:00
IND-USR-064,25.569456,91.895016,542.2,2026-08-08,17:01:00,2026-08-08 17:01:00
IND-USR-064,25.578313,91.891955,599.3,2026-08-08,17:10:00,2026-08-08 17:10:00
IND-USR-064,25.579679,91.887566,799.4,2026-08-08,17:25:00,2026-08-08 17:25:00
IND-USR-064,25.586517,91.892889,891.4,2026-08-08,17:38:00,2026-08-08 17:38:00
IND-USR-064,25.578217,91.889438,392.0,2026-08-08,17:48:00,2026-08-08 17:48:00
IND-USR-064,25.578896,91.898848,50.3,2026-08-08,18:03:00,2026-08-08 18:03:00
IND-USR-064,25.582944,91.896718,743.8,2026-08-08,18:15:00,2026-08-08 18:15:00
IND-USR-064,25.580986,91.891866,191.0,2026-08-08,18:17:00,2026-08-08 18:17:00
IND-USR-064,25.572999,91.892496,377.3,2026-08-08,18:30:00,2026-08-08 18:30:00
IND-USR-064,25.577857,91.897495,713.7,2026-08-08,18:39:00,2026-08-08 18:39:00
IND-USR-064,25.580038,91.899749,460.6,2026-08-08,18:45:00,2026-08-08 18:45:00
IND-USR-064,25.58359,91.891474,845.4,2026-08-08,19:03:00,2026-08-08 19:03:00
IND-USR-064,25.571619,91.898842,236.9,2026-08-08,19:10:00,2026-08-08 19:10:00
IND-USR-064,25.584238,91.887835,280.4,2026-08-08,19:28:00,2026-08-08 19:28:00
IND-USR-064,25.584837,91.894828,416.8,2026-08-08,19:32:00,2026-08-08 19:32:00
IND-USR-064,25.579443,91.899759,402.3,2026-08-08,19:34:00,2026-08-08 19:34:00
IND-USR-064,25.584179,91.895905,89.8,2026-08-08,19:53:00,2026-08-08 19:53:00
IND-USR-064,25.580693,91.895766,736.5,2026-08-08,19:59:00,2026-08-08 19:59:00
IND-USR-065,23.7255,92.71738,379.7,2026-08-01,06:10:00,2026-08-01 06:10:00
IND-USR-065,23.723491,92.716268,621.2,2026-08-01,06:26:00,2026-08-01 06:26:00
IND-USR-065,23.725633,92.715059,295.3,2026-08-01,06:38:00,2026-08-01 06:38:00
IND-USR-065,23.727647,92.716304,579.0,2026-08-01,06:57:00,2026-08-01 06:57:00
IND-USR-065,23.729109,92.711111,814.1,2026-08-01,07:08:00,2026-08-01 07:08:00
IND-USR-065,23.726647,92.718126,490.8,2026-08-01,07:25:00,2026-08-01 07:25:00
IND-USR-065,23.725857,92.71691,722.0,2026-08-01,07:39:00,2026-08-01 07:39:00
IND-USR-065,23.720759,92.719026,663.5,2026-08-01,07:59:00,2026-08-01 07:59:00
IND-USR-065,23.72969,92.719574,139.0,2026-08-01,08:19:00,2026-08-01 08:19:00
IND-USR-065,23.731255,92.718406,95.5,2026-08-01,08:31:00,2026-08-01 08:31:00
IND-USR-065,23.729015,92.718224,926.7,2026-08-01,08:48:00,2026-08-01 08:48:00
IND-USR-065,23.72985,92.711291,496.0,2026-08-01,09:07:00,2026-08-01 09:07:00
IND-USR-065,23.723526,92.723948,246.5,2026-08-01,09:11:00,2026-08-01 09:11:00
IND-USR-065,23.717258,92.717039,888.1,2026-08-01,09:21:00,2026-08-01 09:21:00
IND-USR-065,23.731789,92.717227,568.8,2026-08-01,09:32:00,2026-08-01 09:32:00
IND-USR-065,23.72548,92.718118,304.3,2026-08-01,09:41:00,2026-08-01 09:41:00
IND-USR-065,23.725688,92.717723,862.8,2026-08-01,09:53:00,2026-08-01 09:53:00
IND-USR-065,23.724366,92.722035,189.8,2026-08-01,10:13:00,2026-08-01 10:13:00
IND-USR-065,23.732793,92.717066,190.3,2026-08-01,10:24:00,2026-08-01 10:24:00
IND-USR-065,23.721554,92.715505,496.6,2026-08-01,10:36:00,2026-08-01 10:36:00
IND-USR-065,23.726364,92.719622,271.8,2026-08-01,10:51:00,2026-08-01 10:51:00
IND-USR-065,23.723068,92.714523,639.5,2026-08-01,11:06:00,2026-08-01 11:06:00
IND-USR-065,23.729143,92.721356,732.2,2026-08-01,11:14:00,2026-08-01 11:14:00
IND-USR-065,23.724614,92.712267,764.1,2026-08-01,11:20:00,2026-08-01 11:20:00
IND-USR-065,23.740236,92.720733,188.6,2026-08-01,11:31:00,2026-08-01 11:31:00
IND-USR-065,23.726032,92.721076,679.9,2026-08-01,11:44:00,2026-08-01 11:44:00
IND-USR-065,23.726602,92.721069,311.9,2026-08-01,12:03:00,2026-08-01 12:03:00
IND-USR-065,23.727738,92.717965,556.8,2026-08-01,12:19:00,2026-08-01 12:19:00
IND-USR-065,23.726646,92.71181,120.2,2026-08-01,12:26:00,2026-08-01 12:26:00
IND-USR-065,23.734852,92.713834,610.3,2026-08-01,12:37:00,2026-08-01 12:37:00
IND-USR-065,23.72166,92.716749,572.2,2026-08-01,12:45:00,2026-08-01 12:45:00
IND-USR-065,23.723254,92.717393,182.1,2026-08-01,12:57:00,2026-08-01 12:57:00
IND-USR-065,23.729851,92.721581,362.5,2026-08-01,13:14:00,2026-08-01 13:14:00
IND-USR-065,23.730359,92.716377,465.3,2026-08-01,13:28:00,2026-08-01 13:28:00
IND-USR-065,23.727298,92.719232,886.5,2026-08-01,13:38:00,2026-08-01 13:38:00
IND-USR-065,23.720069,92.719882,515.2,2026-08-01,13:54:00,2026-08-01 13:54:00
IND-USR-065,23.721271,92.725761,249.4,2026-08-01,14:00:00,2026-08-01 14:00:00
IND-USR-065,23.725482,92.71686,247.4,2026-08-01,14:04:00,2026-08-01 14:04:00
IND-USR-065,23.724021,92.71508,774.3,2026-08-01,14:18:00,2026-08-01 14:18:00
IND-USR-065,23.736196,92.721361,13.1,2026-08-01,14:32:00,2026-08-01 14:32:00
IND-USR-065,23.720903,92.723617,773.3,2026-08-01,14:40:00,2026-08-01 14:40:00
IND-USR-065,23.731873,92.716475,882.1,2026-08-01,14:50:00,2026-08-01 14:50:00
IND-USR-065,23.728327,92.71754,888.7,2026-08-01,15:06:00,2026-08-01 15:06:00
IND-USR-065,23.73499,92.714415,558.6,2026-08-01,15:25:00,2026-08-01 15:25:00
IND-USR-065,23.727684,92.715887,490.5,2026-08-01,15:35:00,2026-08-01 15:35:00
IND-USR-065,23.721368,92.726367,197.2,2026-08-01,15:50:00,2026-08-01 15:50:00
IND-USR-065,23.722374,92.718481,932.7,2026-08-01,15:53:00,2026-08-01 15:53:00
IND-USR-065,23.720137,92.716004,569.6,2026-08-01,16:10:00,2026-08-01 16:10:00
IND-USR-065,23.728788,92.714301,420.9,2026-08-01,16:27:00,2026-08-01 16:27:00
IND-USR-065,23.729447,92.716524,122.3,2026-08-01,16:39:00,2026-08-01 16:39:00
IND-USR-065,23.73174,92.723047,125.5,2026-08-01,16:46:00,2026-08-01 16:46:00
IND-USR-065,23.724753,92.717907,48.6,2026-08-01,16:49:00,2026-08-01 16:49:00
IND-USR-065,23.727834,92.720077,270.7,2026-08-01,16:53:00,2026-08-01 16:53:00
IND-USR-065,23.727158,92.718361,513.1,2026-08-01,17:12:00,2026-08-01 17:12:00
IND-USR-065,23.726126,92.718061,746.8,2026-08-01,17:18:00,2026-08-01 17:18:00
IND-USR-065,23.732292,92.720184,202.6,2026-08-01,17:33:00,2026-08-01 17:33:00
IND-USR-065,23.729905,92.720492,66.3,2026-08-01,17:53:00,2026-08-01 17:53:00
IND-USR-065,23.726485,92.718875,327.3,2026-08-01,17:58:00,2026-08-01 17:58:00
IND-USR-065,23.722759,92.722675,277.1,2026-08-01,18:08:00,2026-08-01 18:08:00
IND-USR-065,23.715968,92.717251,226.7,2026-08-01,18:17:00,2026-08-01 18:17:00
IND-USR-065,23.731664,92.712145,716.6,2026-08-01,18:37:00,2026-08-01 18:37:00
IND-USR-065,23.728699,92.714877,342.3,2026-08-01,18:56:00,2026-08-01 18:56:00
IND-USR-065,23.725625,92.721384,152.6,2026-08-01,19:05:00,2026-08-01 19:05:00
IND-USR-065,23.727892,92.709463,559.1,2026-08-01,19:24:00,2026-08-01 19:24:00
IND-USR-065,23.723194,92.721501,171.5,2026-08-01,19:33:00,2026-08-01 19:33:00
IND-USR-065,23.728896,92.724593,201.0,2026-08-01,19:47:00,2026-08-01 19:47:00
IND-USR-065,23.733831,92.716231,907.2,2026-08-01,19:49:00,2026-08-01 19:49:00
IND-USR-065,23.737113,92.717698,547.0,2026-08-01,19:53:00,2026-08-01 19:53:00
IND-USR-065,23.723249,92.715065,771.0,2026-08-01,20:03:00,2026-08-01 20:03:00
IND-USR-065,23.718073,92.724028,99.9,2026-08-01,20:08:00,2026-08-01 20:08:00
IND-USR-065,23.733479,92.713538,217.7,2026-08-01,20:23:00,2026-08-01 20:23:00
IND-USR-065,23.726188,92.717982,583.0,2026-08-01,20:39:00,2026-08-01 20:39:00
IND-USR-065,23.723259,92.71058,872.6,2026-08-01,20:46:00,2026-08-01 20:46:00
IND-USR-065,23.726259,92.716316,110.9,2026-08-01,20:56:00,2026-08-01 20:56:00
IND-USR-065,23.725546,92.718491,640.9,2026-08-01,21:05:00,2026-08-01 21:05:00
IND-USR-065,23.732818,92.716388,554.9,2026-08-01,21:20:00,2026-08-01 21:20:00
IND-USR-065,23.727782,92.720507,429.4,2026-08-01,21:34:00,2026-08-01 21:34:00
IND-USR-065,23.729317,92.715142,104.3,2026-08-01,21:43:00,2026-08-01 21:43:00
IND-USR-065,23.727486,92.71979,394.0,2026-08-01,21:47:00,2026-08-01 21:47:00
IND-USR-065,23.722587,92.722654,426.0,2026-08-01,22:03:00,2026-08-01 22:03:00
IND-USR-065,23.732826,92.714709,809.6,2026-08-01,22:17:00,2026-08-01 22:17:00
IND-USR-065,23.727875,92.720169,31.6,2026-08-01,22:31:00,2026-08-01 22:31:00
IND-USR-065,23.724918,92.719526,202.8,2026-08-01,22:41:00,2026-08-01 22:41:00
IND-USR-065,23.727753,92.711728,420.5,2026-08-01,22:58:00,2026-08-01 22:58:00
IND-USR-065,23.728937,92.713199,331.8,2026-08-01,23:16:00,2026-08-01 23:16:00
IND-USR-065,23.730857,92.714915,479.1,2026-08-01,23:18:00,2026-08-01 23:18:00
IND-USR-065,23.726455,92.723089,797.9,2026-08-01,23:32:00,2026-08-01 23:32:00
IND-USR-065,23.729086,92.713282,360.6,2026-08-01,23:40:00,2026-08-01 23:40:00
IND-USR-065,23.72304,92.715203,574.9,2026-08-01,23:44:00,2026-08-01 23:44:00
IND-USR-065,23.728679,92.719033,168.3,2026-08-01,23:58:00,2026-08-01 23:58:00
IND-USR-065,23.723728,92.712931,204.7,2026-08-02,00:12:00,2026-08-02 00:12:00
IND-USR-065,23.728226,92.716873,342.1,2026-08-02,00:24:00,2026-08-02 00:24:00
IND-USR-065,23.735729,92.717746,243.8,2026-08-02,00:34:00,2026-08-02 00:34:00
IND-USR-065,23.734357,92.712918,854.5,2026-08-02,00:45:00,2026-08-02 00:45:00
IND-USR-065,23.720807,92.71312,574.4,2026-08-02,00:59:00,2026-08-02 00:59:00
IND-USR-065,23.731857,92.724624,913.0,2026-08-02,01:16:00,2026-08-02 01:16:00
IND-USR-065,23.723971,92.715758,239.4,2026-08-02,01:36:00,2026-08-02 01:36:00
IND-USR-065,23.722424,92.710353,435.1,2026-08-02,01:40:00,2026-08-02 01:40:00
IND-USR-065,23.729974,92.718492,375.5,2026-08-02,01:42:00,2026-08-02 01:42:00
IND-USR-065,23.727142,92.712,347.9,2026-08-02,01:55:00,2026-08-02 01:55:00
IND-USR-065,23.73366,92.715587,471.5,2026-08-02,01:57:00,2026-08-02 01:57:00
IND-USR-065,23.729235,92.711782,864.6,2026-08-02,02:13:00,2026-08-02 02:13:00
IND-USR-065,23.726338,92.718765,421.1,2026-08-02,02:17:00,2026-08-02 02:17:00
IND-USR-066,23.728408,92.718219,354.6,2026-08-06,06:10:00,2026-08-06 06:10:00
IND-USR-066,23.729078,92.713078,459.8,2026-08-06,06:20:00,2026-08-06 06:20:00
IND-USR-066,23.727889,92.718055,216.0,2026-08-06,06:27:00,2026-08-06 06:27:00
IND-USR-066,23.728027,92.717889,616.3,2026-08-06,06:47:00,2026-08-06 06:47:00
IND-USR-066,23.722007,92.712329,771.5,2026-08-06,07:05:00,2026-08-06 07:05:00
IND-USR-066,23.718243,92.72087,930.4,2026-08-06,07:08:00,2026-08-06 07:08:00
IND-USR-066,23.730411,92.720974,55.1,2026-08-06,07:21:00,2026-08-06 07:21:00
IND-USR-066,23.728327,92.709068,94.6,2026-08-06,07:30:00,2026-08-06 07:30:00
IND-USR-066,23.722993,92.718282,96.8,2026-08-06,07:37:00,2026-08-06 07:37:00
IND-USR-066,23.727642,92.716709,57.1,2026-08-06,07:56:00,2026-08-06 07:56:00
IND-USR-066,23.728576,92.717647,503.7,2026-08-06,08:00:00,2026-08-06 08:00:00
IND-USR-066,23.727583,92.715044,435.9,2026-08-06,08:10:00,2026-08-06 08:10:00
IND-USR-066,23.731028,92.715877,143.1,2026-08-06,08:21:00,2026-08-06 08:21:00
IND-USR-066,23.721777,92.714516,271.8,2026-08-06,08:36:00,2026-08-06 08:36:00
IND-USR-066,23.725706,92.721576,225.3,2026-08-06,08:43:00,2026-08-06 08:43:00
IND-USR-066,23.726931,92.716855,166.6,2026-08-06,08:54:00,2026-08-06 08:54:00
IND-USR-066,23.722105,92.720742,227.9,2026-08-06,08:58:00,2026-08-06 08:58:00
IND-USR-066,23.724492,92.7172,593.7,2026-08-06,09:02:00,2026-08-06 09:02:00
IND-USR-066,23.733021,92.719635,625.3,2026-08-06,09:22:00,2026-08-06 09:22:00
IND-USR-066,23.720587,92.710522,280.9,2026-08-06,09:29:00,2026-08-06 09:29:00
IND-USR-066,23.726843,92.712749,895.5,2026-08-06,09:46:00,2026-08-06 09:46:00
IND-USR-066,23.729694,92.717769,232.1,2026-08-06,09:53:00,2026-08-06 09:53:00
IND-USR-066,23.727762,92.714773,576.5,2026-08-06,10:01:00,2026-08-06 10:01:00
IND-USR-066,23.734066,92.72897,73.3,2026-08-06,10:05:00,2026-08-06 10:05:00
IND-USR-066,23.725986,92.719012,262.9,2026-08-06,10:10:00,2026-08-06 10:10:00
IND-USR-066,23.72749,92.716561,511.9,2026-08-06,10:17:00,2026-08-06 10:17:00
IND-USR-066,23.723772,92.71326,530.2,2026-08-06,10:33:00,2026-08-06 10:33:00
IND-USR-066,23.722558,92.719221,689.8,2026-08-06,10:46:00,2026-08-06 10:46:00
IND-USR-066,23.725021,92.707287,511.6,2026-08-06,10:52:00,2026-08-06 10:52:00
IND-USR-066,23.728879,92.717447,240.9,2026-08-06,10:59:00,2026-08-06 10:59:00
IND-USR-066,23.732487,92.719092,315.9,2026-08-06,11:01:00,2026-08-06 11:01:00
IND-USR-066,23.721185,92.708681,730.4,2026-08-06,11:08:00,2026-08-06 11:08:00
IND-USR-066,23.724222,92.7151,774.5,2026-08-06,11:26:00,2026-08-06 11:26:00
IND-USR-066,23.730873,92.717565,484.2,2026-08-06,11:44:00,2026-08-06 11:44:00
IND-USR-066,23.731635,92.712301,380.2,2026-08-06,11:47:00,2026-08-06 11:47:00
IND-USR-066,23.730961,92.720484,55.4,2026-08-06,11:54:00,2026-08-06 11:54:00
IND-USR-066,23.719027,92.72289,805.7,2026-08-06,12:00:00,2026-08-06 12:00:00
IND-USR-066,23.727474,92.719168,820.0,2026-08-06,12:09:00,2026-08-06 12:09:00
IND-USR-066,23.72364,92.722701,549.4,2026-08-06,12:22:00,2026-08-06 12:22:00
IND-USR-066,23.722357,92.720928,444.7,2026-08-06,12:32:00,2026-08-06 12:32:00
IND-USR-066,23.730382,92.713703,174.6,2026-08-06,12:48:00,2026-08-06 12:48:00
IND-USR-066,23.735033,92.718526,680.6,2026-08-06,12:53:00,2026-08-06 12:53:00
IND-USR-066,23.729716,92.711492,611.7,2026-08-06,13:00:00,2026-08-06 13:00:00
IND-USR-066,23.735571,92.712702,73.0,2026-08-06,13:03:00,2026-08-06 13:03:00
IND-USR-066,23.7312,92.713621,137.7,2026-08-06,13:17:00,2026-08-06 13:17:00
IND-USR-066,23.724624,92.720755,443.1,2026-08-06,13:28:00,2026-08-06 13:28:00
IND-USR-066,23.73121,92.712515,646.9,2026-08-06,13:45:00,2026-08-06 13:45:00
IND-USR-066,23.731462,92.72178,527.3,2026-08-06,13:59:00,2026-08-06 13:59:00
IND-USR-066,23.723348,92.723995,845.5,2026-08-06,14:13:00,2026-08-06 14:13:00
IND-USR-066,23.721273,92.715101,914.4,2026-08-06,14:29:00,2026-08-06 14:29:00
IND-USR-066,23.729016,92.714186,342.7,2026-08-06,14:47:00,2026-08-06 14:47:00
IND-USR-066,23.728155,92.718564,685.3,2026-08-06,15:07:00,2026-08-06 15:07:00
IND-USR-066,23.726352,92.72093,716.5,2026-08-06,15:21:00,2026-08-06 15:21:00
IND-USR-066,23.726187,92.718526,890.7,2026-08-06,15:39:00,2026-08-06 15:39:00
IND-USR-066,23.731686,92.720763,483.0,2026-08-06,15:46:00,2026-08-06 15:46:00
IND-USR-066,23.730244,92.713003,128.7,2026-08-06,16:03:00,2026-08-06 16:03:00
IND-USR-066,23.729199,92.714086,204.5,2026-08-06,16:06:00,2026-08-06 16:06:00
IND-USR-066,23.721974,92.717313,801.4,2026-08-06,16:19:00,2026-08-06 16:19:00
IND-USR-066,23.723483,92.720762,578.1,2026-08-06,16:24:00,2026-08-06 16:24:00
IND-USR-066,23.730358,92.709989,369.6,2026-08-06,16:39:00,2026-08-06 16:39:00
IND-USR-066,23.723787,92.711761,361.2,2026-08-06,16:50:00,2026-08-06 16:50:00
IND-USR-066,23.725249,92.719421,468.0,2026-08-06,17:02:00,2026-08-06 17:02:00
IND-USR-066,23.726131,92.715241,212.6,2026-08-06,17:04:00,2026-08-06 17:04:00
IND-USR-066,23.732301,92.708381,432.9,2026-08-06,17:10:00,2026-08-06 17:10:00
IND-USR-066,23.732047,92.715423,753.1,2026-08-06,17:30:00,2026-08-06 17:30:00
IND-USR-066,23.726788,92.715491,620.1,2026-08-06,17:36:00,2026-08-06 17:36:00
IND-USR-066,23.733272,92.712676,382.6,2026-08-06,17:47:00,2026-08-06 17:47:00
IND-USR-066,23.727147,92.71971,25.4,2026-08-06,17:53:00,2026-08-06 17:53:00
IND-USR-066,23.720656,92.71392,859.4,2026-08-06,18:02:00,2026-08-06 18:02:00
IND-USR-066,23.726507,92.714053,467.6,2026-08-06,18:12:00,2026-08-06 18:12:00
IND-USR-066,23.723838,92.716201,680.1,2026-08-06,18:28:00,2026-08-06 18:28:00
IND-USR-066,23.729698,92.716229,839.4,2026-08-06,18:41:00,2026-08-06 18:41:00
IND-USR-066,23.731414,92.713609,132.6,2026-08-06,18:57:00,2026-08-06 18:57:00
IND-USR-066,23.722092,92.725305,240.6,2026-08-06,19:00:00,2026-08-06 19:00:00
IND-USR-066,23.724468,92.712356,853.2,2026-08-06,19:06:00,2026-08-06 19:06:00
IND-USR-066,23.720132,92.7219,287.7,2026-08-06,19:11:00,2026-08-06 19:11:00
IND-USR-066,23.725735,92.716585,339.5,2026-08-06,19:14:00,2026-08-06 19:14:00
IND-USR-066,23.726463,92.721652,843.8,2026-08-06,19:28:00,2026-08-06 19:28:00
IND-USR-066,23.726382,92.726976,83.4,2026-08-06,19:43:00,2026-08-06 19:43:00
IND-USR-066,23.727635,92.721847,343.5,2026-08-06,19:54:00,2026-08-06 19:54:00
IND-USR-066,23.730321,92.717454,528.5,2026-08-06,20:12:00,2026-08-06 20:12:00
IND-USR-066,23.724752,92.718928,887.9,2026-08-06,20:15:00,2026-08-06 20:15:00
IND-USR-066,23.72914,92.71531,73.7,2026-08-06,20:32:00,2026-08-06 20:32:00
IND-USR-066,23.727765,92.722545,191.9,2026-08-06,20:44:00,2026-08-06 20:44:00
IND-USR-066,23.73538,92.721017,166.0,2026-08-06,21:02:00,2026-08-06 21:02:00
IND-USR-066,23.734551,92.715083,147.2,2026-08-06,21:07:00,2026-08-06 21:07:00
IND-USR-066,23.729908,92.722954,263.4,2026-08-06,21:26:00,2026-08-06 21:26:00
IND-USR-066,23.723515,92.715658,488.9,2026-08-06,21:28:00,2026-08-06 21:28:00
IND-USR-066,23.734052,92.7137,359.0,2026-08-06,21:46:00,2026-08-06 21:46:00
IND-USR-066,23.721735,92.723712,389.2,2026-08-06,22:02:00,2026-08-06 22:02:00
IND-USR-066,23.731887,92.719328,336.1,2026-08-06,22:18:00,2026-08-06 22:18:00
IND-USR-066,23.726917,92.715846,277.8,2026-08-06,22:30:00,2026-08-06 22:30:00
IND-USR-066,23.728228,92.723919,763.2,2026-08-06,22:33:00,2026-08-06 22:33:00
IND-USR-066,23.728054,92.726268,125.9,2026-08-06,22:53:00,2026-08-06 22:53:00
IND-USR-067,23.723508,92.717521,727.8,2026-08-08,06:15:00,2026-08-08 06:15:00
IND-USR-067,23.725608,92.713259,636.3,2026-08-08,06:18:00,2026-08-08 06:18:00
IND-USR-067,23.726488,92.719269,694.9,2026-08-08,06:37:00,2026-08-08 06:37:00
IND-USR-067,23.729197,92.726282,485.6,2026-08-08,06:57:00,2026-08-08 06:57:00
IND-USR-067,23.728958,92.722201,887.0,2026-08-08,07:03:00,2026-08-08 07:03:00
IND-USR-067,23.727364,92.724312,320.3,2026-08-08,07:17:00,2026-08-08 07:17:00
IND-USR-067,23.736694,92.719724,697.6,2026-08-08,07:33:00,2026-08-08 07:33:00
IND-USR-067,23.723129,92.715405,145.3,2026-08-08,07:43:00,2026-08-08 07:43:00
IND-USR-067,23.728228,92.719426,97.6,2026-08-08,07:51:00,2026-08-08 07:51:00
IND-USR-067,23.729894,92.719441,269.2,2026-08-08,08:05:00,2026-08-08 08:05:00
IND-USR-067,23.727128,92.715055,49.4,2026-08-08,08:14:00,2026-08-08 08:14:00
IND-USR-067,23.728705,92.72502,21.4,2026-08-08,08:25:00,2026-08-08 08:25:00
IND-USR-067,23.73118,92.719739,192.8,2026-08-08,08:31:00,2026-08-08 08:31:00
IND-USR-067,23.731218,92.716116,192.0,2026-08-08,08:51:00,2026-08-08 08:51:00
IND-USR-067,23.725067,92.714609,411.3,2026-08-08,08:57:00,2026-08-08 08:57:00
IND-USR-067,23.726599,92.715912,249.8,2026-08-08,09:17:00,2026-08-08 09:17:00
IND-USR-067,23.731933,92.715699,10.5,2026-08-08,09:25:00,2026-08-08 09:25:00
IND-USR-067,23.723889,92.72537,163.6,2026-08-08,09:29:00,2026-08-08 09:29:00
IND-USR-067,23.725294,92.718214,259.6,2026-08-08,09:32:00,2026-08-08 09:32:00
IND-USR-067,23.728905,92.713053,749.8,2026-08-08,09:49:00,2026-08-08 09:49:00
IND-USR-067,23.732042,92.720148,450.2,2026-08-08,09:58:00,2026-08-08 09:58:00
IND-USR-067,23.733334,92.714883,879.3,2026-08-08,10:05:00,2026-08-08 10:05:00
IND-USR-067,23.727497,92.717757,117.4,2026-08-08,10:22:00,2026-08-08 10:22:00
IND-USR-067,23.728156,92.711782,773.0,2026-08-08,10:38:00,2026-08-08 10:38:00
IND-USR-067,23.727543,92.711894,589.8,2026-08-08,10:50:00,2026-08-08 10:50:00
IND-USR-067,23.728533,92.709085,809.6,2026-08-08,11:03:00,2026-08-08 11:03:00
IND-USR-067,23.719694,92.720874,552.4,2026-08-08,11:13:00,2026-08-08 11:13:00
IND-USR-067,23.724913,92.713649,845.8,2026-08-08,11:32:00,2026-08-08 11:32:00
IND-USR-067,23.732183,92.718911,603.6,2026-08-08,11:44:00,2026-08-08 11:44:00
IND-USR-067,23.730588,92.716935,505.1,2026-08-08,11:56:00,2026-08-08 11:56:00
IND-USR-067,23.737819,92.715182,498.8,2026-08-08,12:16:00,2026-08-08 12:16:00
IND-USR-067,23.734078,92.717355,767.8,2026-08-08,12:26:00,2026-08-08 12:26:00
IND-USR-067,23.720482,92.719531,222.6,2026-08-08,12:35:00,2026-08-08 12:35:00
IND-USR-067,23.728359,92.713395,417.8,2026-08-08,12:37:00,2026-08-08 12:37:00
IND-USR-067,23.723411,92.717501,318.5,2026-08-08,12:47:00,2026-08-08 12:47:00
IND-USR-067,23.728499,92.707717,292.5,2026-08-08,13:05:00,2026-08-08 13:05:00
IND-USR-067,23.731312,92.715622,58.2,2026-08-08,13:19:00,2026-08-08 13:19:00
IND-USR-067,23.721773,92.721364,292.3,2026-08-08,13:39:00,2026-08-08 13:39:00
IND-USR-067,23.727006,92.722465,110.1,2026-08-08,13:49:00,2026-08-08 13:49:00
IND-USR-067,23.728852,92.717594,531.7,2026-08-08,13:55:00,2026-08-08 13:55:00
IND-USR-067,23.726489,92.719531,837.9,2026-08-08,14:04:00,2026-08-08 14:04:00
IND-USR-067,23.725446,92.71419,446.5,2026-08-08,14:13:00,2026-08-08 14:13:00
IND-USR-067,23.72954,92.717022,880.5,2026-08-08,14:19:00,2026-08-08 14:19:00
IND-USR-067,23.727234,92.721958,485.5,2026-08-08,14:38:00,2026-08-08 14:38:00
IND-USR-067,23.726644,92.71766,708.0,2026-08-08,14:53:00,2026-08-08 14:53:00
IND-USR-067,23.724701,92.719323,542.6,2026-08-08,15:08:00,2026-08-08 15:08:00
IND-USR-067,23.728499,92.721203,86.3,2026-08-08,15:19:00,2026-08-08 15:19:00
IND-USR-067,23.724783,92.715769,595.7,2026-08-08,15:26:00,2026-08-08 15:26:00
IND-USR-067,23.730269,92.718609,738.5,2026-08-08,15:30:00,2026-08-08 15:30:00
IND-USR-067,23.723475,92.722826,419.5,2026-08-08,15:33:00,2026-08-08 15:33:00
IND-USR-067,23.720306,92.720737,154.8,2026-08-08,15:48:00,2026-08-08 15:48:00
IND-USR-067,23.722039,92.725143,929.7,2026-08-08,16:05:00,2026-08-08 16:05:00
IND-USR-067,23.720922,92.722209,891.3,2026-08-08,16:17:00,2026-08-08 16:17:00
IND-USR-067,23.726773,92.716134,299.5,2026-08-08,16:22:00,2026-08-08 16:22:00
IND-USR-067,23.727842,92.720128,836.4,2026-08-08,16:39:00,2026-08-08 16:39:00
IND-USR-067,23.723482,92.714337,882.2,2026-08-08,16:56:00,2026-08-08 16:56:00
IND-USR-067,23.729698,92.710771,563.1,2026-08-08,17:10:00,2026-08-08 17:10:00
IND-USR-067,23.724763,92.729763,414.3,2026-08-08,17:24:00,2026-08-08 17:24:00
IND-USR-067,23.723228,92.722191,279.3,2026-08-08,17:33:00,2026-08-08 17:33:00
IND-USR-067,23.724756,92.719636,325.9,2026-08-08,17:40:00,2026-08-08 17:40:00
IND-USR-067,23.729717,92.722116,567.8,2026-08-08,17:52:00,2026-08-08 17:52:00
IND-USR-067,23.726299,92.725556,104.6,2026-08-08,17:56:00,2026-08-08 17:56:00
IND-USR-067,23.724743,92.718537,758.4,2026-08-08,18:00:00,2026-08-08 18:00:00
IND-USR-067,23.728081,92.713112,151.0,2026-08-08,18:02:00,2026-08-08 18:02:00
IND-USR-067,23.725957,92.718246,473.1,2026-08-08,18:17:00,2026-08-08 18:17:00
IND-USR-067,23.725372,92.727364,888.3,2026-08-08,18:21:00,2026-08-08 18:21:00
IND-USR-067,23.723746,92.722318,942.3,2026-08-08,18:27:00,2026-08-08 18:27:00
IND-USR-067,23.730526,92.717545,452.9,2026-08-08,18:29:00,2026-08-08 18:29:00
IND-USR-067,23.723639,92.714527,135.5,2026-08-08,18:32:00,2026-08-08 18:32:00
IND-USR-067,23.725028,92.710457,648.0,2026-08-08,18:45:00,2026-08-08 18:45:00
IND-USR-067,23.723086,92.71167,636.1,2026-08-08,18:58:00,2026-08-08 18:58:00
IND-USR-067,23.732484,92.720074,48.0,2026-08-08,19:02:00,2026-08-08 19:02:00
IND-USR-067,23.730244,92.719955,320.3,2026-08-08,19:13:00,2026-08-08 19:13:00
IND-USR-067,23.727768,92.723443,946.5,2026-08-08,19:16:00,2026-08-08 19:16:00
IND-USR-067,23.724657,92.718027,938.9,2026-08-08,19:20:00,2026-08-08 19:20:00
IND-USR-067,23.730088,92.712315,782.1,2026-08-08,19:22:00,2026-08-08 19:22:00
IND-USR-067,23.739486,92.717714,752.2,2026-08-08,19:30:00,2026-08-08 19:30:00
IND-USR-067,23.727668,92.722628,784.7,2026-08-08,19:44:00,2026-08-08 19:44:00
IND-USR-067,23.73076,92.717752,111.1,2026-08-08,20:01:00,2026-08-08 20:01:00
IND-USR-067,23.727621,92.711583,283.9,2026-08-08,20:21:00,2026-08-08 20:21:00
IND-USR-067,23.724874,92.719669,77.4,2026-08-08,20:39:00,2026-08-08 20:39:00
IND-USR-067,23.728876,92.722485,140.3,2026-08-08,20:50:00,2026-08-08 20:50:00
IND-USR-067,23.726618,92.712051,579.8,2026-08-08,21:06:00,2026-08-08 21:06:00
IND-USR-067,23.731327,92.723344,158.0,2026-08-08,21:16:00,2026-08-08 21:16:00
IND-USR-067,23.730693,92.716945,100.4,2026-08-08,21:34:00,2026-08-08 21:34:00
IND-USR-067,23.731278,92.731316,657.7,2026-08-08,21:43:00,2026-08-08 21:43:00
IND-USR-067,23.727561,92.712353,379.8,2026-08-08,21:46:00,2026-08-08 21:46:00
IND-USR-067,23.724755,92.720102,635.1,2026-08-08,21:58:00,2026-08-08 21:58:00
IND-USR-067,23.720681,92.718278,771.7,2026-08-08,22:15:00,2026-08-08 22:15:00
IND-USR-067,23.728621,92.72374,904.6,2026-08-08,22:28:00,2026-08-08 22:28:00
IND-USR-067,23.732341,92.721058,286.0,2026-08-08,22:39:00,2026-08-08 22:39:00
IND-USR-067,23.718449,92.721284,402.9,2026-08-08,22:53:00,2026-08-08 22:53:00
IND-USR-067,23.729922,92.718624,756.6,2026-08-08,23:02:00,2026-08-08 23:02:00
IND-USR-067,23.720179,92.714493,636.3,2026-08-08,23:13:00,2026-08-08 23:13:00
IND-USR-067,23.722433,92.70954,236.2,2026-08-08,23:21:00,2026-08-08 23:21:00
IND-USR-067,23.727088,92.714409,671.0,2026-08-08,23:27:00,2026-08-08 23:27:00
IND-USR-067,23.737601,92.716925,84.7,2026-08-08,23:30:00,2026-08-08 23:30:00
IND-USR-067,23.732275,92.711324,832.6,2026-08-08,23:50:00,2026-08-08 23:50:00
IND-USR-067,23.72498,92.717988,111.2,2026-08-08,23:56:00,2026-08-08 23:56:00
IND-USR-067,23.723467,92.715911,128.5,2026-08-09,00:12:00,2026-08-09 00:12:00
IND-USR-067,23.726228,92.716664,275.5,2026-08-09,00:16:00,2026-08-09 00:16:00
IND-USR-067,23.73452,92.719113,656.5,2026-08-09,00:28:00,2026-08-09 00:28:00
IND-USR-067,23.729018,92.719759,234.9,2026-08-09,00:48:00,2026-08-09 00:48:00
IND-USR-067,23.729551,92.717268,419.2,2026-08-09,01:05:00,2026-08-09 01:05:00
IND-USR-067,23.725817,92.718267,884.1,2026-08-09,01:10:00,2026-08-09 01:10:00
IND-USR-067,23.731727,92.722105,695.6,2026-08-09,01:29:00,2026-08-09 01:29:00
IND-USR-067,23.726138,92.720671,891.2,2026-08-09,01:40:00,2026-08-09 01:40:00
IND-USR-067,23.726322,92.717735,851.9,2026-08-09,01:48:00,2026-08-09 01:48:00
IND-USR-067,23.725206,92.716873,352.4,2026-08-09,01:51:00,2026-08-09 01:51:00
IND-USR-067,23.732465,92.71797,190.0,2026-08-09,02:05:00,2026-08-09 02:05:00
IND-USR-067,23.727641,92.711811,56.0,2026-08-09,02:09:00,2026-08-09 02:09:00
IND-USR-068,23.725863,92.716635,773.8,2026-08-05,06:07:00,2026-08-05 06:07:00
IND-USR-068,23.723783,92.717687,628.8,2026-08-05,06:23:00,2026-08-05 06:23:00
IND-USR-068,23.725383,92.71792,746.7,2026-08-05,06:37:00,2026-08-05 06:37:00
IND-USR-068,23.727586,92.713777,432.6,2026-08-05,06:49:00,2026-08-05 06:49:00
IND-USR-068,23.725505,92.717909,710.6,2026-08-05,07:01:00,2026-08-05 07:01:00
IND-USR-068,23.731837,92.718627,628.9,2026-08-05,07:16:00,2026-08-05 07:16:00
IND-USR-068,23.724452,92.719196,826.0,2026-08-05,07:36:00,2026-08-05 07:36:00
IND-USR-068,23.73393,92.721267,17.0,2026-08-05,07:43:00,2026-08-05 07:43:00
IND-USR-068,23.72929,92.720502,907.0,2026-08-05,07:50:00,2026-08-05 07:50:00
IND-USR-068,23.73286,92.721903,97.6,2026-08-05,08:05:00,2026-08-05 08:05:00
IND-USR-068,23.729367,92.721875,149.3,2026-08-05,08:17:00,2026-08-05 08:17:00
IND-USR-068,23.722773,92.711591,235.6,2026-08-05,08:23:00,2026-08-05 08:23:00
IND-USR-068,23.727728,92.717875,909.6,2026-08-05,08:40:00,2026-08-05 08:40:00
IND-USR-068,23.724924,92.720903,687.5,2026-08-05,08:48:00,2026-08-05 08:48:00
IND-USR-068,23.719649,92.715461,46.1,2026-08-05,09:03:00,2026-08-05 09:03:00
IND-USR-068,23.72516,92.711055,603.6,2026-08-05,09:05:00,2026-08-05 09:05:00
IND-USR-068,23.733079,92.712163,762.2,2026-08-05,09:17:00,2026-08-05 09:17:00
IND-USR-068,23.724747,92.721232,326.9,2026-08-05,09:30:00,2026-08-05 09:30:00
IND-USR-068,23.729684,92.713167,463.8,2026-08-05,09:35:00,2026-08-05 09:35:00
IND-USR-068,23.72983,92.718759,199.6,2026-08-05,09:53:00,2026-08-05 09:53:00
IND-USR-068,23.736432,92.719216,322.6,2026-08-05,09:59:00,2026-08-05 09:59:00
IND-USR-068,23.726535,92.714174,267.0,2026-08-05,10:17:00,2026-08-05 10:17:00
IND-USR-068,23.724123,92.714297,846.2,2026-08-05,10:31:00,2026-08-05 10:31:00
IND-USR-068,23.732584,92.717672,585.7,2026-08-05,10:51:00,2026-08-05 10:51:00
IND-USR-068,23.729361,92.723657,418.8,2026-08-05,10:59:00,2026-08-05 10:59:00
IND-USR-068,23.717666,92.722715,437.7,2026-08-05,11:02:00,2026-08-05 11:02:00
IND-USR-068,23.727322,92.71934,524.3,2026-08-05,11:22:00,2026-08-05 11:22:00
IND-USR-068,23.723786,92.71458,947.0,2026-08-05,11:41:00,2026-08-05 11:41:00
IND-USR-068,23.729055,92.727138,51.8,2026-08-05,11:57:00,2026-08-05 11:57:00
IND-USR-068,23.731113,92.722662,26.8,2026-08-05,12:09:00,2026-08-05 12:09:00
IND-USR-068,23.726332,92.715199,599.4,2026-08-05,12:29:00,2026-08-05 12:29:00
IND-USR-068,23.723977,92.715647,456.0,2026-08-05,12:33:00,2026-08-05 12:33:00
IND-USR-068,23.718889,92.7147,883.3,2026-08-05,12:48:00,2026-08-05 12:48:00
IND-USR-068,23.724859,92.716899,227.1,2026-08-05,13:08:00,2026-08-05 13:08:00
IND-USR-068,23.727627,92.71905,794.7,2026-08-05,13:20:00,2026-08-05 13:20:00
IND-USR-068,23.72704,92.715274,432.3,2026-08-05,13:29:00,2026-08-05 13:29:00
IND-USR-068,23.719247,92.715299,848.0,2026-08-05,13:40:00,2026-08-05 13:40:00
IND-USR-068,23.72321,92.719464,777.7,2026-08-05,13:43:00,2026-08-05 13:43:00
IND-USR-068,23.730737,92.721354,248.9,2026-08-05,14:03:00,2026-08-05 14:03:00
IND-USR-068,23.730128,92.717066,14.0,2026-08-05,14:13:00,2026-08-05 14:13:00
IND-USR-068,23.725012,92.714612,48.1,2026-08-05,14:22:00,2026-08-05 14:22:00
IND-USR-068,23.72107,92.721567,234.6,2026-08-05,14:38:00,2026-08-05 14:38:00
IND-USR-068,23.726401,92.712615,414.2,2026-08-05,14:40:00,2026-08-05 14:40:00
IND-USR-068,23.723794,92.714132,764.2,2026-08-05,14:44:00,2026-08-05 14:44:00
IND-USR-068,23.727272,92.72187,513.1,2026-08-05,14:54:00,2026-08-05 14:54:00
IND-USR-068,23.725708,92.70859,893.5,2026-08-05,15:13:00,2026-08-05 15:13:00
IND-USR-068,23.726343,92.716975,481.6,2026-08-05,15:15:00,2026-08-05 15:15:00
IND-USR-068,23.7262,92.71509,732.8,2026-08-05,15:26:00,2026-08-05 15:26:00
IND-USR-068,23.72797,92.717865,476.8,2026-08-05,15:29:00,2026-08-05 15:29:00
IND-USR-068,23.727001,92.719251,210.6,2026-08-05,15:49:00,2026-08-05 15:49:00
IND-USR-068,23.725381,92.715654,280.3,2026-08-05,16:08:00,2026-08-05 16:08:00
IND-USR-068,23.73262,92.719837,813.9,2026-08-05,16:13:00,2026-08-05 16:13:00
IND-USR-068,23.730408,92.722504,537.1,2026-08-05,16:27:00,2026-08-05 16:27:00
IND-USR-068,23.729204,92.721314,176.6,2026-08-05,16:39:00,2026-08-05 16:39:00
IND-USR-068,23.720783,92.718417,23.4,2026-08-05,16:47:00,2026-08-05 16:47:00
IND-USR-068,23.726369,92.724311,84.9,2026-08-05,17:02:00,2026-08-05 17:02:00
IND-USR-068,23.730811,92.715078,899.8,2026-08-05,17:11:00,2026-08-05 17:11:00
IND-USR-068,23.728591,92.718271,103.5,2026-08-05,17:13:00,2026-08-05 17:13:00
IND-USR-068,23.728917,92.713525,168.9,2026-08-05,17:23:00,2026-08-05 17:23:00
IND-USR-068,23.72854,92.716687,641.5,2026-08-05,17:34:00,2026-08-05 17:34:00
IND-USR-068,23.72823,92.714702,162.1,2026-08-05,17:49:00,2026-08-05 17:49:00
IND-USR-068,23.72476,92.722295,201.8,2026-08-05,18:04:00,2026-08-05 18:04:00
IND-USR-068,23.722894,92.713689,349.7,2026-08-05,18:11:00,2026-08-05 18:11:00
IND-USR-068,23.726894,92.714512,300.9,2026-08-05,18:22:00,2026-08-05 18:22:00
IND-USR-068,23.72356,92.71802,660.1,2026-08-05,18:41:00,2026-08-05 18:41:00
IND-USR-068,23.72108,92.713568,81.7,2026-08-05,18:45:00,2026-08-05 18:45:00
IND-USR-068,23.735316,92.719438,830.8,2026-08-05,18:51:00,2026-08-05 18:51:00
IND-USR-068,23.724114,92.719273,906.4,2026-08-05,18:53:00,2026-08-05 18:53:00
IND-USR-068,23.729369,92.721578,741.9,2026-08-05,18:57:00,2026-08-05 18:57:00
IND-USR-068,23.726591,92.721506,917.2,2026-08-05,19:07:00,2026-08-05 19:07:00
IND-USR-068,23.718946,92.713375,729.0,2026-08-05,19:12:00,2026-08-05 19:12:00
IND-USR-068,23.727755,92.718919,124.2,2026-08-05,19:24:00,2026-08-05 19:24:00
IND-USR-068,23.723453,92.718638,447.4,2026-08-05,19:43:00,2026-08-05 19:43:00
IND-USR-068,23.724605,92.716492,462.4,2026-08-05,19:48:00,2026-08-05 19:48:00
IND-USR-068,23.731199,92.721236,748.4,2026-08-05,19:58:00,2026-08-05 19:58:00
IND-USR-068,23.723112,92.713371,751.7,2026-08-05,20:11:00,2026-08-05 20:11:00
IND-USR-068,23.725455,92.717493,175.8,2026-08-05,20:24:00,2026-08-05 20:24:00
IND-USR-068,23.724468,92.721763,522.6,2026-08-05,20:32:00,2026-08-05 20:32:00
IND-USR-068,23.72849,92.719224,691.8,2026-08-05,20:42:00,2026-08-05 20:42:00
IND-USR-068,23.722034,92.722269,942.6,2026-08-05,20:46:00,2026-08-05 20:46:00
IND-USR-068,23.715819,92.720936,147.1,2026-08-05,20:53:00,2026-08-05 20:53:00
IND-USR-068,23.730837,92.71587,500.8,2026-08-05,21:00:00,2026-08-05 21:00:00
IND-USR-068,23.732192,92.717348,192.5,2026-08-05,21:19:00,2026-08-05 21:19:00
IND-USR-068,23.72735,92.718958,38.0,2026-08-05,21:32:00,2026-08-05 21:32:00
IND-USR-068,23.739846,92.722978,755.1,2026-08-05,21:46:00,2026-08-05 21:46:00
IND-USR-068,23.729905,92.713949,107.4,2026-08-05,22:01:00,2026-08-05 22:01:00
IND-USR-068,23.727674,92.714348,739.3,2026-08-05,22:19:00,2026-08-05 22:19:00
IND-USR-068,23.730388,92.718162,209.6,2026-08-05,22:33:00,2026-08-05 22:33:00
IND-USR-068,23.722602,92.717924,593.8,2026-08-05,22:41:00,2026-08-05 22:41:00
IND-USR-068,23.723702,92.718205,737.1,2026-08-05,22:58:00,2026-08-05 22:58:00
IND-USR-068,23.723664,92.71771,927.6,2026-08-05,23:02:00,2026-08-05 23:02:00
IND-USR-068,23.730102,92.717388,794.4,2026-08-05,23:11:00,2026-08-05 23:11:00
IND-USR-068,23.725536,92.718413,534.0,2026-08-05,23:28:00,2026-08-05 23:28:00
IND-USR-068,23.729889,92.713171,374.0,2026-08-05,23:44:00,2026-08-05 23:44:00
IND-USR-068,23.728143,92.72287,197.2,2026-08-05,23:57:00,2026-08-05 23:57:00
IND-USR-068,23.729395,92.717831,44.2,2026-08-06,00:00:00,2026-08-06 00:00:00
IND-USR-068,23.729659,92.71941,13.5,2026-08-06,00:08:00,2026-08-06 00:08:00
IND-USR-068,23.730114,92.709504,26.1,2026-08-06,00:21:00,2026-08-06 00:21:00
IND-USR-068,23.720886,92.721619,619.8,2026-08-06,00:34:00,2026-08-06 00:34:00
IND-USR-068,23.721079,92.719206,714.7,2026-08-06,00:49:00,2026-08-06 00:49:00
IND-USR-068,23.725692,92.713615,921.4,2026-08-06,00:51:00,2026-08-06 00:51:00
IND-USR-068,23.728499,92.718404,90.1,2026-08-06,01:07:00,2026-08-06 01:07:00
IND-USR-068,23.735541,92.715101,569.0,2026-08-06,01:12:00,2026-08-06 01:12:00
IND-USR-068,23.73286,92.71901,730.2,2026-08-06,01:31:00,2026-08-06 01:31:00
IND-USR-069,25.672456,94.111797,474.7,2026-08-10,06:17:00,2026-08-10 06:17:00
IND-USR-069,25.677363,94.108743,692.3,2026-08-10,06:36:00,2026-08-10 06:36:00
IND-USR-069,25.676165,94.106212,122.6,2026-08-10,06:48:00,2026-08-10 06:48:00
IND-USR-069,25.671797,94.111638,749.0,2026-08-10,06:51:00,2026-08-10 06:51:00
IND-USR-069,25.674204,94.10828,241.3,2026-08-10,07:03:00,2026-08-10 07:03:00
IND-USR-069,25.676219,94.109661,782.8,2026-08-10,07:22:00,2026-08-10 07:22:00
IND-USR-069,25.669383,94.113745,46.6,2026-08-10,07:33:00,2026-08-10 07:33:00
IND-USR-069,25.675585,94.107789,61.6,2026-08-10,07:38:00,2026-08-10 07:38:00
IND-USR-069,25.676823,94.109546,634.9,2026-08-10,07:49:00,2026-08-10 07:49:00
IND-USR-069,25.678168,94.110752,664.2,2026-08-10,07:55:00,2026-08-10 07:55:00
IND-USR-069,25.908871,93.732504,949.3,2026-08-10,08:09:00,2026-08-10 08:09:00
IND-USR-069,25.909534,93.726458,329.5,2026-08-10,08:19:00,2026-08-10 08:19:00
IND-USR-069,25.901508,93.733771,932.4,2026-08-10,08:34:00,2026-08-10 08:34:00
IND-USR-069,25.905049,93.725208,352.0,2026-08-10,08:52:00,2026-08-10 08:52:00
IND-USR-069,25.899053,93.728454,299.9,2026-08-10,09:09:00,2026-08-10 09:09:00
IND-USR-069,25.906596,93.72104,392.5,2026-08-10,09:20:00,2026-08-10 09:20:00
IND-USR-069,25.907813,93.725107,932.4,2026-08-10,09:22:00,2026-08-10 09:22:00
IND-USR-069,25.916761,93.724823,183.7,2026-08-10,09:34:00,2026-08-10 09:34:00
IND-USR-069,25.904259,93.723601,827.3,2026-08-10,09:38:00,2026-08-10 09:38:00
IND-USR-069,25.911112,93.725609,576.7,2026-08-10,09:56:00,2026-08-10 09:56:00
IND-USR-069,25.9031,93.729928,350.8,2026-08-10,10:01:00,2026-08-10 10:01:00
IND-USR-069,25.900479,93.7296,926.2,2026-08-10,10:06:00,2026-08-10 10:06:00
IND-USR-069,25.913126,93.729366,309.2,2026-08-10,10:18:00,2026-08-10 10:18:00
IND-USR-069,25.908552,93.73058,181.7,2026-08-10,10:23:00,2026-08-10 10:23:00
IND-USR-069,25.912839,93.73194,557.3,2026-08-10,10:31:00,2026-08-10 10:31:00
IND-USR-069,25.907759,93.730716,227.6,2026-08-10,10:35:00,2026-08-10 10:35:00
IND-USR-069,25.902456,93.730205,302.8,2026-08-10,10:45:00,2026-08-10 10:45:00
IND-USR-069,25.901978,93.725632,719.6,2026-08-10,11:04:00,2026-08-10 11:04:00
IND-USR-069,25.89367,93.728706,772.9,2026-08-10,11:08:00,2026-08-10 11:08:00
IND-USR-069,25.903425,93.731545,889.1,2026-08-10,11:27:00,2026-08-10 11:27:00
IND-USR-069,25.907561,93.731596,289.4,2026-08-10,11:46:00,2026-08-10 11:46:00
IND-USR-069,25.901666,93.731254,628.4,2026-08-10,12:05:00,2026-08-10 12:05:00
IND-USR-069,25.914423,93.730157,851.6,2026-08-10,12:10:00,2026-08-10 12:10:00
IND-USR-069,25.909161,93.727778,303.2,2026-08-10,12:13:00,2026-08-10 12:13:00
IND-USR-069,25.903901,93.730145,97.4,2026-08-10,12:28:00,2026-08-10 12:28:00
IND-USR-069,25.899976,93.725429,262.9,2026-08-10,12:40:00,2026-08-10 12:40:00
IND-USR-069,25.898916,93.724285,138.7,2026-08-10,12:43:00,2026-08-10 12:43:00
IND-USR-069,25.908568,93.729122,902.0,2026-08-10,12:48:00,2026-08-10 12:48:00
IND-USR-069,25.906204,93.727782,13.8,2026-08-10,13:08:00,2026-08-10 13:08:00
IND-USR-069,25.898457,93.72561,50.0,2026-08-10,13:25:00,2026-08-10 13:25:00
IND-USR-069,25.903275,93.724464,391.6,2026-08-10,13:38:00,2026-08-10 13:38:00
IND-USR-069,25.908398,93.723658,258.4,2026-08-10,13:43:00,2026-08-10 13:43:00
IND-USR-069,25.903581,93.718752,893.3,2026-08-10,14:03:00,2026-08-10 14:03:00
IND-USR-069,25.904824,93.722749,87.1,2026-08-10,14:12:00,2026-08-10 14:12:00
IND-USR-069,25.906317,93.723296,184.0,2026-08-10,14:19:00,2026-08-10 14:19:00
IND-USR-069,25.906418,93.726521,668.7,2026-08-10,14:39:00,2026-08-10 14:39:00
IND-USR-069,25.912688,93.729089,603.0,2026-08-10,14:44:00,2026-08-10 14:44:00
IND-USR-069,25.898641,93.72204,452.1,2026-08-10,14:46:00,2026-08-10 14:46:00
IND-USR-069,25.906221,93.723381,169.2,2026-08-10,14:52:00,2026-08-10 14:52:00
IND-USR-069,25.894127,93.732498,234.3,2026-08-10,15:10:00,2026-08-10 15:10:00
IND-USR-069,25.908881,93.729184,15.0,2026-08-10,15:25:00,2026-08-10 15:25:00
IND-USR-069,25.903571,93.728811,832.6,2026-08-10,15:43:00,2026-08-10 15:43:00
IND-USR-069,25.903183,93.727919,757.0,2026-08-10,16:03:00,2026-08-10 16:03:00
IND-USR-069,25.902318,93.733165,473.1,2026-08-10,16:11:00,2026-08-10 16:11:00
IND-USR-069,25.899719,93.732029,65.8,2026-08-10,16:20:00,2026-08-10 16:20:00
IND-USR-069,25.906156,93.725142,586.5,2026-08-10,16:28:00,2026-08-10 16:28:00
IND-USR-069,25.906668,93.730033,190.9,2026-08-10,16:42:00,2026-08-10 16:42:00
IND-USR-069,25.911467,93.728353,285.1,2026-08-10,17:00:00,2026-08-10 17:00:00
IND-USR-069,25.902437,93.727323,390.2,2026-08-10,17:06:00,2026-08-10 17:06:00
IND-USR-069,25.913267,93.732491,396.9,2026-08-10,17:26:00,2026-08-10 17:26:00
IND-USR-069,25.909635,93.730283,280.4,2026-08-10,17:46:00,2026-08-10 17:46:00
IND-USR-069,25.908798,93.731735,589.4,2026-08-10,17:55:00,2026-08-10 17:55:00
IND-USR-069,25.904173,93.72168,674.5,2026-08-10,18:00:00,2026-08-10 18:00:00
IND-USR-069,25.906276,93.72383,619.4,2026-08-10,18:10:00,2026-08-10 18:10:00
IND-USR-069,25.90178,93.724219,11.4,2026-08-10,18:27:00,2026-08-10 18:27:00
IND-USR-069,25.915941,93.727644,391.2,2026-08-10,18:32:00,2026-08-10 18:32:00
IND-USR-069,25.907448,93.722211,712.0,2026-08-10,18:40:00,2026-08-10 18:40:00
IND-USR-069,25.898625,93.723824,552.0,2026-08-10,18:46:00,2026-08-10 18:46:00
IND-USR-069,25.680853,94.109937,122.8,2026-08-10,19:06:00,2026-08-10 19:06:00
IND-USR-069,25.677494,94.111554,134.5,2026-08-10,19:15:00,2026-08-10 19:15:00
IND-USR-069,25.672735,94.114152,227.0,2026-08-10,19:18:00,2026-08-10 19:18:00
IND-USR-069,25.672569,94.114225,710.2,2026-08-10,19:27:00,2026-08-10 19:27:00
IND-USR-069,25.676869,94.101444,653.0,2026-08-10,19:31:00,2026-08-10 19:31:00
IND-USR-069,25.672108,94.10146,917.3,2026-08-10,19:37:00,2026-08-10 19:37:00
IND-USR-069,25.679753,94.108501,911.8,2026-08-10,19:47:00,2026-08-10 19:47:00
IND-USR-069,25.666187,94.110103,12.6,2026-08-10,20:07:00,2026-08-10 20:07:00
IND-USR-069,25.672951,94.102665,684.2,2026-08-10,20:15:00,2026-08-10 20:15:00
IND-USR-069,25.681812,94.109029,398.6,2026-08-10,20:17:00,2026-08-10 20:17:00
IND-USR-069,25.673926,94.107002,204.0,2026-08-10,20:29:00,2026-08-10 20:29:00
IND-USR-069,25.669047,94.103382,148.2,2026-08-10,20:35:00,2026-08-10 20:35:00
IND-USR-069,25.68024,94.106704,826.7,2026-08-10,20:40:00,2026-08-10 20:40:00
IND-USR-069,25.675188,94.100423,928.6,2026-08-10,20:52:00,2026-08-10 20:52:00
IND-USR-069,25.669828,94.111039,629.9,2026-08-10,21:06:00,2026-08-10 21:06:00
IND-USR-069,25.676611,94.115614,426.8,2026-08-10,21:16:00,2026-08-10 21:16:00
IND-USR-069,25.680472,94.107677,816.3,2026-08-10,21:24:00,2026-08-10 21:24:00
IND-USR-069,25.676992,94.107334,204.4,2026-08-10,21:30:00,2026-08-10 21:30:00
IND-USR-069,25.683319,94.113196,186.7,2026-08-10,21:43:00,2026-08-10 21:43:00
IND-USR-069,25.675779,94.109402,470.5,2026-08-10,21:52:00,2026-08-10 21:52:00
IND-USR-070,25.680879,94.110918,247.0,2026-08-05,06:03:00,2026-08-05 06:03:00
IND-USR-070,25.681335,94.099825,445.8,2026-08-05,06:18:00,2026-08-05 06:18:00
IND-USR-070,25.676945,94.106538,744.5,2026-08-05,06:21:00,2026-08-05 06:21:00
IND-USR-070,25.682126,94.114786,713.4,2026-08-05,06:24:00,2026-08-05 06:24:00
IND-USR-070,25.675231,94.114743,281.7,2026-08-05,06:42:00,2026-08-05 06:42:00
IND-USR-070,25.682232,94.108898,113.8,2026-08-05,06:57:00,2026-08-05 06:57:00
IND-USR-070,25.684988,94.108475,142.3,2026-08-05,07:08:00,2026-08-05 07:08:00
IND-USR-070,25.674242,94.112063,176.4,2026-08-05,07:18:00,2026-08-05 07:18:00
IND-USR-070,25.673685,94.108941,454.8,2026-08-05,07:20:00,2026-08-05 07:20:00
IND-USR-070,25.680738,94.108677,71.4,2026-08-05,07:38:00,2026-08-05 07:38:00
IND-USR-070,25.66832,94.110069,337.0,2026-08-05,07:54:00,2026-08-05 07:54:00
IND-USR-070,25.903215,93.730561,432.4,2026-08-05,08:03:00,2026-08-05 08:03:00
IND-USR-070,25.908785,93.732986,799.1,2026-08-05,08:13:00,2026-08-05 08:13:00
IND-USR-070,25.90963,93.731461,263.5,2026-08-05,08:27:00,2026-08-05 08:27:00
IND-USR-070,25.903324,93.730316,217.3,2026-08-05,08:44:00,2026-08-05 08:44:00
IND-USR-070,25.913874,93.724345,26.1,2026-08-05,08:50:00,2026-08-05 08:50:00
IND-USR-070,25.913199,93.724903,616.5,2026-08-05,08:59:00,2026-08-05 08:59:00
IND-USR-070,25.902592,93.728285,215.7,2026-08-05,09:13:00,2026-08-05 09:13:00
IND-USR-070,25.908864,93.730747,489.1,2026-08-05,09:32:00,2026-08-05 09:32:00
IND-USR-070,25.902153,93.728838,113.2,2026-08-05,09:38:00,2026-08-05 09:38:00
IND-USR-070,25.903258,93.721144,500.7,2026-08-05,09:51:00,2026-08-05 09:51:00
IND-USR-070,25.902285,93.724096,265.5,2026-08-05,09:56:00,2026-08-05 09:56:00
IND-USR-070,25.908086,93.731709,761.5,2026-08-05,10:14:00,2026-08-05 10:14:00
IND-USR-070,25.900107,93.728508,29.1,2026-08-05,10:28:00,2026-08-05 10:28:00
IND-USR-070,25.901293,93.729616,909.7,2026-08-05,10:48:00,2026-08-05 10:48:00
IND-USR-070,25.903509,93.722895,236.8,2026-08-05,10:53:00,2026-08-05 10:53:00
IND-USR-070,25.909199,93.724752,247.0,2026-08-05,11:04:00,2026-08-05 11:04:00
IND-USR-070,25.904736,93.71822,722.3,2026-08-05,11:13:00,2026-08-05 11:13:00
IND-USR-070,25.909786,93.730384,814.5,2026-08-05,11:32:00,2026-08-05 11:32:00
IND-USR-070,25.906022,93.72099,761.1,2026-08-05,11:52:00,2026-08-05 11:52:00
IND-USR-070,25.910837,93.724435,876.5,2026-08-05,12:10:00,2026-08-05 12:10:00
IND-USR-070,25.904187,93.736348,928.8,2026-08-05,12:27:00,2026-08-05 12:27:00
IND-USR-070,25.903185,93.730069,150.2,2026-08-05,12:29:00,2026-08-05 12:29:00
IND-USR-070,25.908248,93.728661,317.7,2026-08-05,12:31:00,2026-08-05 12:31:00
IND-USR-070,25.907128,93.728606,404.5,2026-08-05,12:50:00,2026-08-05 12:50:00
IND-USR-070,25.907088,93.726892,11.4,2026-08-05,13:02:00,2026-08-05 13:02:00
IND-USR-070,25.912045,93.721849,186.1,2026-08-05,13:10:00,2026-08-05 13:10:00
IND-USR-070,25.910086,93.730389,687.6,2026-08-05,13:21:00,2026-08-05 13:21:00
IND-USR-070,25.908794,93.731568,246.1,2026-08-05,13:36:00,2026-08-05 13:36:00
IND-USR-070,25.90563,93.719624,561.0,2026-08-05,13:46:00,2026-08-05 13:46:00
IND-USR-070,25.905711,93.723135,639.6,2026-08-05,14:00:00,2026-08-05 14:00:00
IND-USR-070,25.903073,93.72213,540.2,2026-08-05,14:20:00,2026-08-05 14:20:00
IND-USR-070,25.904091,93.724714,367.1,2026-08-05,14:25:00,2026-08-05 14:25:00
IND-USR-070,25.89649,93.729901,846.8,2026-08-05,14:33:00,2026-08-05 14:33:00
IND-USR-070,25.914881,93.729525,53.1,2026-08-05,14:45:00,2026-08-05 14:45:00
IND-USR-070,25.905188,93.726881,345.5,2026-08-05,14:57:00,2026-08-05 14:57:00
IND-USR-070,25.904316,93.72746,510.5,2026-08-05,15:06:00,2026-08-05 15:06:00
IND-USR-070,25.905852,93.723736,223.9,2026-08-05,15:23:00,2026-08-05 15:23:00
IND-USR-070,25.912732,93.721151,25.4,2026-08-05,15:42:00,2026-08-05 15:42:00
IND-USR-070,25.908873,93.726695,107.0,2026-08-05,15:46:00,2026-08-05 15:46:00
IND-USR-070,25.913603,93.728463,227.4,2026-08-05,15:52:00,2026-08-05 15:52:00
IND-USR-070,25.90456,93.726109,202.7,2026-08-05,15:55:00,2026-08-05 15:55:00
IND-USR-070,25.90616,93.722529,512.9,2026-08-05,16:10:00,2026-08-05 16:10:00
IND-USR-070,25.902933,93.71996,106.5,2026-08-05,16:14:00,2026-08-05 16:14:00
IND-USR-070,25.902308,93.727476,424.8,2026-08-05,16:33:00,2026-08-05 16:33:00
IND-USR-070,25.907201,93.719183,217.5,2026-08-05,16:39:00,2026-08-05 16:39:00
IND-USR-070,25.905451,93.729354,215.4,2026-08-05,16:47:00,2026-08-05 16:47:00
IND-USR-070,25.905348,93.724565,44.4,2026-08-05,16:52:00,2026-08-05 16:52:00
IND-USR-070,25.904351,93.724937,873.1,2026-08-05,16:54:00,2026-08-05 16:54:00
IND-USR-070,25.903453,93.727795,123.1,2026-08-05,17:09:00,2026-08-05 17:09:00
IND-USR-070,25.915231,93.724125,614.4,2026-08-05,17:19:00,2026-08-05 17:19:00
IND-USR-070,25.904727,93.726893,849.5,2026-08-05,17:35:00,2026-08-05 17:35:00
IND-USR-070,25.903251,93.731493,330.4,2026-08-05,17:39:00,2026-08-05 17:39:00
IND-USR-070,25.896516,93.724976,585.1,2026-08-05,17:48:00,2026-08-05 17:48:00
IND-USR-070,25.909273,93.725924,767.1,2026-08-05,17:52:00,2026-08-05 17:52:00
IND-USR-070,25.902717,93.728863,711.6,2026-08-05,18:11:00,2026-08-05 18:11:00
IND-USR-070,25.909625,93.727943,51.5,2026-08-05,18:20:00,2026-08-05 18:20:00
IND-USR-070,25.902795,93.728925,518.6,2026-08-05,18:30:00,2026-08-05 18:30:00
IND-USR-070,25.904392,93.730081,880.7,2026-08-05,18:32:00,2026-08-05 18:32:00
IND-USR-070,25.911933,93.716678,778.0,2026-08-05,18:49:00,2026-08-05 18:49:00
IND-USR-070,25.906444,93.720157,758.0,2026-08-05,18:57:00,2026-08-05 18:57:00
IND-USR-070,25.684867,94.106728,104.1,2026-08-05,19:09:00,2026-08-05 19:09:00
IND-USR-070,25.678085,94.108459,557.9,2026-08-05,19:27:00,2026-08-05 19:27:00
IND-USR-070,25.671888,94.104912,271.0,2026-08-05,19:47:00,2026-08-05 19:47:00
IND-USR-070,25.681443,94.112424,664.6,2026-08-05,20:02:00,2026-08-05 20:02:00
IND-USR-070,25.682874,94.108822,718.1,2026-08-05,20:15:00,2026-08-05 20:15:00
IND-USR-070,25.676252,94.107531,664.2,2026-08-05,20:34:00,2026-08-05 20:34:00
IND-USR-070,25.673952,94.104432,704.6,2026-08-05,20:36:00,2026-08-05 20:36:00
IND-USR-070,25.675436,94.105443,30.1,2026-08-05,20:56:00,2026-08-05 20:56:00
IND-USR-070,25.676868,94.10928,191.0,2026-08-05,21:06:00,2026-08-05 21:06:00
IND-USR-070,25.676251,94.115301,230.2,2026-08-05,21:13:00,2026-08-05 21:13:00
IND-USR-070,25.674949,94.111627,698.5,2026-08-05,21:16:00,2026-08-05 21:16:00
IND-USR-070,25.683306,94.113826,787.6,2026-08-05,21:24:00,2026-08-05 21:24:00
IND-USR-070,25.679713,94.107373,134.7,2026-08-05,21:32:00,2026-08-05 21:32:00
IND-USR-070,25.676019,94.103327,67.6,2026-08-05,21:48:00,2026-08-05 21:48:00
IND-USR-070,25.677096,94.109698,222.1,2026-08-05,22:04:00,2026-08-05 22:04:00
IND-USR-070,25.675194,94.112709,39.6,2026-08-05,22:10:00,2026-08-05 22:10:00
IND-USR-070,25.670269,94.115139,354.6,2026-08-05,22:18:00,2026-08-05 22:18:00
IND-USR-070,25.678707,94.108317,794.7,2026-08-05,22:29:00,2026-08-05 22:29:00
IND-USR-070,25.674505,94.110522,154.7,2026-08-05,22:44:00,2026-08-05 22:44:00
IND-USR-070,25.681183,94.109006,793.6,2026-08-05,22:48:00,2026-08-05 22:48:00
IND-USR-070,25.675676,94.108672,455.3,2026-08-05,22:55:00,2026-08-05 22:55:00
IND-USR-070,25.682228,94.107124,171.1,2026-08-05,22:57:00,2026-08-05 22:57:00
IND-USR-070,25.674982,94.114454,511.0,2026-08-05,23:00:00,2026-08-05 23:00:00
IND-USR-070,25.675688,94.113148,112.0,2026-08-05,23:15:00,2026-08-05 23:15:00
IND-USR-070,25.671455,94.107779,209.1,2026-08-05,23:22:00,2026-08-05 23:22:00
IND-USR-070,25.681038,94.105895,400.1,2026-08-05,23:28:00,2026-08-05 23:28:00
IND-USR-070,25.674495,94.109627,225.5,2026-08-05,23:43:00,2026-08-05 23:43:00
IND-USR-070,25.671143,94.106945,260.2,2026-08-05,23:50:00,2026-08-05 23:50:00
IND-USR-070,25.675551,94.108787,680.9,2026-08-06,00:08:00,2026-08-06 00:08:00
IND-USR-070,25.680221,94.114766,903.0,2026-08-06,00:26:00,2026-08-06 00:26:00
IND-USR-070,25.671676,94.109045,855.0,2026-08-06,00:46:00,2026-08-06 00:46:00
IND-USR-070,25.677797,94.114665,935.3,2026-08-06,01:06:00,2026-08-06 01:06:00
IND-USR-070,25.677974,94.109764,158.0,2026-08-06,01:22:00,2026-08-06 01:22:00
IND-USR-070,25.677766,94.111295,630.9,2026-08-06,01:41:00,2026-08-06 01:41:00
IND-USR-070,25.671389,94.109371,906.4,2026-08-06,01:49:00,2026-08-06 01:49:00
IND-USR-070,25.680937,94.107771,171.8,2026-08-06,02:04:00,2026-08-06 02:04:00
IND-USR-071,25.675618,94.10763,254.6,2026-08-08,06:12:00,2026-08-08 06:12:00
IND-USR-071,25.665845,94.108682,880.6,2026-08-08,06:20:00,2026-08-08 06:20:00
IND-USR-071,25.676307,94.10655,194.5,2026-08-08,06:22:00,2026-08-08 06:22:00
IND-USR-071,25.670481,94.105078,363.0,2026-08-08,06:33:00,2026-08-08 06:33:00
IND-USR-071,25.678157,94.11649,447.0,2026-08-08,06:52:00,2026-08-08 06:52:00
IND-USR-071,25.68063,94.103223,832.2,2026-08-08,06:56:00,2026-08-08 06:56:00
IND-USR-071,25.678519,94.105947,758.8,2026-08-08,07:01:00,2026-08-08 07:01:00
IND-USR-071,25.672771,94.106752,856.8,2026-08-08,07:07:00,2026-08-08 07:07:00
IND-USR-071,25.677924,94.112437,702.8,2026-08-08,07:16:00,2026-08-08 07:16:00
IND-USR-071,25.674708,94.108276,902.6,2026-08-08,07:35:00,2026-08-08 07:35:00
IND-USR-071,25.676957,94.110872,536.5,2026-08-08,07:40:00,2026-08-08 07:40:00
IND-USR-071,25.679805,94.103463,864.8,2026-08-08,07:54:00,2026-08-08 07:54:00
IND-USR-071,25.90608,93.722828,679.7,2026-08-08,08:14:00,2026-08-08 08:14:00
IND-USR-071,25.905796,93.726195,59.7,2026-08-08,08:20:00,2026-08-08 08:20:00
IND-USR-071,25.905813,93.723901,516.7,2026-08-08,08:27:00,2026-08-08 08:27:00
IND-USR-071,25.900051,93.718722,761.0,2026-08-08,08:36:00,2026-08-08 08:36:00
IND-USR-071,25.905475,93.725376,863.5,2026-08-08,08:45:00,2026-08-08 08:45:00
IND-USR-071,25.903296,93.73239,816.8,2026-08-08,09:03:00,2026-08-08 09:03:00
IND-USR-071,25.902562,93.732767,841.4,2026-08-08,09:22:00,2026-08-08 09:22:00
IND-USR-071,25.912495,93.719296,516.7,2026-08-08,09:31:00,2026-08-08 09:31:00
IND-USR-071,25.90637,93.725501,328.8,2026-08-08,09:35:00,2026-08-08 09:35:00
IND-USR-071,25.894353,93.721321,97.9,2026-08-08,09:54:00,2026-08-08 09:54:00
IND-USR-071,25.9091,93.735177,322.2,2026-08-08,10:04:00,2026-08-08 10:04:00
IND-USR-071,25.909611,93.728395,788.4,2026-08-08,10:10:00,2026-08-08 10:10:00
IND-USR-071,25.905915,93.733831,412.1,2026-08-08,10:13:00,2026-08-08 10:13:00
IND-USR-071,25.914593,93.724753,141.3,2026-08-08,10:21:00,2026-08-08 10:21:00
IND-USR-071,25.898,93.718707,666.8,2026-08-08,10:30:00,2026-08-08 10:30:00
IND-USR-071,25.911288,93.726912,496.9,2026-08-08,10:34:00,2026-08-08 10:34:00
IND-USR-071,25.906733,93.719937,77.1,2026-08-08,10:50:00,2026-08-08 10:50:00
IND-USR-071,25.902987,93.725918,85.3,2026-08-08,11:09:00,2026-08-08 11:09:00
IND-USR-071,25.906831,93.725506,443.2,2026-08-08,11:21:00,2026-08-08 11:21:00
IND-USR-071,25.901851,93.723962,943.2,2026-08-08,11:31:00,2026-08-08 11:31:00
IND-USR-071,25.910833,93.728079,38.2,2026-08-08,11:43:00,2026-08-08 11:43:00
IND-USR-071,25.908449,93.723505,743.2,2026-08-08,11:45:00,2026-08-08 11:45:00
IND-USR-071,25.894185,93.725008,821.1,2026-08-08,11:47:00,2026-08-08 11:47:00
IND-USR-071,25.902534,93.728496,88.6,2026-08-08,11:49:00,2026-08-08 11:49:00
IND-USR-071,25.919143,93.729881,722.1,2026-08-08,11:56:00,2026-08-08 11:56:00
IND-USR-071,25.916944,93.729375,86.2,2026-08-08,12:16:00,2026-08-08 12:16:00
IND-USR-071,25.90348,93.728492,461.9,2026-08-08,12:24:00,2026-08-08 12:24:00
IND-USR-071,25.913123,93.734418,422.6,2026-08-08,12:29:00,2026-08-08 12:29:00
IND-USR-071,25.903699,93.728113,618.7,2026-08-08,12:48:00,2026-08-08 12:48:00
IND-USR-071,25.900283,93.730399,750.2,2026-08-08,12:51:00,2026-08-08 12:51:00
IND-USR-071,25.912213,93.727259,686.1,2026-08-08,12:53:00,2026-08-08 12:53:00
IND-USR-071,25.90333,93.728541,304.1,2026-08-08,13:06:00,2026-08-08 13:06:00
IND-USR-071,25.90767,93.727425,757.0,2026-08-08,13:11:00,2026-08-08 13:11:00
IND-USR-071,25.906715,93.726405,616.9,2026-08-08,13:29:00,2026-08-08 13:29:00
IND-USR-071,25.909984,93.730045,255.2,2026-08-08,13:40:00,2026-08-08 13:40:00
IND-USR-071,25.902068,93.723058,523.0,2026-08-08,13:44:00,2026-08-08 13:44:00
IND-USR-071,25.904983,93.730047,574.3,2026-08-08,13:50:00,2026-08-08 13:50:00
IND-USR-071,25.906592,93.724527,517.6,2026-08-08,14:10:00,2026-08-08 14:10:00
IND-USR-071,25.907046,93.725777,471.7,2026-08-08,14:21:00,2026-08-08 14:21:00
IND-USR-071,25.909522,93.728432,151.5,2026-08-08,14:25:00,2026-08-08 14:25:00
IND-USR-071,25.904739,93.728026,481.3,2026-08-08,14:36:00,2026-08-08 14:36:00
IND-USR-071,25.91126,93.724821,305.3,2026-08-08,14:39:00,2026-08-08 14:39:00
IND-USR-071,25.907611,93.726818,48.0,2026-08-08,14:56:00,2026-08-08 14:56:00
IND-USR-071,25.907708,93.724482,449.3,2026-08-08,15:11:00,2026-08-08 15:11:00
IND-USR-071,25.906441,93.731531,573.3,2026-08-08,15:14:00,2026-08-08 15:14:00
IND-USR-071,25.902252,93.721782,632.3,2026-08-08,15:16:00,2026-08-08 15:16:00
IND-USR-071,25.900834,93.722417,365.2,2026-08-08,15:25:00,2026-08-08 15:25:00
IND-USR-071,25.908381,93.721477,93.4,2026-08-08,15:37:00,2026-08-08 15:37:00
IND-USR-071,25.904808,93.729573,268.6,2026-08-08,15:55:00,2026-08-08 15:55:00
IND-USR-071,25.907667,93.725558,390.9,2026-08-08,16:01:00,2026-08-08 16:01:00
IND-USR-071,25.906764,93.727529,125.6,2026-08-08,16:21:00,2026-08-08 16:21:00
IND-USR-071,25.905103,93.726257,150.3,2026-08-08,16:36:00,2026-08-08 16:36:00
IND-USR-071,25.914942,93.730337,491.0,2026-08-08,16:46:00,2026-08-08 16:46:00
IND-USR-071,25.915923,93.725112,357.4,2026-08-08,16:58:00,2026-08-08 16:58:00
IND-USR-071,25.90566,93.721771,354.2,2026-08-08,17:01:00,2026-08-08 17:01:00
IND-USR-071,25.902762,93.734708,748.0,2026-08-08,17:08:00,2026-08-08 17:08:00
IND-USR-071,25.903912,93.734777,695.8,2026-08-08,17:22:00,2026-08-08 17:22:00
IND-USR-071,25.901027,93.722886,681.4,2026-08-08,17:41:00,2026-08-08 17:41:00
IND-USR-071,25.904635,93.726845,59.9,2026-08-08,17:58:00,2026-08-08 17:58:00
IND-USR-071,25.909692,93.728903,236.0,2026-08-08,18:06:00,2026-08-08 18:06:00
IND-USR-071,25.904335,93.726567,442.4,2026-08-08,18:25:00,2026-08-08 18:25:00
IND-USR-071,25.904724,93.723441,749.3,2026-08-08,18:38:00,2026-08-08 18:38:00
IND-USR-071,25.902448,93.731212,736.0,2026-08-08,18:40:00,2026-08-08 18:40:00
IND-USR-071,25.898687,93.733569,183.7,2026-08-08,18:58:00,2026-08-08 18:58:00
IND-USR-071,25.673728,94.10551,67.1,2026-08-08,19:02:00,2026-08-08 19:02:00
IND-USR-071,25.678059,94.114541,882.5,2026-08-08,19:05:00,2026-08-08 19:05:00
IND-USR-071,25.679571,94.110607,247.6,2026-08-08,19:19:00,2026-08-08 19:19:00
IND-USR-071,25.679447,94.101734,126.8,2026-08-08,19:37:00,2026-08-08 19:37:00
IND-USR-071,25.673013,94.104955,870.3,2026-08-08,19:56:00,2026-08-08 19:56:00
IND-USR-071,25.679999,94.107066,255.9,2026-08-08,19:58:00,2026-08-08 19:58:00
IND-USR-071,25.678482,94.110743,914.4,2026-08-08,20:08:00,2026-08-08 20:08:00
IND-USR-071,25.671651,94.106252,524.6,2026-08-08,20:15:00,2026-08-08 20:15:00
IND-USR-071,25.680275,94.105498,478.5,2026-08-08,20:32:00,2026-08-08 20:32:00
IND-USR-071,25.675599,94.10547,494.7,2026-08-08,20:41:00,2026-08-08 20:41:00
IND-USR-071,25.673844,94.108415,685.1,2026-08-08,20:55:00,2026-08-08 20:55:00
IND-USR-071,25.671969,94.104758,506.6,2026-08-08,21:03:00,2026-08-08 21:03:00
IND-USR-071,25.676245,94.105221,385.7,2026-08-08,21:07:00,2026-08-08 21:07:00
IND-USR-071,25.671857,94.104844,155.6,2026-08-08,21:16:00,2026-08-08 21:16:00
IND-USR-071,25.674788,94.112375,143.0,2026-08-08,21:20:00,2026-08-08 21:20:00
IND-USR-071,25.681126,94.105696,591.9,2026-08-08,21:34:00,2026-08-08 21:34:00
IND-USR-071,25.683701,94.104581,692.4,2026-08-08,21:45:00,2026-08-08 21:45:00
IND-USR-071,25.679434,94.105713,547.1,2026-08-08,22:03:00,2026-08-08 22:03:00
IND-USR-071,25.671616,94.105621,393.2,2026-08-08,22:14:00,2026-08-08 22:14:00
IND-USR-071,25.67489,94.11092,29.5,2026-08-08,22:21:00,2026-08-08 22:21:00
IND-USR-071,25.677779,94.104824,721.1,2026-08-08,22:36:00,2026-08-08 22:36:00
IND-USR-072,25.671141,94.104933,415.0,2026-08-03,06:18:00,2026-08-03 06:18:00
IND-USR-072,25.674655,94.107759,301.0,2026-08-03,06:23:00,2026-08-03 06:23:00
IND-USR-072,25.671299,94.109678,87.2,2026-08-03,06:33:00,2026-08-03 06:33:00
IND-USR-072,25.68415,94.106581,782.7,2026-08-03,06:36:00,2026-08-03 06:36:00
IND-USR-072,25.673366,94.110839,898.7,2026-08-03,06:47:00,2026-08-03 06:47:00
IND-USR-072,25.672865,94.111276,157.3,2026-08-03,07:01:00,2026-08-03 07:01:00
IND-USR-072,25.672226,94.115928,722.2,2026-08-03,07:14:00,2026-08-03 07:14:00
IND-USR-072,25.676479,94.10612,185.4,2026-08-03,07:17:00,2026-08-03 07:17:00
IND-USR-072,25.672745,94.106545,687.9,2026-08-03,07:26:00,2026-08-03 07:26:00
IND-USR-072,25.680591,94.103525,329.5,2026-08-03,07:39:00,2026-08-03 07:39:00
IND-USR-072,25.672428,94.106353,286.2,2026-08-03,07:46:00,2026-08-03 07:46:00
IND-USR-072,25.675037,94.107516,638.5,2026-08-03,07:48:00,2026-08-03 07:48:00
IND-USR-072,25.900035,93.725501,364.6,2026-08-03,08:05:00,2026-08-03 08:05:00
IND-USR-072,25.905602,93.724588,754.6,2026-08-03,08:20:00,2026-08-03 08:20:00
IND-USR-072,25.908747,93.730778,492.2,2026-08-03,08:31:00,2026-08-03 08:31:00
IND-USR-072,25.905686,93.728022,484.9,2026-08-03,08:49:00,2026-08-03 08:49:00
IND-USR-072,25.897356,93.725416,735.7,2026-08-03,08:51:00,2026-08-03 08:51:00
IND-USR-072,25.910019,93.725406,356.3,2026-08-03,08:56:00,2026-08-03 08:56:00
IND-USR-072,25.903051,93.736211,665.6,2026-08-03,09:15:00,2026-08-03 09:15:00
IND-USR-072,25.913276,93.72897,177.7,2026-08-03,09:33:00,2026-08-03 09:33:00
IND-USR-072,25.910556,93.718196,321.7,2026-08-03,09:43:00,2026-08-03 09:43:00
IND-USR-072,25.90285,93.72522,447.7,2026-08-03,09:49:00,2026-08-03 09:49:00
IND-USR-072,25.905056,93.72514,643.3,2026-08-03,09:52:00,2026-08-03 09:52:00
IND-USR-072,25.8958,93.728644,45.3,2026-08-03,10:04:00,2026-08-03 10:04:00
IND-USR-072,25.908175,93.733508,943.5,2026-08-03,10:07:00,2026-08-03 10:07:00
IND-USR-072,25.902847,93.723619,234.5,2026-08-03,10:18:00,2026-08-03 10:18:00
IND-USR-072,25.89528,93.725926,206.4,2026-08-03,10:26:00,2026-08-03 10:26:00
IND-USR-072,25.909604,93.724653,192.7,2026-08-03,10:39:00,2026-08-03 10:39:00
IND-USR-072,25.914574,93.726074,252.3,2026-08-03,10:57:00,2026-08-03 10:57:00
IND-USR-072,25.906588,93.721648,840.5,2026-08-03,11:09:00,2026-08-03 11:09:00
IND-USR-072,25.907149,93.719183,381.0,2026-08-03,11:14:00,2026-08-03 11:14:00
IND-USR-072,25.908775,93.729998,768.3,2026-08-03,11:23:00,2026-08-03 11:23:00
IND-USR-072,25.911437,93.72302,94.7,2026-08-03,11:28:00,2026-08-03 11:28:00
IND-USR-072,25.906642,93.729355,504.6,2026-08-03,11:44:00,2026-08-03 11:44:00
IND-USR-072,25.907769,93.723639,521.7,2026-08-03,11:49:00,2026-08-03 11:49:00
IND-USR-072,25.896432,93.728488,236.6,2026-08-03,11:57:00,2026-08-03 11:57:00
IND-USR-072,25.90539,93.724833,603.0,2026-08-03,12:01:00,2026-08-03 12:01:00
IND-USR-072,25.909056,93.72692,473.0,2026-08-03,12:09:00,2026-08-03 12:09:00
IND-USR-072,25.900723,93.719374,390.7,2026-08-03,12:15:00,2026-08-03 12:15:00
IND-USR-072,25.901484,93.736672,949.5,2026-08-03,12:27:00,2026-08-03 12:27:00
IND-USR-072,25.908891,93.727854,839.4,2026-08-03,12:30:00,2026-08-03 12:30:00
IND-USR-072,25.905273,93.72611,690.0,2026-08-03,12:33:00,2026-08-03 12:33:00
IND-USR-072,25.910669,93.725138,873.0,2026-08-03,12:37:00,2026-08-03 12:37:00
IND-USR-072,25.908308,93.725706,476.9,2026-08-03,12:55:00,2026-08-03 12:55:00
IND-USR-072,25.913761,93.730069,941.9,2026-08-03,13:07:00,2026-08-03 13:07:00
IND-USR-072,25.910982,93.724762,444.0,2026-08-03,13:12:00,2026-08-03 13:12:00
IND-USR-072,25.910233,93.72585,816.9,2026-08-03,13:30:00,2026-08-03 13:30:00
IND-USR-072,25.90644,93.73364,687.1,2026-08-03,13:49:00,2026-08-03 13:49:00
IND-USR-072,25.901829,93.727913,848.3,2026-08-03,14:07:00,2026-08-03 14:07:00
IND-USR-072,25.907752,93.72918,866.8,2026-08-03,14:09:00,2026-08-03 14:09:00
IND-USR-072,25.904197,93.735445,781.1,2026-08-03,14:17:00,2026-08-03 14:17:00
IND-USR-072,25.90082,93.732936,560.9,2026-08-03,14:19:00,2026-08-03 14:19:00
IND-USR-072,25.91086,93.734704,741.9,2026-08-03,14:31:00,2026-08-03 14:31:00
IND-USR-072,25.899647,93.723625,526.8,2026-08-03,14:36:00,2026-08-03 14:36:00
IND-USR-072,25.911968,93.719592,878.9,2026-08-03,14:54:00,2026-08-03 14:54:00
IND-USR-072,25.899574,93.725147,657.1,2026-08-03,15:03:00,2026-08-03 15:03:00
IND-USR-072,25.906768,93.733469,453.9,2026-08-03,15:15:00,2026-08-03 15:15:00
IND-USR-072,25.905259,93.724667,258.1,2026-08-03,15:32:00,2026-08-03 15:32:00
IND-USR-072,25.907246,93.728978,783.7,2026-08-03,15:43:00,2026-08-03 15:43:00
IND-USR-072,25.907765,93.726388,912.7,2026-08-03,15:48:00,2026-08-03 15:48:00
IND-USR-072,25.89818,93.72343,871.7,2026-08-03,16:03:00,2026-08-03 16:03:00
IND-USR-072,25.911681,93.727848,378.3,2026-08-03,16:11:00,2026-08-03 16:11:00
IND-USR-072,25.90471,93.731573,135.9,2026-08-03,16:24:00,2026-08-03 16:24:00
IND-USR-072,25.90148,93.726199,81.7,2026-08-03,16:27:00,2026-08-03 16:27:00
IND-USR-072,25.906551,93.725334,770.0,2026-08-03,16:31:00,2026-08-03 16:31:00
IND-USR-072,25.906403,93.726349,610.9,2026-08-03,16:49:00,2026-08-03 16:49:00
IND-USR-072,25.900403,93.727826,279.6,2026-08-03,17:09:00,2026-08-03 17:09:00
IND-USR-072,25.900687,93.727762,284.7,2026-08-03,17:28:00,2026-08-03 17:28:00
IND-USR-072,25.911497,93.725976,383.2,2026-08-03,17:37:00,2026-08-03 17:37:00
IND-USR-072,25.901314,93.726592,332.4,2026-08-03,17:54:00,2026-08-03 17:54:00
IND-USR-072,25.902672,93.729478,561.4,2026-08-03,17:56:00,2026-08-03 17:56:00
IND-USR-072,25.905408,93.733939,193.0,2026-08-03,18:11:00,2026-08-03 18:11:00
IND-USR-072,25.910652,93.726488,895.1,2026-08-03,18:18:00,2026-08-03 18:18:00
IND-USR-072,25.908862,93.725527,149.0,2026-08-03,18:36:00,2026-08-03 18:36:00
IND-USR-072,25.906136,93.725654,434.2,2026-08-03,18:45:00,2026-08-03 18:45:00
IND-USR-072,25.909066,93.732832,327.4,2026-08-03,18:57:00,2026-08-03 18:57:00
IND-USR-072,25.678295,94.112288,96.7,2026-08-03,19:01:00,2026-08-03 19:01:00
IND-USR-072,25.678792,94.110805,663.7,2026-08-03,19:04:00,2026-08-03 19:04:00
IND-USR-072,25.670543,94.115404,132.2,2026-08-03,19:15:00,2026-08-03 19:15:00
IND-USR-072,25.682318,94.107664,392.8,2026-08-03,19:34:00,2026-08-03 19:34:00
IND-USR-072,25.673617,94.11105,789.8,2026-08-03,19:37:00,2026-08-03 19:37:00
IND-USR-072,25.677303,94.107792,741.3,2026-08-03,19:39:00,2026-08-03 19:39:00
IND-USR-072,25.6701,94.109823,233.4,2026-08-03,19:51:00,2026-08-03 19:51:00
IND-USR-072,25.677306,94.111503,412.9,2026-08-03,20:05:00,2026-08-03 20:05:00
IND-USR-072,25.676497,94.107516,498.2,2026-08-03,20:08:00,2026-08-03 20:08:00
IND-USR-072,25.679076,94.108863,119.5,2026-08-03,20:13:00,2026-08-03 20:13:00
IND-USR-072,25.67324,94.107877,410.9,2026-08-03,20:19:00,2026-08-03 20:19:00
IND-USR-072,25.668116,94.107871,892.5,2026-08-03,20:21:00,2026-08-03 20:21:00
IND-USR-072,25.677854,94.109959,832.3,2026-08-03,20:29:00,2026-08-03 20:29:00
IND-USR-072,25.681183,94.107548,499.0,2026-08-03,20:32:00,2026-08-03 20:32:00
IND-USR-072,25.677049,94.111771,349.6,2026-08-03,20:40:00,2026-08-03 20:40:00
IND-USR-072,25.684471,94.109179,841.5,2026-08-03,20:54:00,2026-08-03 20:54:00
IND-USR-072,25.670923,94.111992,779.1,2026-08-03,20:58:00,2026-08-03 20:58:00
IND-USR-072,25.682563,94.10731,373.1,2026-08-03,21:00:00,2026-08-03 21:00:00
IND-USR-072,25.678464,94.113515,78.3,2026-08-03,21:16:00,2026-08-03 21:16:00
IND-USR-072,25.679168,94.109102,103.9,2026-08-03,21:24:00,2026-08-03 21:24:00
IND-USR-072,25.672306,94.108275,731.5,2026-08-03,21:31:00,2026-08-03 21:31:00
IND-USR-072,25.676934,94.112233,853.6,2026-08-03,21:41:00,2026-08-03 21:41:00
IND-USR-072,25.676436,94.10708,58.9,2026-08-03,21:54:00,2026-08-03 21:54:00
IND-USR-072,25.677322,94.11204,488.5,2026-08-03,22:09:00,2026-08-03 22:09:00
IND-USR-072,25.676618,94.105255,420.1,2026-08-03,22:16:00,2026-08-03 22:16:00
IND-USR-072,25.674374,94.112391,466.3,2026-08-03,22:21:00,2026-08-03 22:21:00
IND-USR-072,25.669568,94.100227,409.0,2026-08-03,22:38:00,2026-08-03 22:38:00
IND-USR-073,20.302132,85.826546,934.9,2026-08-09,06:08:00,2026-08-09 06:08:00
IND-USR-073,20.298527,85.820193,283.0,2026-08-09,06:18:00,2026-08-09 06:18:00
IND-USR-073,20.29905,85.825601,118.9,2026-08-09,06:21:00,2026-08-09 06:21:00
IND-USR-073,20.289763,85.830197,852.6,2026-08-09,06:32:00,2026-08-09 06:32:00
IND-USR-073,20.296735,85.822916,756.2,2026-08-09,06:34:00,2026-08-09 06:34:00
IND-USR-073,20.294588,85.816439,743.4,2026-08-09,06:50:00,2026-08-09 06:50:00
IND-USR-073,20.298473,85.825547,290.5,2026-08-09,07:02:00,2026-08-09 07:02:00
IND-USR-073,20.295324,85.829614,821.1,2026-08-09,07:19:00,2026-08-09 07:19:00
IND-USR-073,20.290565,85.822113,702.5,2026-08-09,07:38:00,2026-08-09 07:38:00
IND-USR-073,20.2927,85.823385,138.3,2026-08-09,07:56:00,2026-08-09 07:56:00
IND-USR-073,20.29637,85.82622,209.2,2026-08-09,07:59:00,2026-08-09 07:59:00
IND-USR-073,19.812112,85.827691,587.6,2026-08-09,08:12:00,2026-08-09 08:12:00
IND-USR-073,19.820244,85.840847,60.2,2026-08-09,08:17:00,2026-08-09 08:17:00
IND-USR-073,19.814073,85.828173,434.4,2026-08-09,08:30:00,2026-08-09 08:30:00
IND-USR-073,19.819402,85.825413,579.3,2026-08-09,08:32:00,2026-08-09 08:32:00
IND-USR-073,19.812161,85.828416,487.0,2026-08-09,08:35:00,2026-08-09 08:35:00
IND-USR-073,19.808862,85.83008,556.0,2026-08-09,08:55:00,2026-08-09 08:55:00
IND-USR-073,19.810043,85.831251,765.1,2026-08-09,08:59:00,2026-08-09 08:59:00
IND-USR-073,19.813609,85.828715,549.6,2026-08-09,09:10:00,2026-08-09 09:10:00
IND-USR-073,19.812018,85.830277,681.8,2026-08-09,09:12:00,2026-08-09 09:12:00
IND-USR-073,19.816739,85.830606,942.4,2026-08-09,09:28:00,2026-08-09 09:28:00
IND-USR-073,19.816799,85.833543,768.9,2026-08-09,09:48:00,2026-08-09 09:48:00
IND-USR-073,19.815786,85.836751,720.8,2026-08-09,10:02:00,2026-08-09 10:02:00
IND-USR-073,19.809022,85.829307,596.3,2026-08-09,10:22:00,2026-08-09 10:22:00
IND-USR-073,19.820553,85.830171,730.6,2026-08-09,10:37:00,2026-08-09 10:37:00
IND-USR-073,19.80224,85.830388,769.6,2026-08-09,10:57:00,2026-08-09 10:57:00
IND-USR-073,19.81404,85.820732,790.5,2026-08-09,11:08:00,2026-08-09 11:08:00
IND-USR-073,19.818836,85.828345,94.3,2026-08-09,11:24:00,2026-08-09 11:24:00
IND-USR-073,19.814814,85.830296,287.8,2026-08-09,11:42:00,2026-08-09 11:42:00
IND-USR-073,19.808347,85.826918,746.5,2026-08-09,12:01:00,2026-08-09 12:01:00
IND-USR-073,19.80976,85.835543,371.1,2026-08-09,12:21:00,2026-08-09 12:21:00
IND-USR-073,19.81291,85.829113,243.3,2026-08-09,12:41:00,2026-08-09 12:41:00
IND-USR-073,19.809762,85.835985,541.4,2026-08-09,12:53:00,2026-08-09 12:53:00
IND-USR-073,19.819357,85.835939,30.0,2026-08-09,13:04:00,2026-08-09 13:04:00
IND-USR-073,19.81547,85.832359,844.1,2026-08-09,13:22:00,2026-08-09 13:22:00
IND-USR-073,19.808636,85.830217,591.7,2026-08-09,13:42:00,2026-08-09 13:42:00
IND-USR-073,19.810765,85.823898,906.1,2026-08-09,13:50:00,2026-08-09 13:50:00
IND-USR-073,19.817728,85.828417,111.9,2026-08-09,13:58:00,2026-08-09 13:58:00
IND-USR-073,19.818284,85.834727,286.8,2026-08-09,14:07:00,2026-08-09 14:07:00
IND-USR-073,19.815727,85.833652,739.7,2026-08-09,14:13:00,2026-08-09 14:13:00
IND-USR-073,19.811039,85.838631,390.0,2026-08-09,14:28:00,2026-08-09 14:28:00
IND-USR-073,19.813673,85.832408,913.0,2026-08-09,14:47:00,2026-08-09 14:47:00
IND-USR-073,19.810904,85.827475,393.3,2026-08-09,14:50:00,2026-08-09 14:50:00
IND-USR-073,19.815409,85.83207,940.6,2026-08-09,14:52:00,2026-08-09 14:52:00
IND-USR-073,19.810343,85.825446,155.7,2026-08-09,15:09:00,2026-08-09 15:09:00
IND-USR-073,19.80842,85.835985,439.8,2026-08-09,15:14:00,2026-08-09 15:14:00
IND-USR-073,19.811047,85.829844,924.0,2026-08-09,15:29:00,2026-08-09 15:29:00
IND-USR-073,19.819301,85.826711,613.4,2026-08-09,15:31:00,2026-08-09 15:31:00
IND-USR-073,19.810592,85.828125,714.3,2026-08-09,15:38:00,2026-08-09 15:38:00
IND-USR-073,19.819972,85.839174,538.0,2026-08-09,15:49:00,2026-08-09 15:49:00
IND-USR-073,19.816506,85.834334,498.8,2026-08-09,15:58:00,2026-08-09 15:58:00
IND-USR-073,19.811179,85.838989,316.2,2026-08-09,16:07:00,2026-08-09 16:07:00
IND-USR-073,19.814571,85.834612,621.2,2026-08-09,16:20:00,2026-08-09 16:20:00
IND-USR-073,19.813078,85.830128,140.2,2026-08-09,16:38:00,2026-08-09 16:38:00
IND-USR-073,19.820152,85.833359,721.6,2026-08-09,16:57:00,2026-08-09 16:57:00
IND-USR-073,19.819306,85.832221,788.3,2026-08-09,17:08:00,2026-08-09 17:08:00
IND-USR-073,19.810107,85.828867,912.4,2026-08-09,17:21:00,2026-08-09 17:21:00
IND-USR-073,19.813912,85.828694,932.7,2026-08-09,17:26:00,2026-08-09 17:26:00
IND-USR-073,19.80907,85.836006,583.4,2026-08-09,17:46:00,2026-08-09 17:46:00
IND-USR-073,19.811321,85.831753,38.1,2026-08-09,17:58:00,2026-08-09 17:58:00
IND-USR-073,19.814685,85.828847,391.9,2026-08-09,18:04:00,2026-08-09 18:04:00
IND-USR-073,19.819303,85.826731,521.8,2026-08-09,18:17:00,2026-08-09 18:17:00
IND-USR-073,19.814547,85.832184,418.1,2026-08-09,18:23:00,2026-08-09 18:23:00
IND-USR-073,19.813283,85.826012,97.9,2026-08-09,18:33:00,2026-08-09 18:33:00
IND-USR-073,19.816983,85.834174,369.5,2026-08-09,18:52:00,2026-08-09 18:52:00
IND-USR-073,20.293398,85.82733,334.0,2026-08-09,19:06:00,2026-08-09 19:06:00
IND-USR-073,20.2976,85.819378,878.1,2026-08-09,19:10:00,2026-08-09 19:10:00
IND-USR-073,20.292684,85.829053,24.0,2026-08-09,19:18:00,2026-08-09 19:18:00
IND-USR-073,20.297338,85.822243,770.2,2026-08-09,19:35:00,2026-08-09 19:35:00
IND-USR-073,20.292666,85.822438,641.7,2026-08-09,19:40:00,2026-08-09 19:40:00
IND-USR-073,20.294322,85.821116,730.5,2026-08-09,19:46:00,2026-08-09 19:46:00
IND-USR-073,20.289133,85.82906,304.9,2026-08-09,20:04:00,2026-08-09 20:04:00
IND-USR-073,20.299983,85.819407,931.6,2026-08-09,20:16:00,2026-08-09 20:16:00
IND-USR-073,20.296645,85.820891,246.8,2026-08-09,20:21:00,2026-08-09 20:21:00
IND-USR-073,20.295054,85.823121,740.6,2026-08-09,20:29:00,2026-08-09 20:29:00
IND-USR-073,20.294389,85.832512,519.0,2026-08-09,20:43:00,2026-08-09 20:43:00
IND-USR-073,20.294339,85.821267,562.4,2026-08-09,20:52:00,2026-08-09 20:52:00
IND-USR-073,20.29305,85.828675,808.8,2026-08-09,21:03:00,2026-08-09 21:03:00
IND-USR-073,20.289492,85.82145,598.5,2026-08-09,21:13:00,2026-08-09 21:13:00
IND-USR-073,20.301887,85.825476,813.4,2026-08-09,21:16:00,2026-08-09 21:16:00
IND-USR-073,20.296868,85.833029,459.7,2026-08-09,21:23:00,2026-08-09 21:23:00
IND-USR-073,20.297085,85.821667,10.9,2026-08-09,21:32:00,2026-08-09 21:32:00
IND-USR-073,20.294972,85.819958,418.2,2026-08-09,21:50:00,2026-08-09 21:50:00
IND-USR-073,20.301124,85.826798,862.9,2026-08-09,22:04:00,2026-08-09 22:04:00
IND-USR-073,20.300598,85.829352,68.8,2026-08-09,22:18:00,2026-08-09 22:18:00
IND-USR-073,20.294443,85.820721,119.8,2026-08-09,22:21:00,2026-08-09 22:21:00
IND-USR-073,20.295893,85.821009,483.7,2026-08-09,22:35:00,2026-08-09 22:35:00
IND-USR-073,20.29676,85.829028,86.3,2026-08-09,22:39:00,2026-08-09 22:39:00
IND-USR-073,20.295427,85.8251,775.5,2026-08-09,22:47:00,2026-08-09 22:47:00
IND-USR-074,20.295725,85.827711,898.6,2026-08-06,06:03:00,2026-08-06 06:03:00
IND-USR-074,20.293429,85.815714,506.1,2026-08-06,06:17:00,2026-08-06 06:17:00
IND-USR-074,20.297983,85.828451,85.3,2026-08-06,06:27:00,2026-08-06 06:27:00
IND-USR-074,20.297885,85.821939,816.4,2026-08-06,06:31:00,2026-08-06 06:31:00
IND-USR-074,20.29156,85.826478,61.1,2026-08-06,06:43:00,2026-08-06 06:43:00
IND-USR-074,20.296666,85.823997,737.2,2026-08-06,06:58:00,2026-08-06 06:58:00
IND-USR-074,20.30339,85.820713,194.1,2026-08-06,07:16:00,2026-08-06 07:16:00
IND-USR-074,20.3032,85.824627,902.5,2026-08-06,07:36:00,2026-08-06 07:36:00
IND-USR-074,20.288758,85.823783,599.4,2026-08-06,07:51:00,2026-08-06 07:51:00
IND-USR-074,20.299938,85.82304,696.2,2026-08-06,07:54:00,2026-08-06 07:54:00
IND-USR-074,19.807601,85.830542,609.3,2026-08-06,08:03:00,2026-08-06 08:03:00
IND-USR-074,19.810071,85.833167,25.8,2026-08-06,08:13:00,2026-08-06 08:13:00
IND-USR-074,19.816594,85.826975,424.2,2026-08-06,08:30:00,2026-08-06 08:30:00
IND-USR-074,19.810677,85.834227,377.3,2026-08-06,08:41:00,2026-08-06 08:41:00
IND-USR-074,19.810065,85.826871,681.5,2026-08-06,08:44:00,2026-08-06 08:44:00
IND-USR-074,19.808785,85.832608,842.3,2026-08-06,09:00:00,2026-08-06 09:00:00
IND-USR-074,19.814737,85.828464,727.2,2026-08-06,09:14:00,2026-08-06 09:14:00
IND-USR-074,19.81352,85.837309,641.1,2026-08-06,09:29:00,2026-08-06 09:29:00
IND-USR-074,19.809604,85.823393,333.9,2026-08-06,09:35:00,2026-08-06 09:35:00
IND-USR-074,19.81532,85.830758,760.7,2026-08-06,09:54:00,2026-08-06 09:54:00
IND-USR-074,19.81066,85.833808,691.5,2026-08-06,10:11:00,2026-08-06 10:11:00
IND-USR-074,19.816857,85.822367,877.5,2026-08-06,10:28:00,2026-08-06 10:28:00
IND-USR-074,19.81089,85.84047,933.1,2026-08-06,10:31:00,2026-08-06 10:31:00
IND-USR-074,19.815834,85.833904,667.3,2026-08-06,10:51:00,2026-08-06 10:51:00
IND-USR-074,19.818192,85.831268,733.0,2026-08-06,10:55:00,2026-08-06 10:55:00
IND-USR-074,19.816687,85.834072,31.4,2026-08-06,11:05:00,2026-08-06 11:05:00
IND-USR-074,19.815656,85.829912,644.2,2026-08-06,11:23:00,2026-08-06 11:23:00
IND-USR-074,19.814188,85.828847,73.1,2026-08-06,11:33:00,2026-08-06 11:33:00
IND-USR-074,19.813551,85.826526,196.5,2026-08-06,11:41:00,2026-08-06 11:41:00
IND-USR-074,19.810338,85.830071,228.2,2026-08-06,11:57:00,2026-08-06 11:57:00
IND-USR-074,19.809725,85.82918,906.9,2026-08-06,12:03:00,2026-08-06 12:03:00
IND-USR-074,19.812844,85.832809,346.4,2026-08-06,12:15:00,2026-08-06 12:15:00
IND-USR-074,19.817297,85.829345,200.5,2026-08-06,12:22:00,2026-08-06 12:22:00
IND-USR-074,19.81884,85.834954,112.2,2026-08-06,12:36:00,2026-08-06 12:36:00
IND-USR-074,19.815516,85.831815,881.5,2026-08-06,12:55:00,2026-08-06 12:55:00
IND-USR-074,19.814776,85.835948,20.0,2026-08-06,13:11:00,2026-08-06 13:11:00
IND-USR-074,19.818394,85.83654,647.4,2026-08-06,13:18:00,2026-08-06 13:18:00
IND-USR-074,19.813665,85.83342,576.8,2026-08-06,13:22:00,2026-08-06 13:22:00
IND-USR-074,19.818874,85.828705,367.0,2026-08-06,13:24:00,2026-08-06 13:24:00
IND-USR-074,19.812226,85.831264,715.3,2026-08-06,13:33:00,2026-08-06 13:33:00
IND-USR-074,19.817098,85.834861,785.7,2026-08-06,13:42:00,2026-08-06 13:42:00
IND-USR-074,19.812577,85.825166,134.4,2026-08-06,13:54:00,2026-08-06 13:54:00
IND-USR-074,19.814485,85.827527,523.3,2026-08-06,14:11:00,2026-08-06 14:11:00
IND-USR-074,19.80754,85.826145,363.4,2026-08-06,14:24:00,2026-08-06 14:24:00
IND-USR-074,19.814806,85.836644,215.2,2026-08-06,14:32:00,2026-08-06 14:32:00
IND-USR-074,19.813656,85.832046,847.9,2026-08-06,14:36:00,2026-08-06 14:36:00
IND-USR-074,19.818232,85.825022,288.9,2026-08-06,14:55:00,2026-08-06 14:55:00
IND-USR-074,19.815581,85.831154,567.0,2026-08-06,15:05:00,2026-08-06 15:05:00
IND-USR-074,19.815764,85.829266,822.7,2026-08-06,15:12:00,2026-08-06 15:12:00
IND-USR-074,19.810228,85.831762,54.9,2026-08-06,15:24:00,2026-08-06 15:24:00
IND-USR-074,19.820097,85.834644,286.4,2026-08-06,15:38:00,2026-08-06 15:38:00
IND-USR-074,19.811469,85.825836,924.7,2026-08-06,15:41:00,2026-08-06 15:41:00
IND-USR-074,19.806772,85.836464,415.3,2026-08-06,15:46:00,2026-08-06 15:46:00
IND-USR-074,19.80968,85.829898,945.2,2026-08-06,15:57:00,2026-08-06 15:57:00
IND-USR-074,19.818785,85.824744,434.6,2026-08-06,16:06:00,2026-08-06 16:06:00
IND-USR-074,19.819469,85.830185,792.1,2026-08-06,16:16:00,2026-08-06 16:16:00
IND-USR-074,19.808906,85.830211,452.2,2026-08-06,16:30:00,2026-08-06 16:30:00
IND-USR-074,19.81061,85.832963,882.0,2026-08-06,16:35:00,2026-08-06 16:35:00
IND-USR-074,19.810907,85.823553,706.5,2026-08-06,16:51:00,2026-08-06 16:51:00
IND-USR-074,19.812618,85.825774,637.2,2026-08-06,17:08:00,2026-08-06 17:08:00
IND-USR-074,19.814317,85.826451,870.3,2026-08-06,17:15:00,2026-08-06 17:15:00
IND-USR-074,19.811548,85.83193,23.2,2026-08-06,17:19:00,2026-08-06 17:19:00
IND-USR-074,19.81265,85.832202,610.7,2026-08-06,17:26:00,2026-08-06 17:26:00
IND-USR-074,19.816221,85.826568,850.6,2026-08-06,17:43:00,2026-08-06 17:43:00
IND-USR-074,19.813242,85.817882,514.1,2026-08-06,18:03:00,2026-08-06 18:03:00
IND-USR-074,19.814489,85.829997,106.2,2026-08-06,18:10:00,2026-08-06 18:10:00
IND-USR-074,19.809566,85.832463,255.4,2026-08-06,18:18:00,2026-08-06 18:18:00
IND-USR-074,19.818191,85.829296,171.3,2026-08-06,18:33:00,2026-08-06 18:33:00
IND-USR-074,19.809721,85.83186,329.7,2026-08-06,18:52:00,2026-08-06 18:52:00
IND-USR-074,20.290758,85.821858,747.3,2026-08-06,19:09:00,2026-08-06 19:09:00
IND-USR-074,20.30099,85.824749,229.8,2026-08-06,19:25:00,2026-08-06 19:25:00
IND-USR-074,20.288582,85.817312,824.6,2026-08-06,19:40:00,2026-08-06 19:40:00
IND-USR-074,20.296748,85.82795,832.2,2026-08-06,19:49:00,2026-08-06 19:49:00
IND-USR-074,20.28963,85.826299,238.4,2026-08-06,20:08:00,2026-08-06 20:08:00
IND-USR-074,20.301421,85.832051,807.2,2026-08-06,20:13:00,2026-08-06 20:13:00
IND-USR-074,20.297425,85.826527,520.9,2026-08-06,20:20:00,2026-08-06 20:20:00
IND-USR-074,20.287567,85.832899,393.9,2026-08-06,20:32:00,2026-08-06 20:32:00
IND-USR-074,20.293798,85.820766,225.2,2026-08-06,20:44:00,2026-08-06 20:44:00
IND-USR-074,20.295079,85.830547,912.2,2026-08-06,21:00:00,2026-08-06 21:00:00
IND-USR-074,20.304932,85.825002,473.3,2026-08-06,21:02:00,2026-08-06 21:02:00
IND-USR-074,20.300092,85.824673,521.9,2026-08-06,21:22:00,2026-08-06 21:22:00
IND-USR-075,20.291949,85.830407,649.9,2026-08-11,06:14:00,2026-08-11 06:14:00
IND-USR-075,20.293611,85.830642,436.4,2026-08-11,06:19:00,2026-08-11 06:19:00
IND-USR-075,20.301294,85.826956,388.5,2026-08-11,06:22:00,2026-08-11 06:22:00
IND-USR-075,20.303416,85.833429,231.8,2026-08-11,06:39:00,2026-08-11 06:39:00
IND-USR-075,20.295399,85.821265,497.2,2026-08-11,06:53:00,2026-08-11 06:53:00
IND-USR-075,20.288643,85.833479,818.5,2026-08-11,06:59:00,2026-08-11 06:59:00
IND-USR-075,20.294341,85.82904,353.2,2026-08-11,07:01:00,2026-08-11 07:01:00
IND-USR-075,20.293135,85.830653,363.5,2026-08-11,07:03:00,2026-08-11 07:03:00
IND-USR-075,20.2933,85.819733,89.3,2026-08-11,07:09:00,2026-08-11 07:09:00
IND-USR-075,20.295266,85.822373,179.6,2026-08-11,07:16:00,2026-08-11 07:16:00
IND-USR-075,20.298485,85.824294,318.2,2026-08-11,07:29:00,2026-08-11 07:29:00
IND-USR-075,20.298611,85.823336,91.0,2026-08-11,07:36:00,2026-08-11 07:36:00
IND-USR-075,20.29344,85.822166,648.0,2026-08-11,07:50:00,2026-08-11 07:50:00
IND-USR-075,19.82168,85.832101,23.9,2026-08-11,08:03:00,2026-08-11 08:03:00
IND-USR-075,19.805565,85.829119,516.7,2026-08-11,08:15:00,2026-08-11 08:15:00
IND-USR-075,19.813887,85.838582,890.8,2026-08-11,08:31:00,2026-08-11 08:31:00
IND-USR-075,19.817615,85.827513,390.6,2026-08-11,08:41:00,2026-08-11 08:41:00
IND-USR-075,19.823173,85.831075,698.5,2026-08-11,08:47:00,2026-08-11 08:47:00
IND-USR-075,19.818485,85.82658,622.2,2026-08-11,09:05:00,2026-08-11 09:05:00
IND-USR-075,19.803907,85.825566,78.4,2026-08-11,09:12:00,2026-08-11 09:12:00
IND-USR-075,19.800499,85.839648,140.4,2026-08-11,09:32:00,2026-08-11 09:32:00
IND-USR-075,19.814358,85.827501,384.1,2026-08-11,09:52:00,2026-08-11 09:52:00
IND-USR-075,19.81531,85.831957,719.7,2026-08-11,10:08:00,2026-08-11 10:08:00
IND-USR-075,19.815984,85.836038,534.1,2026-08-11,10:11:00,2026-08-11 10:11:00
IND-USR-075,19.81234,85.827681,736.2,2026-08-11,10:30:00,2026-08-11 10:30:00
IND-USR-075,19.816811,85.834409,231.1,2026-08-11,10:40:00,2026-08-11 10:40:00
IND-USR-075,19.813903,85.83991,281.5,2026-08-11,10:59:00,2026-08-11 10:59:00
IND-USR-075,19.811749,85.827601,826.0,2026-08-11,11:18:00,2026-08-11 11:18:00
IND-USR-075,19.815172,85.8285,129.3,2026-08-11,11:25:00,2026-08-11 11:25:00
IND-USR-075,19.815482,85.827868,809.8,2026-08-11,11:28:00,2026-08-11 11:28:00
IND-USR-075,19.811899,85.838763,904.3,2026-08-11,11:31:00,2026-08-11 11:31:00
IND-USR-075,19.811878,85.828005,632.6,2026-08-11,11:40:00,2026-08-11 11:40:00
IND-USR-075,19.818183,85.826996,417.2,2026-08-11,11:59:00,2026-08-11 11:59:00
IND-USR-075,19.810728,85.833506,486.9,2026-08-11,12:09:00,2026-08-11 12:09:00
IND-USR-075,19.817254,85.836082,619.5,2026-08-11,12:20:00,2026-08-11 12:20:00
IND-USR-075,19.810511,85.833584,839.5,2026-08-11,12:31:00,2026-08-11 12:31:00
IND-USR-075,19.811636,85.828777,805.4,2026-08-11,12:43:00,2026-08-11 12:43:00
IND-USR-075,19.818313,85.829002,530.3,2026-08-11,13:01:00,2026-08-11 13:01:00
IND-USR-075,19.814613,85.831822,618.4,2026-08-11,13:05:00,2026-08-11 13:05:00
IND-USR-075,19.809217,85.835064,336.0,2026-08-11,13:16:00,2026-08-11 13:16:00
IND-USR-075,19.815741,85.823255,487.1,2026-08-11,13:35:00,2026-08-11 13:35:00
IND-USR-075,19.81461,85.828108,663.6,2026-08-11,13:38:00,2026-08-11 13:38:00
IND-USR-075,19.817888,85.825418,96.2,2026-08-11,13:54:00,2026-08-11 13:54:00
IND-USR-075,19.812074,85.832648,231.2,2026-08-11,14:01:00,2026-08-11 14:01:00
IND-USR-075,19.813717,85.834252,387.6,2026-08-11,14:20:00,2026-08-11 14:20:00
IND-USR-075,19.807426,85.837808,458.9,2026-08-11,14:34:00,2026-08-11 14:34:00
IND-USR-075,19.815601,85.836639,733.0,2026-08-11,14:53:00,2026-08-11 14:53:00
IND-USR-075,19.816997,85.831154,34.6,2026-08-11,15:00:00,2026-08-11 15:00:00
IND-USR-075,19.808363,85.828946,268.4,2026-08-11,15:16:00,2026-08-11 15:16:00
IND-USR-075,19.819858,85.836742,915.7,2026-08-11,15:20:00,2026-08-11 15:20:00
IND-USR-075,19.811022,85.819927,686.2,2026-08-11,15:24:00,2026-08-11 15:24:00
IND-USR-075,19.812649,85.830049,475.2,2026-08-11,15:40:00,2026-08-11 15:40:00
IND-USR-075,19.812501,85.833314,472.9,2026-08-11,15:59:00,2026-08-11 15:59:00
IND-USR-075,19.817005,85.835161,150.9,2026-08-11,16:18:00,2026-08-11 16:18:00
IND-USR-075,19.815283,85.823997,870.4,2026-08-11,16:38:00,2026-08-11 16:38:00
IND-USR-075,19.812135,85.840416,477.4,2026-08-11,16:56:00,2026-08-11 16:56:00
IND-USR-075,19.814997,85.832671,796.8,2026-08-11,17:02:00,2026-08-11 17:02:00
IND-USR-075,19.814938,85.832862,310.9,2026-08-11,17:08:00,2026-08-11 17:08:00
IND-USR-075,19.803968,85.830242,194.4,2026-08-11,17:28:00,2026-08-11 17:28:00
IND-USR-075,19.813348,85.836326,753.1,2026-08-11,17:31:00,2026-08-11 17:31:00
IND-USR-075,19.813691,85.824614,309.2,2026-08-11,17:50:00,2026-08-11 17:50:00
IND-USR-075,19.81522,85.827985,10.6,2026-08-11,18:08:00,2026-08-11 18:08:00
IND-USR-075,19.808633,85.827863,651.4,2026-08-11,18:15:00,2026-08-11 18:15:00
IND-USR-075,19.81567,85.836235,356.6,2026-08-11,18:24:00,2026-08-11 18:24:00
IND-USR-075,19.815432,85.833728,840.0,2026-08-11,18:34:00,2026-08-11 18:34:00
IND-USR-075,19.815392,85.831605,720.2,2026-08-11,18:47:00,2026-08-11 18:47:00
IND-USR-075,20.298888,85.814825,368.1,2026-08-11,19:01:00,2026-08-11 19:01:00
IND-USR-075,20.296544,85.82032,654.5,2026-08-11,19:13:00,2026-08-11 19:13:00
IND-USR-075,20.300752,85.823911,46.0,2026-08-11,19:33:00,2026-08-11 19:33:00
IND-USR-075,20.296224,85.81848,167.8,2026-08-11,19:38:00,2026-08-11 19:38:00
IND-USR-075,20.300167,85.827009,175.4,2026-08-11,19:57:00,2026-08-11 19:57:00
IND-USR-075,20.298328,85.821248,811.3,2026-08-11,20:09:00,2026-08-11 20:09:00
IND-USR-075,20.293005,85.825394,246.1,2026-08-11,20:19:00,2026-08-11 20:19:00
IND-USR-075,20.293322,85.82624,379.6,2026-08-11,20:37:00,2026-08-11 20:37:00
IND-USR-075,20.287456,85.82255,380.4,2026-08-11,20:57:00,2026-08-11 20:57:00
IND-USR-075,20.303287,85.826258,341.8,2026-08-11,21:03:00,2026-08-11 21:03:00
IND-USR-075,20.296767,85.832441,184.5,2026-08-11,21:14:00,2026-08-11 21:14:00
IND-USR-075,20.286756,85.821239,605.9,2026-08-11,21:23:00,2026-08-11 21:23:00
IND-USR-075,20.294495,85.827933,652.5,2026-08-11,21:29:00,2026-08-11 21:29:00
IND-USR-075,20.299603,85.821036,805.9,2026-08-11,21:49:00,2026-08-11 21:49:00
IND-USR-075,20.300092,85.822887,790.5,2026-08-11,22:03:00,2026-08-11 22:03:00
IND-USR-075,20.300947,85.820369,824.3,2026-08-11,22:12:00,2026-08-11 22:12:00
IND-USR-075,20.295607,85.822539,523.4,2026-08-11,22:20:00,2026-08-11 22:20:00
IND-USR-075,20.300324,85.822409,888.5,2026-08-11,22:40:00,2026-08-11 22:40:00
IND-USR-075,20.29593,85.826527,390.6,2026-08-11,22:52:00,2026-08-11 22:52:00
IND-USR-075,20.298281,85.828048,84.8,2026-08-11,23:02:00,2026-08-11 23:02:00
IND-USR-075,20.296944,85.822827,185.4,2026-08-11,23:14:00,2026-08-11 23:14:00
IND-USR-075,20.294701,85.824603,689.1,2026-08-11,23:26:00,2026-08-11 23:26:00
IND-USR-075,20.297098,85.823911,177.2,2026-08-11,23:43:00,2026-08-11 23:43:00
IND-USR-075,20.296177,85.818431,375.7,2026-08-11,23:55:00,2026-08-11 23:55:00
IND-USR-075,20.298769,85.825224,171.5,2026-08-12,00:15:00,2026-08-12 00:15:00
IND-USR-075,20.300107,85.824501,218.4,2026-08-12,00:35:00,2026-08-12 00:35:00
IND-USR-075,20.289146,85.823066,332.7,2026-08-12,00:44:00,2026-08-12 00:44:00
IND-USR-075,20.2953,85.827472,106.1,2026-08-12,00:57:00,2026-08-12 00:57:00
IND-USR-075,20.287819,85.824665,109.8,2026-08-12,01:15:00,2026-08-12 01:15:00
IND-USR-075,20.298155,85.821854,357.1,2026-08-12,01:29:00,2026-08-12 01:29:00
IND-USR-075,20.296399,85.821992,904.5,2026-08-12,01:31:00,2026-08-12 01:31:00
IND-USR-075,20.293182,85.822866,497.8,2026-08-12,01:48:00,2026-08-12 01:48:00
IND-USR-075,20.293257,85.827234,902.6,2026-08-12,02:02:00,2026-08-12 02:02:00
IND-USR-075,20.29316,85.820888,314.9,2026-08-12,02:21:00,2026-08-12 02:21:00
IND-USR-075,20.303172,85.828343,720.6,2026-08-12,02:33:00,2026-08-12 02:33:00
IND-USR-075,20.288654,85.821441,785.4,2026-08-12,02:44:00,2026-08-12 02:44:00
IND-USR-075,20.29707,85.825795,17.1,2026-08-12,02:53:00,2026-08-12 02:53:00
IND-USR-075,20.290138,85.829134,600.4,2026-08-12,03:04:00,2026-08-12 03:04:00
IND-USR-075,20.299401,85.826428,835.1,2026-08-12,03:09:00,2026-08-12 03:09:00
IND-USR-075,20.301527,85.826309,784.9,2026-08-12,03:27:00,2026-08-12 03:27:00
IND-USR-075,20.297894,85.830731,880.7,2026-08-12,03:31:00,2026-08-12 03:31:00
IND-USR-076,20.300505,85.821134,164.9,2026-08-02,06:17:00,2026-08-02 06:17:00
IND-USR-076,20.298633,85.821843,500.3,2026-08-02,06:25:00,2026-08-02 06:25:00
IND-USR-076,20.298117,85.826406,557.1,2026-08-02,06:37:00,2026-08-02 06:37:00
IND-USR-076,20.290566,85.824013,755.8,2026-08-02,06:47:00,2026-08-02 06:47:00
IND-USR-076,20.297161,85.822755,798.2,2026-08-02,06:51:00,2026-08-02 06:51:00
IND-USR-076,20.297359,85.827724,380.9,2026-08-02,06:59:00,2026-08-02 06:59:00
IND-USR-076,20.295978,85.825398,315.7,2026-08-02,07:03:00,2026-08-02 07:03:00
IND-USR-076,20.301634,85.826393,111.1,2026-08-02,07:19:00,2026-08-02 07:19:00
IND-USR-076,20.296903,85.820668,200.2,2026-08-02,07:31:00,2026-08-02 07:31:00
IND-USR-076,20.298784,85.825821,695.2,2026-08-02,07:39:00,2026-08-02 07:39:00
IND-USR-076,20.301235,85.824688,592.2,2026-08-02,07:52:00,2026-08-02 07:52:00
IND-USR-076,19.806235,85.8244,778.5,2026-08-02,08:00:00,2026-08-02 08:00:00
IND-USR-076,19.816443,85.828919,694.2,2026-08-02,08:17:00,2026-08-02 08:17:00
IND-USR-076,19.815247,85.831657,101.5,2026-08-02,08:35:00,2026-08-02 08:35:00
IND-USR-076,19.812833,85.830815,430.5,2026-08-02,08:50:00,2026-08-02 08:50:00
IND-USR-076,19.810038,85.831137,53.0,2026-08-02,09:02:00,2026-08-02 09:02:00
IND-USR-076,19.811162,85.829711,905.6,2026-08-02,09:12:00,2026-08-02 09:12:00
IND-USR-076,19.812205,85.830293,665.3,2026-08-02,09:18:00,2026-08-02 09:18:00
IND-USR-076,19.817189,85.830681,276.5,2026-08-02,09:23:00,2026-08-02 09:23:00
IND-USR-076,19.817595,85.837351,43.1,2026-08-02,09:27:00,2026-08-02 09:27:00
IND-USR-076,19.81692,85.833338,176.7,2026-08-02,09:40:00,2026-08-02 09:40:00
IND-USR-076,19.814807,85.834661,588.8,2026-08-02,09:54:00,2026-08-02 09:54:00
IND-USR-076,19.813857,85.835138,664.3,2026-08-02,09:59:00,2026-08-02 09:59:00
IND-USR-076,19.815956,85.829761,454.5,2026-08-02,10:17:00,2026-08-02 10:17:00
IND-USR-076,19.817083,85.831566,578.8,2026-08-02,10:20:00,2026-08-02 10:20:00
IND-USR-076,19.813075,85.829295,722.3,2026-08-02,10:26:00,2026-08-02 10:26:00
IND-USR-076,19.814164,85.835186,265.4,2026-08-02,10:28:00,2026-08-02 10:28:00
IND-USR-076,19.817056,85.832614,230.9,2026-08-02,10:34:00,2026-08-02 10:34:00
IND-USR-076,19.815899,85.836287,505.2,2026-08-02,10:52:00,2026-08-02 10:52:00
IND-USR-076,19.8129,85.826738,388.1,2026-08-02,11:05:00,2026-08-02 11:05:00
IND-USR-076,19.818705,85.829081,889.1,2026-08-02,11:11:00,2026-08-02 11:11:00
IND-USR-076,19.810739,85.824015,770.6,2026-08-02,11:30:00,2026-08-02 11:30:00
IND-USR-076,19.815785,85.824714,401.1,2026-08-02,11:45:00,2026-08-02 11:45:00
IND-USR-076,19.810499,85.833553,822.2,2026-08-02,11:57:00,2026-08-02 11:57:00
IND-USR-076,19.816388,85.828593,486.1,2026-08-02,12:17:00,2026-08-02 12:17:00
IND-USR-076,19.812963,85.82771,516.6,2026-08-02,12:33:00,2026-08-02 12:33:00
IND-USR-076,19.811306,85.832265,290.7,2026-08-02,12:43:00,2026-08-02 12:43:00
IND-USR-076,19.811493,85.830223,139.9,2026-08-02,12:50:00,2026-08-02 12:50:00
IND-USR-076,19.807641,85.835732,489.6,2026-08-02,13:02:00,2026-08-02 13:02:00
IND-USR-076,19.81554,85.834372,518.9,2026-08-02,13:12:00,2026-08-02 13:12:00
IND-USR-076,19.818662,85.827899,698.9,2026-08-02,13:24:00,2026-08-02 13:24:00
IND-USR-076,19.812066,85.823621,916.7,2026-08-02,13:39:00,2026-08-02 13:39:00
IND-USR-076,19.826062,85.830602,750.4,2026-08-02,13:51:00,2026-08-02 13:51:00
IND-USR-076,19.817655,85.826247,177.1,2026-08-02,14:02:00,2026-08-02 14:02:00
IND-USR-076,19.817486,85.83863,296.3,2026-08-02,14:08:00,2026-08-02 14:08:00
IND-USR-076,19.813259,85.827156,919.6,2026-08-02,14:13:00,2026-08-02 14:13:00
IND-USR-076,19.812945,85.822293,936.3,2026-08-02,14:28:00,2026-08-02 14:28:00
IND-USR-076,19.813348,85.834484,138.0,2026-08-02,14:30:00,2026-08-02 14:30:00
IND-USR-076,19.813357,85.830063,839.5,2026-08-02,14:32:00,2026-08-02 14:32:00
IND-USR-076,19.81561,85.833616,156.6,2026-08-02,14:35:00,2026-08-02 14:35:00
IND-USR-076,19.80686,85.831555,360.2,2026-08-02,14:46:00,2026-08-02 14:46:00
IND-USR-076,19.823244,85.82586,561.2,2026-08-02,14:55:00,2026-08-02 14:55:00
IND-USR-076,19.813158,85.838967,78.4,2026-08-02,15:04:00,2026-08-02 15:04:00
IND-USR-076,19.817917,85.829146,133.3,2026-08-02,15:13:00,2026-08-02 15:13:00
IND-USR-076,19.814325,85.831192,761.4,2026-08-02,15:18:00,2026-08-02 15:18:00
IND-USR-076,19.810508,85.830903,75.1,2026-08-02,15:30:00,2026-08-02 15:30:00
IND-USR-076,19.81238,85.831651,314.5,2026-08-02,15:32:00,2026-08-02 15:32:00
IND-USR-076,19.810506,85.826094,41.8,2026-08-02,15:49:00,2026-08-02 15:49:00
IND-USR-076,19.813335,85.83806,605.4,2026-08-02,15:57:00,2026-08-02 15:57:00
IND-USR-076,19.813829,85.829874,532.2,2026-08-02,16:12:00,2026-08-02 16:12:00
IND-USR-076,19.816516,85.830567,651.1,2026-08-02,16:19:00,2026-08-02 16:19:00
IND-USR-076,19.820972,85.831184,295.1,2026-08-02,16:30:00,2026-08-02 16:30:00
IND-USR-076,19.816302,85.828182,503.3,2026-08-02,16:48:00,2026-08-02 16:48:00
IND-USR-076,19.815512,85.8323,372.7,2026-08-02,17:02:00,2026-08-02 17:02:00
IND-USR-076,19.813274,85.829193,145.4,2026-08-02,17:19:00,2026-08-02 17:19:00
IND-USR-076,19.810948,85.832329,407.7,2026-08-02,17:28:00,2026-08-02 17:28:00
IND-USR-076,19.816016,85.830691,686.2,2026-08-02,17:44:00,2026-08-02 17:44:00
IND-USR-076,19.814649,85.831048,614.6,2026-08-02,17:55:00,2026-08-02 17:55:00
IND-USR-076,19.813894,85.830398,712.1,2026-08-02,18:01:00,2026-08-02 18:01:00
IND-USR-076,19.813572,85.841992,354.3,2026-08-02,18:07:00,2026-08-02 18:07:00
IND-USR-076,19.814747,85.833781,935.7,2026-08-02,18:25:00,2026-08-02 18:25:00
IND-USR-076,19.815252,85.830149,874.1,2026-08-02,18:32:00,2026-08-02 18:32:00
IND-USR-076,19.818676,85.830035,206.6,2026-08-02,18:43:00,2026-08-02 18:43:00
IND-USR-076,19.81772,85.829863,504.3,2026-08-02,18:47:00,2026-08-02 18:47:00
IND-USR-076,19.80966,85.832662,675.1,2026-08-02,18:54:00,2026-08-02 18:54:00
IND-USR-076,19.809081,85.833343,702.8,2026-08-02,18:59:00,2026-08-02 18:59:00
IND-USR-076,20.291323,85.823224,796.2,2026-08-02,19:07:00,2026-08-02 19:07:00
IND-USR-076,20.290373,85.835797,198.2,2026-08-02,19:13:00,2026-08-02 19:13:00
IND-USR-076,20.289484,85.824539,835.9,2026-08-02,19:19:00,2026-08-02 19:19:00
IND-USR-076,20.300673,85.828646,599.3,2026-08-02,19:21:00,2026-08-02 19:21:00
IND-USR-076,20.299505,85.823231,65.4,2026-08-02,19:25:00,2026-08-02 19:25:00
IND-USR-076,20.301504,85.828154,842.4,2026-08-02,19:27:00,2026-08-02 19:27:00
IND-USR-076,20.296949,85.825462,240.1,2026-08-02,19:45:00,2026-08-02 19:45:00
IND-USR-076,20.294884,85.820861,470.2,2026-08-02,19:55:00,2026-08-02 19:55:00
IND-USR-076,20.301049,85.829749,684.5,2026-08-02,20:03:00,2026-08-02 20:03:00
IND-USR-076,20.292564,85.823885,334.3,2026-08-02,20:19:00,2026-08-02 20:19:00
IND-USR-076,20.295526,85.824369,165.2,2026-08-02,20:38:00,2026-08-02 20:38:00
IND-USR-076,20.296357,85.828287,389.8,2026-08-02,20:55:00,2026-08-02 20:55:00
IND-USR-076,20.293111,85.821115,635.2,2026-08-02,20:59:00,2026-08-02 20:59:00
IND-USR-076,20.301046,85.822649,749.7,2026-08-02,21:06:00,2026-08-02 21:06:00
IND-USR-076,20.291048,85.822559,461.3,2026-08-02,21:19:00,2026-08-02 21:19:00
IND-USR-076,20.29478,85.83072,254.7,2026-08-02,21:31:00,2026-08-02 21:31:00
IND-USR-076,20.299799,85.82909,538.3,2026-08-02,21:44:00,2026-08-02 21:44:00
IND-USR-076,20.29938,85.828285,464.8,2026-08-02,21:54:00,2026-08-02 21:54:00
IND-USR-076,20.293348,85.823706,155.5,2026-08-02,22:08:00,2026-08-02 22:08:00
IND-USR-076,20.29214,85.823658,895.6,2026-08-02,22:28:00,2026-08-02 22:28:00
IND-USR-076,20.298836,85.825038,143.9,2026-08-02,22:40:00,2026-08-02 22:40:00
IND-USR-076,20.301346,85.819934,490.3,2026-08-02,22:44:00,2026-08-02 22:44:00
IND-USR-076,20.298101,85.819507,369.5,2026-08-02,23:00:00,2026-08-02 23:00:00
IND-USR-076,20.296477,85.827461,236.6,2026-08-02,23:19:00,2026-08-02 23:19:00
IND-USR-076,20.295242,85.826705,378.9,2026-08-02,23:24:00,2026-08-02 23:24:00
IND-USR-076,20.292261,85.817845,826.9,2026-08-02,23:43:00,2026-08-02 23:43:00
IND-USR-076,20.298328,85.831476,912.7,2026-08-02,23:59:00,2026-08-02 23:59:00
IND-USR-076,20.292116,85.829389,175.0,2026-08-03,00:16:00,2026-08-03 00:16:00
IND-USR-076,20.296274,85.819157,656.2,2026-08-03,00:32:00,2026-08-03 00:32:00
IND-USR-076,20.291574,85.824563,426.3,2026-08-03,00:40:00,2026-08-03 00:40:00
IND-USR-076,20.294482,85.819248,880.2,2026-08-03,00:48:00,2026-08-03 00:48:00
IND-USR-076,20.289324,85.821113,918.6,2026-08-03,01:08:00,2026-08-03 01:08:00
IND-USR-076,20.296875,85.824474,316.3,2026-08-03,01:10:00,2026-08-03 01:10:00
IND-USR-076,20.294095,85.825308,155.9,2026-08-03,01:17:00,2026-08-03 01:17:00
IND-USR-077,31.63816,74.873877,706.5,2026-08-10,06:08:00,2026-08-10 06:08:00
IND-USR-077,31.633515,74.876012,908.0,2026-08-10,06:15:00,2026-08-10 06:15:00
IND-USR-077,31.630161,74.8714,761.4,2026-08-10,06:30:00,2026-08-10 06:30:00
IND-USR-077,31.633196,74.867352,80.8,2026-08-10,06:50:00,2026-08-10 06:50:00
IND-USR-077,31.632321,74.864,232.1,2026-08-10,07:01:00,2026-08-10 07:01:00
IND-USR-077,31.641649,74.86855,145.2,2026-08-10,07:20:00,2026-08-10 07:20:00
IND-USR-077,31.640344,74.872452,315.6,2026-08-10,07:27:00,2026-08-10 07:27:00
IND-USR-077,31.636259,74.870345,670.3,2026-08-10,07:40:00,2026-08-10 07:40:00
IND-USR-077,31.634832,74.874902,752.0,2026-08-10,07:49:00,2026-08-10 07:49:00
IND-USR-077,30.903658,75.860399,201.0,2026-08-10,08:08:00,2026-08-10 08:08:00
IND-USR-077,30.899527,75.855379,893.3,2026-08-10,08:27:00,2026-08-10 08:27:00
IND-USR-077,30.894623,75.859393,402.8,2026-08-10,08:37:00,2026-08-10 08:37:00
IND-USR-077,30.90533,75.863764,691.3,2026-08-10,08:54:00,2026-08-10 08:54:00
IND-USR-077,30.902221,75.854234,702.9,2026-08-10,09:10:00,2026-08-10 09:10:00
IND-USR-077,30.894212,75.861467,215.7,2026-08-10,09:27:00,2026-08-10 09:27:00
IND-USR-077,30.893815,75.855938,282.5,2026-08-10,09:41:00,2026-08-10 09:41:00
IND-USR-077,30.900103,75.857022,546.8,2026-08-10,09:43:00,2026-08-10 09:43:00
IND-USR-077,30.901143,75.857853,823.5,2026-08-10,09:53:00,2026-08-10 09:53:00
IND-USR-077,30.891339,75.857359,772.1,2026-08-10,10:13:00,2026-08-10 10:13:00
IND-USR-077,30.892082,75.860229,584.5,2026-08-10,10:30:00,2026-08-10 10:30:00
IND-USR-077,30.898779,75.848672,179.6,2026-08-10,10:35:00,2026-08-10 10:35:00
IND-USR-077,30.897743,75.85502,577.4,2026-08-10,10:51:00,2026-08-10 10:51:00
IND-USR-077,30.905763,75.858087,422.5,2026-08-10,11:11:00,2026-08-10 11:11:00
IND-USR-077,30.902378,75.862025,546.8,2026-08-10,11:18:00,2026-08-10 11:18:00
IND-USR-077,30.900615,75.860317,75.7,2026-08-10,11:34:00,2026-08-10 11:34:00
IND-USR-077,30.903735,75.852154,321.2,2026-08-10,11:37:00,2026-08-10 11:37:00
IND-USR-077,30.906892,75.851619,724.2,2026-08-10,11:53:00,2026-08-10 11:53:00
IND-USR-077,30.904669,75.851232,685.6,2026-08-10,12:10:00,2026-08-10 12:10:00
IND-USR-077,30.903405,75.864748,470.9,2026-08-10,12:18:00,2026-08-10 12:18:00
IND-USR-077,30.900148,75.856275,140.0,2026-08-10,12:30:00,2026-08-10 12:30:00
IND-USR-077,30.903442,75.855982,899.1,2026-08-10,12:49:00,2026-08-10 12:49:00
IND-USR-077,30.908273,75.858069,238.4,2026-08-10,13:07:00,2026-08-10 13:07:00
IND-USR-077,30.899719,75.855139,36.4,2026-08-10,13:13:00,2026-08-10 13:13:00
IND-USR-077,30.897268,75.854789,136.6,2026-08-10,13:18:00,2026-08-10 13:18:00
IND-USR-077,30.899597,75.855349,383.3,2026-08-10,13:31:00,2026-08-10 13:31:00
IND-USR-077,30.898367,75.865695,525.1,2026-08-10,13:34:00,2026-08-10 13:34:00
IND-USR-077,30.89688,75.857887,45.4,2026-08-10,13:41:00,2026-08-10 13:41:00
IND-USR-077,30.90337,75.85982,259.4,2026-08-10,13:44:00,2026-08-10 13:44:00
IND-USR-077,30.900766,75.856337,469.6,2026-08-10,14:03:00,2026-08-10 14:03:00
IND-USR-077,30.902806,75.858366,497.5,2026-08-10,14:19:00,2026-08-10 14:19:00
IND-USR-077,30.899964,75.851052,821.8,2026-08-10,14:37:00,2026-08-10 14:37:00
IND-USR-077,30.899128,75.852714,338.4,2026-08-10,14:53:00,2026-08-10 14:53:00
IND-USR-077,30.898331,75.857433,661.7,2026-08-10,15:01:00,2026-08-10 15:01:00
IND-USR-077,30.902435,75.864422,637.3,2026-08-10,15:14:00,2026-08-10 15:14:00
IND-USR-077,30.89885,75.860399,183.6,2026-08-10,15:27:00,2026-08-10 15:27:00
IND-USR-077,30.902224,75.862484,380.7,2026-08-10,15:46:00,2026-08-10 15:46:00
IND-USR-077,30.903305,75.853266,760.8,2026-08-10,15:49:00,2026-08-10 15:49:00
IND-USR-077,30.894108,75.858545,199.9,2026-08-10,15:52:00,2026-08-10 15:52:00
IND-USR-077,30.898886,75.853379,929.3,2026-08-10,16:02:00,2026-08-10 16:02:00
IND-USR-077,30.89593,75.857944,877.2,2026-08-10,16:11:00,2026-08-10 16:11:00
IND-USR-077,30.907031,75.855665,775.8,2026-08-10,16:15:00,2026-08-10 16:15:00
IND-USR-077,30.903361,75.856891,311.5,2026-08-10,16:35:00,2026-08-10 16:35:00
IND-USR-077,30.895842,75.860239,72.4,2026-08-10,16:51:00,2026-08-10 16:51:00
IND-USR-077,30.896621,75.857387,906.8,2026-08-10,16:58:00,2026-08-10 16:58:00
IND-USR-077,30.899634,75.860872,854.6,2026-08-10,17:18:00,2026-08-10 17:18:00
IND-USR-077,30.896767,75.858863,31.5,2026-08-10,17:22:00,2026-08-10 17:22:00
IND-USR-077,30.897641,75.855256,614.3,2026-08-10,17:28:00,2026-08-10 17:28:00
IND-USR-077,30.886459,75.865668,742.5,2026-08-10,17:35:00,2026-08-10 17:35:00
IND-USR-077,30.903202,75.854231,714.3,2026-08-10,17:55:00,2026-08-10 17:55:00
IND-USR-077,30.896501,75.855317,96.9,2026-08-10,17:57:00,2026-08-10 17:57:00
IND-USR-077,30.903868,75.849732,459.3,2026-08-10,18:05:00,2026-08-10 18:05:00
IND-USR-077,30.900434,75.864383,191.3,2026-08-10,18:23:00,2026-08-10 18:23:00
IND-USR-077,30.896464,75.857622,867.0,2026-08-10,18:31:00,2026-08-10 18:31:00
IND-USR-077,30.909813,75.859829,400.6,2026-08-10,18:51:00,2026-08-10 18:51:00
IND-USR-077,31.634504,74.874327,87.7,2026-08-10,19:08:00,2026-08-10 19:08:00
IND-USR-077,31.632397,74.877499,479.9,2026-08-10,19:28:00,2026-08-10 19:28:00
IND-USR-077,31.632403,74.864463,146.5,2026-08-10,19:33:00,2026-08-10 19:33:00
IND-USR-077,31.632435,74.868433,605.3,2026-08-10,19:36:00,2026-08-10 19:36:00
IND-USR-077,31.632875,74.871264,118.6,2026-08-10,19:42:00,2026-08-10 19:42:00
IND-USR-077,31.63879,74.875081,121.0,2026-08-10,19:49:00,2026-08-10 19:49:00
IND-USR-077,31.635053,74.872288,395.5,2026-08-10,20:05:00,2026-08-10 20:05:00
IND-USR-077,31.629765,74.863575,60.3,2026-08-10,20:11:00,2026-08-10 20:11:00
IND-USR-077,31.634453,74.875479,119.0,2026-08-10,20:15:00,2026-08-10 20:15:00
IND-USR-077,31.633567,74.870161,388.5,2026-08-10,20:29:00,2026-08-10 20:29:00
IND-USR-077,31.635858,74.871967,868.5,2026-08-10,20:35:00,2026-08-10 20:35:00
IND-USR-077,31.640743,74.877231,123.7,2026-08-10,20:38:00,2026-08-10 20:38:00
IND-USR-077,31.637838,74.875331,429.7,2026-08-10,20:41:00,2026-08-10 20:41:00
IND-USR-077,31.628839,74.874952,632.0,2026-08-10,20:53:00,2026-08-10 20:53:00
IND-USR-077,31.635505,74.874726,724.4,2026-08-10,21:11:00,2026-08-10 21:11:00
IND-USR-077,31.63597,74.874111,196.1,2026-08-10,21:20:00,2026-08-10 21:20:00
IND-USR-077,31.644803,74.871995,44.8,2026-08-10,21:28:00,2026-08-10 21:28:00
IND-USR-077,31.637745,74.870416,190.9,2026-08-10,21:48:00,2026-08-10 21:48:00
IND-USR-077,31.637163,74.876057,327.1,2026-08-10,22:02:00,2026-08-10 22:02:00
IND-USR-077,31.635458,74.878977,22.6,2026-08-10,22:21:00,2026-08-10 22:21:00
IND-USR-077,31.630463,74.870351,438.0,2026-08-10,22:28:00,2026-08-10 22:28:00
IND-USR-077,31.63485,74.875823,740.0,2026-08-10,22:39:00,2026-08-10 22:39:00
IND-USR-077,31.634718,74.877443,150.7,2026-08-10,22:44:00,2026-08-10 22:44:00
IND-USR-077,31.631353,74.867738,175.6,2026-08-10,22:55:00,2026-08-10 22:55:00
IND-USR-077,31.635233,74.871991,277.4,2026-08-10,22:59:00,2026-08-10 22:59:00
IND-USR-077,31.636171,74.87219,652.1,2026-08-10,23:18:00,2026-08-10 23:18:00
IND-USR-077,31.63264,74.872,142.2,2026-08-10,23:36:00,2026-08-10 23:36:00
IND-USR-077,31.634115,74.87108,818.3,2026-08-10,23:48:00,2026-08-10 23:48:00
IND-USR-077,31.633187,74.870686,635.0,2026-08-11,00:08:00,2026-08-11 00:08:00
IND-USR-077,31.637427,74.873076,151.1,2026-08-11,00:14:00,2026-08-11 00:14:00
IND-USR-077,31.643027,74.872943,363.0,2026-08-11,00:25:00,2026-08-11 00:25:00
IND-USR-077,31.631797,74.882983,799.6,2026-08-11,00:27:00,2026-08-11 00:27:00
IND-USR-077,31.635655,74.87626,192.0,2026-08-11,00:47:00,2026-08-11 00:47:00
IND-USR-077,31.636368,74.874792,944.9,2026-08-11,01:00:00,2026-08-11 01:00:00
IND-USR-077,31.636143,74.867892,688.3,2026-08-11,01:13:00,2026-08-11 01:13:00
IND-USR-077,31.63547,74.867001,771.8,2026-08-11,01:17:00,2026-08-11 01:17:00
IND-USR-077,31.633303,74.869398,767.0,2026-08-11,01:19:00,2026-08-11 01:19:00
IND-USR-077,31.63543,74.873637,682.7,2026-08-11,01:27:00,2026-08-11 01:27:00
IND-USR-077,31.635925,74.873449,570.4,2026-08-11,01:47:00,2026-08-11 01:47:00
IND-USR-077,31.631573,74.871256,742.5,2026-08-11,01:53:00,2026-08-11 01:53:00
IND-USR-077,31.637682,74.876571,476.8,2026-08-11,02:13:00,2026-08-11 02:13:00
IND-USR-077,31.629413,74.866176,739.8,2026-08-11,02:15:00,2026-08-11 02:15:00
IND-USR-077,31.631092,74.876481,920.8,2026-08-11,02:24:00,2026-08-11 02:24:00
IND-USR-077,31.63886,74.868601,143.4,2026-08-11,02:29:00,2026-08-11 02:29:00
IND-USR-077,31.635229,74.879638,408.4,2026-08-11,02:37:00,2026-08-11 02:37:00
IND-USR-077,31.635661,74.877986,526.7,2026-08-11,02:50:00,2026-08-11 02:50:00
IND-USR-077,31.637995,74.868659,354.7,2026-08-11,03:09:00,2026-08-11 03:09:00
IND-USR-077,31.63324,74.872439,726.8,2026-08-11,03:20:00,2026-08-11 03:20:00
IND-USR-077,31.634417,74.875965,209.3,2026-08-11,03:26:00,2026-08-11 03:26:00
IND-USR-077,31.635635,74.860555,253.8,2026-08-11,03:28:00,2026-08-11 03:28:00
IND-USR-077,31.628749,74.86355,844.8,2026-08-11,03:32:00,2026-08-11 03:32:00
IND-USR-077,31.634701,74.873262,34.1,2026-08-11,03:38:00,2026-08-11 03:38:00
IND-USR-077,31.635133,74.868464,884.4,2026-08-11,03:55:00,2026-08-11 03:55:00
IND-USR-077,31.636697,74.875165,125.7,2026-08-11,04:10:00,2026-08-11 04:10:00
IND-USR-077,31.628979,74.866436,460.6,2026-08-11,04:17:00,2026-08-11 04:17:00
IND-USR-078,31.633999,74.879467,66.7,2026-08-09,06:10:00,2026-08-09 06:10:00
IND-USR-078,31.640799,74.874554,426.5,2026-08-09,06:13:00,2026-08-09 06:13:00
IND-USR-078,31.63108,74.875847,415.3,2026-08-09,06:17:00,2026-08-09 06:17:00
IND-USR-078,31.63219,74.86923,31.0,2026-08-09,06:37:00,2026-08-09 06:37:00
IND-USR-078,31.625424,74.87271,132.2,2026-08-09,06:46:00,2026-08-09 06:46:00
IND-USR-078,31.631481,74.872686,509.2,2026-08-09,06:57:00,2026-08-09 06:57:00
IND-USR-078,31.624803,74.872979,331.8,2026-08-09,07:02:00,2026-08-09 07:02:00
IND-USR-078,31.624276,74.876652,905.7,2026-08-09,07:12:00,2026-08-09 07:12:00
IND-USR-078,31.636088,74.871185,788.1,2026-08-09,07:19:00,2026-08-09 07:19:00
IND-USR-078,31.636251,74.868388,218.5,2026-08-09,07:21:00,2026-08-09 07:21:00
IND-USR-078,31.63429,74.875479,40.4,2026-08-09,07:32:00,2026-08-09 07:32:00
IND-USR-078,31.621623,74.870511,127.2,2026-08-09,07:35:00,2026-08-09 07:35:00
IND-USR-078,31.633909,74.871515,863.5,2026-08-09,07:48:00,2026-08-09 07:48:00
IND-USR-078,30.906828,75.852804,909.2,2026-08-09,08:02:00,2026-08-09 08:02:00
IND-USR-078,30.898515,75.849637,869.4,2026-08-09,08:22:00,2026-08-09 08:22:00
IND-USR-078,30.907041,75.856315,356.5,2026-08-09,08:38:00,2026-08-09 08:38:00
IND-USR-078,30.899246,75.85709,595.5,2026-08-09,08:49:00,2026-08-09 08:49:00
IND-USR-078,30.903545,75.858689,426.2,2026-08-09,09:02:00,2026-08-09 09:02:00
IND-USR-078,30.911592,75.859116,359.7,2026-08-09,09:15:00,2026-08-09 09:15:00
IND-USR-078,30.899139,75.855055,802.9,2026-08-09,09:30:00,2026-08-09 09:30:00
IND-USR-078,30.899429,75.851293,246.2,2026-08-09,09:39:00,2026-08-09 09:39:00
IND-USR-078,30.901159,75.860434,138.6,2026-08-09,09:44:00,2026-08-09 09:44:00
IND-USR-078,30.898547,75.85407,444.0,2026-08-09,09:54:00,2026-08-09 09:54:00
IND-USR-078,30.907064,75.851594,113.9,2026-08-09,09:56:00,2026-08-09 09:56:00
IND-USR-078,30.892729,75.852688,65.8,2026-08-09,10:15:00,2026-08-09 10:15:00
IND-USR-078,30.894838,75.858845,759.4,2026-08-09,10:20:00,2026-08-09 10:20:00
IND-USR-078,30.899557,75.856421,125.3,2026-08-09,10:38:00,2026-08-09 10:38:00
IND-USR-078,30.905612,75.854535,35.0,2026-08-09,10:46:00,2026-08-09 10:46:00
IND-USR-078,30.9041,75.863345,530.6,2026-08-09,11:01:00,2026-08-09 11:01:00
IND-USR-078,30.899177,75.860248,432.4,2026-08-09,11:06:00,2026-08-09 11:06:00
IND-USR-078,30.900033,75.860996,727.6,2026-08-09,11:16:00,2026-08-09 11:16:00
IND-USR-078,30.894714,75.850718,469.6,2026-08-09,11:20:00,2026-08-09 11:20:00
IND-USR-078,30.899435,75.853744,495.3,2026-08-09,11:35:00,2026-08-09 11:35:00
IND-USR-078,30.898933,75.856422,22.3,2026-08-09,11:54:00,2026-08-09 11:54:00
IND-USR-078,30.90388,75.855669,773.6,2026-08-09,11:59:00,2026-08-09 11:59:00
IND-USR-078,30.897705,75.855894,430.9,2026-08-09,12:12:00,2026-08-09 12:12:00
IND-USR-078,30.897923,75.853564,567.2,2026-08-09,12:18:00,2026-08-09 12:18:00
IND-USR-078,30.894548,75.857578,925.7,2026-08-09,12:23:00,2026-08-09 12:23:00
IND-USR-078,30.898725,75.861165,445.6,2026-08-09,12:26:00,2026-08-09 12:26:00
IND-USR-078,30.89521,75.855132,487.9,2026-08-09,12:34:00,2026-08-09 12:34:00
IND-USR-078,30.908252,75.853542,435.8,2026-08-09,12:49:00,2026-08-09 12:49:00
IND-USR-078,30.900054,75.852437,60.7,2026-08-09,12:58:00,2026-08-09 12:58:00
IND-USR-078,30.895606,75.863489,322.2,2026-08-09,13:07:00,2026-08-09 13:07:00
IND-USR-078,30.901684,75.857835,774.2,2026-08-09,13:10:00,2026-08-09 13:10:00
IND-USR-078,30.894215,75.858735,349.5,2026-08-09,13:21:00,2026-08-09 13:21:00
IND-USR-078,30.90563,75.861898,906.7,2026-08-09,13:39:00,2026-08-09 13:39:00
IND-USR-078,30.903673,75.852782,292.2,2026-08-09,13:56:00,2026-08-09 13:56:00
IND-USR-078,30.902252,75.85997,174.5,2026-08-09,14:10:00,2026-08-09 14:10:00
IND-USR-078,30.893822,75.852815,33.3,2026-08-09,14:18:00,2026-08-09 14:18:00
IND-USR-078,30.904553,75.860804,419.0,2026-08-09,14:38:00,2026-08-09 14:38:00
IND-USR-078,30.894806,75.86048,509.8,2026-08-09,14:51:00,2026-08-09 14:51:00
IND-USR-078,30.901381,75.860424,645.8,2026-08-09,15:09:00,2026-08-09 15:09:00
IND-USR-078,30.898462,75.859881,410.4,2026-08-09,15:25:00,2026-08-09 15:25:00
IND-USR-078,30.904375,75.855895,570.4,2026-08-09,15:40:00,2026-08-09 15:40:00
IND-USR-078,30.901071,75.854706,37.9,2026-08-09,15:57:00,2026-08-09 15:57:00
IND-USR-078,30.907607,75.856819,537.6,2026-08-09,16:02:00,2026-08-09 16:02:00
IND-USR-078,30.897312,75.854437,197.0,2026-08-09,16:14:00,2026-08-09 16:14:00
IND-USR-078,30.901507,75.860313,580.5,2026-08-09,16:22:00,2026-08-09 16:22:00
IND-USR-078,30.895657,75.864691,783.2,2026-08-09,16:29:00,2026-08-09 16:29:00
IND-USR-078,30.902235,75.859166,876.7,2026-08-09,16:45:00,2026-08-09 16:45:00
IND-USR-078,30.900611,75.857377,846.3,2026-08-09,17:00:00,2026-08-09 17:00:00
IND-USR-078,30.900407,75.861371,783.8,2026-08-09,17:15:00,2026-08-09 17:15:00
IND-USR-078,30.900968,75.860368,342.0,2026-08-09,17:19:00,2026-08-09 17:19:00
IND-USR-078,30.899265,75.858083,503.1,2026-08-09,17:23:00,2026-08-09 17:23:00
IND-USR-078,30.897784,75.862166,667.5,2026-08-09,17:29:00,2026-08-09 17:29:00
IND-USR-078,30.897665,75.856,27.8,2026-08-09,17:46:00,2026-08-09 17:46:00
IND-USR-078,30.89974,75.855884,931.0,2026-08-09,17:49:00,2026-08-09 17:49:00
IND-USR-078,30.90389,75.856033,399.9,2026-08-09,18:03:00,2026-08-09 18:03:00
IND-USR-078,30.906576,75.854026,302.0,2026-08-09,18:08:00,2026-08-09 18:08:00
IND-USR-078,30.901678,75.854197,599.2,2026-08-09,18:20:00,2026-08-09 18:20:00
IND-USR-078,30.902684,75.857236,719.8,2026-08-09,18:22:00,2026-08-09 18:22:00
IND-USR-078,30.90038,75.862054,57.5,2026-08-09,18:27:00,2026-08-09 18:27:00
IND-USR-078,30.898383,75.859646,466.5,2026-08-09,18:47:00,2026-08-09 18:47:00
IND-USR-078,31.630924,74.872751,126.9,2026-08-09,19:03:00,2026-08-09 19:03:00
IND-USR-078,31.629218,74.86965,45.1,2026-08-09,19:13:00,2026-08-09 19:13:00
IND-USR-078,31.633671,74.879559,560.4,2026-08-09,19:23:00,2026-08-09 19:23:00
IND-USR-078,31.634403,74.878919,732.2,2026-08-09,19:42:00,2026-08-09 19:42:00
IND-USR-078,31.634881,74.870752,73.9,2026-08-09,20:01:00,2026-08-09 20:01:00
IND-USR-078,31.640157,74.874048,721.8,2026-08-09,20:21:00,2026-08-09 20:21:00
IND-USR-078,31.631429,74.874182,549.7,2026-08-09,20:31:00,2026-08-09 20:31:00
IND-USR-078,31.63283,74.864344,244.3,2026-08-09,20:43:00,2026-08-09 20:43:00
IND-USR-078,31.637744,74.87668,307.7,2026-08-09,20:47:00,2026-08-09 20:47:00
IND-USR-078,31.641352,74.873989,49.8,2026-08-09,20:54:00,2026-08-09 20:54:00
IND-USR-078,31.633005,74.87564,45.6,2026-08-09,21:12:00,2026-08-09 21:12:00
IND-USR-078,31.637399,74.878853,289.8,2026-08-09,21:32:00,2026-08-09 21:32:00
IND-USR-078,31.633821,74.871638,883.5,2026-08-09,21:49:00,2026-08-09 21:49:00
IND-USR-078,31.631138,74.87445,746.3,2026-08-09,22:03:00,2026-08-09 22:03:00
IND-USR-078,31.627807,74.875404,940.3,2026-08-09,22:21:00,2026-08-09 22:21:00
IND-USR-078,31.636351,74.87464,619.1,2026-08-09,22:30:00,2026-08-09 22:30:00
IND-USR-078,31.634553,74.878432,445.5,2026-08-09,22:38:00,2026-08-09 22:38:00
IND-USR-078,31.637488,74.869872,654.0,2026-08-09,22:54:00,2026-08-09 22:54:00
IND-USR-078,31.631643,74.868781,369.3,2026-08-09,23:09:00,2026-08-09 23:09:00
IND-USR-078,31.636205,74.868299,714.9,2026-08-09,23:28:00,2026-08-09 23:28:00
IND-USR-078,31.638334,74.877592,396.2,2026-08-09,23:33:00,2026-08-09 23:33:00
IND-USR-078,31.630484,74.871558,908.1,2026-08-09,23:47:00,2026-08-09 23:47:00
IND-USR-078,31.634066,74.875836,213.3,2026-08-09,23:53:00,2026-08-09 23:53:00
IND-USR-078,31.640437,74.865558,905.4,2026-08-10,00:04:00,2026-08-10 00:04:00
IND-USR-078,31.632727,74.871236,461.1,2026-08-10,00:21:00,2026-08-10 00:21:00
IND-USR-078,31.628397,74.87036,243.3,2026-08-10,00:31:00,2026-08-10 00:31:00
IND-USR-078,31.635711,74.871185,726.5,2026-08-10,00:38:00,2026-08-10 00:38:00
IND-USR-078,31.627822,74.883796,182.0,2026-08-10,00:53:00,2026-08-10 00:53:00
IND-USR-078,31.635065,74.872747,639.5,2026-08-10,01:11:00,2026-08-10 01:11:00
IND-USR-078,31.629608,74.873343,557.9,2026-08-10,01:22:00,2026-08-10 01:22:00
IND-USR-078,31.633343,74.864746,945.9,2026-08-10,01:27:00,2026-08-10 01:27:00
IND-USR-078,31.629719,74.87548,768.6,2026-08-10,01:43:00,2026-08-10 01:43:00
IND-USR-078,31.641776,74.873769,678.8,2026-08-10,01:47:00,2026-08-10 01:47:00
IND-USR-078,31.638412,74.871677,165.2,2026-08-10,01:57:00,2026-08-10 01:57:00
IND-USR-078,31.633654,74.876664,807.2,2026-08-10,02:12:00,2026-08-10 02:12:00
IND-USR-078,31.640651,74.877504,34.7,2026-08-10,02:18:00,2026-08-10 02:18:00
IND-USR-078,31.629735,74.872032,57.9,2026-08-10,02:34:00,2026-08-10 02:34:00
IND-USR-078,31.63511,74.871261,780.6,2026-08-10,02:50:00,2026-08-10 02:50:00
IND-USR-079,31.635551,74.875582,93.7,2026-08-09,06:05:00,2026-08-09 06:05:00
IND-USR-079,31.638011,74.879043,800.6,2026-08-09,06:08:00,2026-08-09 06:08:00
IND-USR-079,31.632682,74.866844,603.0,2026-08-09,06:10:00,2026-08-09 06:10:00
IND-USR-079,31.635433,74.879835,99.4,2026-08-09,06:20:00,2026-08-09 06:20:00
IND-USR-079,31.632092,74.875047,897.1,2026-08-09,06:39:00,2026-08-09 06:39:00
IND-USR-079,31.636783,74.873066,231.1,2026-08-09,06:43:00,2026-08-09 06:43:00
IND-USR-079,31.634028,74.868606,492.2,2026-08-09,07:03:00,2026-08-09 07:03:00
IND-USR-079,31.624873,74.867853,841.9,2026-08-09,07:21:00,2026-08-09 07:21:00
IND-USR-079,31.632439,74.87669,431.7,2026-08-09,07:41:00,2026-08-09 07:41:00
IND-USR-079,31.633587,74.870224,853.6,2026-08-09,07:47:00,2026-08-09 07:47:00
IND-USR-079,31.630436,74.874927,927.5,2026-08-09,07:51:00,2026-08-09 07:51:00
IND-USR-079,31.639433,74.876554,697.1,2026-08-09,07:53:00,2026-08-09 07:53:00
IND-USR-079,30.903425,75.851398,483.4,2026-08-09,08:12:00,2026-08-09 08:12:00
IND-USR-079,30.899593,75.865089,916.7,2026-08-09,08:32:00,2026-08-09 08:32:00
IND-USR-079,30.905488,75.85115,38.7,2026-08-09,08:50:00,2026-08-09 08:50:00
IND-USR-079,30.900778,75.858752,922.3,2026-08-09,08:54:00,2026-08-09 08:54:00
IND-USR-079,30.897951,75.848063,850.5,2026-08-09,09:08:00,2026-08-09 09:08:00
IND-USR-079,30.901395,75.854149,513.0,2026-08-09,09:19:00,2026-08-09 09:19:00
IND-USR-079,30.897865,75.855881,722.4,2026-08-09,09:26:00,2026-08-09 09:26:00
IND-USR-079,30.900465,75.857264,900.0,2026-08-09,09:42:00,2026-08-09 09:42:00
IND-USR-079,30.897464,75.856419,500.6,2026-08-09,09:55:00,2026-08-09 09:55:00
IND-USR-079,30.89397,75.858544,546.8,2026-08-09,10:04:00,2026-08-09 10:04:00
IND-USR-079,30.889575,75.856142,924.2,2026-08-09,10:20:00,2026-08-09 10:20:00
IND-USR-079,30.904677,75.853063,421.4,2026-08-09,10:33:00,2026-08-09 10:33:00
IND-USR-079,30.903866,75.861923,516.8,2026-08-09,10:35:00,2026-08-09 10:35:00
IND-USR-079,30.887768,75.856695,773.2,2026-08-09,10:38:00,2026-08-09 10:38:00
IND-USR-079,30.889497,75.856827,517.7,2026-08-09,10:48:00,2026-08-09 10:48:00
IND-USR-079,30.900971,75.84737,455.8,2026-08-09,11:03:00,2026-08-09 11:03:00
IND-USR-079,30.908699,75.858444,636.6,2026-08-09,11:20:00,2026-08-09 11:20:00
IND-USR-079,30.897604,75.863162,801.6,2026-08-09,11:27:00,2026-08-09 11:27:00
IND-USR-079,30.893818,75.852383,539.6,2026-08-09,11:41:00,2026-08-09 11:41:00
IND-USR-079,30.891802,75.864504,569.9,2026-08-09,11:52:00,2026-08-09 11:52:00
IND-USR-079,30.902329,75.859938,728.7,2026-08-09,11:56:00,2026-08-09 11:56:00
IND-USR-079,30.902204,75.859595,888.1,2026-08-09,12:00:00,2026-08-09 12:00:00
IND-USR-079,30.901312,75.858384,847.5,2026-08-09,12:18:00,2026-08-09 12:18:00
IND-USR-079,30.90143,75.854866,264.2,2026-08-09,12:38:00,2026-08-09 12:38:00
IND-USR-079,30.900814,75.858394,573.9,2026-08-09,12:45:00,2026-08-09 12:45:00
IND-USR-079,30.901442,75.851389,536.1,2026-08-09,13:00:00,2026-08-09 13:00:00
IND-USR-079,30.89562,75.861631,151.4,2026-08-09,13:18:00,2026-08-09 13:18:00
IND-USR-079,30.899772,75.859639,553.9,2026-08-09,13:32:00,2026-08-09 13:32:00
IND-USR-079,30.896632,75.851407,634.7,2026-08-09,13:49:00,2026-08-09 13:49:00
IND-USR-079,30.897626,75.85641,261.1,2026-08-09,13:52:00,2026-08-09 13:52:00
IND-USR-079,30.898339,75.862476,343.4,2026-08-09,14:12:00,2026-08-09 14:12:00
IND-USR-079,30.901718,75.864696,253.1,2026-08-09,14:17:00,2026-08-09 14:17:00
IND-USR-079,30.902618,75.84765,752.7,2026-08-09,14:21:00,2026-08-09 14:21:00
IND-USR-079,30.905224,75.851262,115.7,2026-08-09,14:36:00,2026-08-09 14:36:00
IND-USR-079,30.901922,75.854201,51.4,2026-08-09,14:51:00,2026-08-09 14:51:00
IND-USR-079,30.909571,75.863058,613.8,2026-08-09,15:10:00,2026-08-09 15:10:00
IND-USR-079,30.898033,75.856791,468.3,2026-08-09,15:17:00,2026-08-09 15:17:00
IND-USR-079,30.901978,75.860754,534.7,2026-08-09,15:36:00,2026-08-09 15:36:00
IND-USR-079,30.901117,75.8532,689.5,2026-08-09,15:48:00,2026-08-09 15:48:00
IND-USR-079,30.89813,75.857282,110.6,2026-08-09,16:01:00,2026-08-09 16:01:00
IND-USR-079,30.905938,75.859011,556.2,2026-08-09,16:17:00,2026-08-09 16:17:00
IND-USR-079,30.897906,75.859893,180.8,2026-08-09,16:31:00,2026-08-09 16:31:00
IND-USR-079,30.899452,75.860862,841.7,2026-08-09,16:34:00,2026-08-09 16:34:00
IND-USR-079,30.911108,75.855865,669.9,2026-08-09,16:49:00,2026-08-09 16:49:00
IND-USR-079,30.904206,75.854318,795.0,2026-08-09,17:00:00,2026-08-09 17:00:00
IND-USR-079,30.900551,75.857418,370.7,2026-08-09,17:14:00,2026-08-09 17:14:00
IND-USR-079,30.900225,75.867152,687.1,2026-08-09,17:23:00,2026-08-09 17:23:00
IND-USR-079,30.899774,75.859647,34.1,2026-08-09,17:38:00,2026-08-09 17:38:00
IND-USR-079,30.89328,75.859028,491.0,2026-08-09,17:54:00,2026-08-09 17:54:00
IND-USR-079,30.905568,75.85519,70.9,2026-08-09,18:00:00,2026-08-09 18:00:00
IND-USR-079,30.890959,75.857145,153.8,2026-08-09,18:02:00,2026-08-09 18:02:00
IND-USR-079,30.901069,75.860196,106.1,2026-08-09,18:14:00,2026-08-09 18:14:00
IND-USR-079,30.909044,75.85578,160.2,2026-08-09,18:20:00,2026-08-09 18:20:00
IND-USR-079,30.897575,75.852632,555.2,2026-08-09,18:33:00,2026-08-09 18:33:00
IND-USR-079,30.901792,75.859217,786.0,2026-08-09,18:42:00,2026-08-09 18:42:00
IND-USR-079,30.898817,75.860415,268.7,2026-08-09,18:57:00,2026-08-09 18:57:00
IND-USR-079,31.635862,74.872473,127.6,2026-08-09,19:16:00,2026-08-09 19:16:00
IND-USR-079,31.63039,74.870373,919.6,2026-08-09,19:34:00,2026-08-09 19:34:00
IND-USR-079,31.624281,74.873243,260.0,2026-08-09,19:43:00,2026-08-09 19:43:00
IND-USR-079,31.634105,74.873054,510.7,2026-08-09,19:57:00,2026-08-09 19:57:00
IND-USR-079,31.636017,74.873843,224.3,2026-08-09,20:15:00,2026-08-09 20:15:00
IND-USR-079,31.633558,74.872495,837.5,2026-08-09,20:18:00,2026-08-09 20:18:00
IND-USR-079,31.628383,74.869965,935.9,2026-08-09,20:24:00,2026-08-09 20:24:00
IND-USR-079,31.634202,74.869357,460.8,2026-08-09,20:38:00,2026-08-09 20:38:00
IND-USR-079,31.637441,74.869665,428.5,2026-08-09,20:56:00,2026-08-09 20:56:00
IND-USR-079,31.634865,74.872766,74.1,2026-08-09,21:16:00,2026-08-09 21:16:00
IND-USR-079,31.636985,74.875903,595.8,2026-08-09,21:18:00,2026-08-09 21:18:00
IND-USR-079,31.636776,74.863876,93.8,2026-08-09,21:22:00,2026-08-09 21:22:00
IND-USR-079,31.638777,74.878409,211.6,2026-08-09,21:26:00,2026-08-09 21:26:00
IND-USR-079,31.632072,74.873247,561.3,2026-08-09,21:31:00,2026-08-09 21:31:00
IND-USR-079,31.630437,74.864506,346.3,2026-08-09,21:40:00,2026-08-09 21:40:00
IND-USR-079,31.631045,74.870139,948.7,2026-08-09,21:47:00,2026-08-09 21:47:00
IND-USR-079,31.632581,74.868464,681.9,2026-08-09,21:55:00,2026-08-09 21:55:00
IND-USR-079,31.631066,74.872256,228.7,2026-08-09,22:00:00,2026-08-09 22:00:00
IND-USR-079,31.630919,74.874474,686.5,2026-08-09,22:17:00,2026-08-09 22:17:00
IND-USR-079,31.636727,74.881822,331.2,2026-08-09,22:19:00,2026-08-09 22:19:00
IND-USR-079,31.638503,74.873272,51.2,2026-08-09,22:28:00,2026-08-09 22:28:00
IND-USR-079,31.631519,74.873475,311.9,2026-08-09,22:38:00,2026-08-09 22:38:00
IND-USR-080,31.635306,74.870247,322.5,2026-08-09,06:14:00,2026-08-09 06:14:00
IND-USR-080,31.637135,74.866708,865.4,2026-08-09,06:16:00,2026-08-09 06:16:00
IND-USR-080,31.633022,74.874523,862.0,2026-08-09,06:29:00,2026-08-09 06:29:00
IND-USR-080,31.63285,74.871473,715.4,2026-08-09,06:39:00,2026-08-09 06:39:00
IND-USR-080,31.633449,74.868958,146.0,2026-08-09,06:56:00,2026-08-09 06:56:00
IND-USR-080,31.638696,74.868228,589.3,2026-08-09,07:01:00,2026-08-09 07:01:00
IND-USR-080,31.635273,74.873955,308.8,2026-08-09,07:16:00,2026-08-09 07:16:00
IND-USR-080,31.630206,74.872592,830.7,2026-08-09,07:19:00,2026-08-09 07:19:00
IND-USR-080,31.630361,74.877864,267.2,2026-08-09,07:30:00,2026-08-09 07:30:00
IND-USR-080,31.629445,74.869684,401.4,2026-08-09,07:50:00,2026-08-09 07:50:00
IND-USR-080,31.629103,74.866869,451.8,2026-08-09,07:54:00,2026-08-09 07:54:00
IND-USR-080,30.907365,75.859471,852.8,2026-08-09,08:11:00,2026-08-09 08:11:00
IND-USR-080,30.901561,75.854674,736.1,2026-08-09,08:15:00,2026-08-09 08:15:00
IND-USR-080,30.90463,75.854003,668.2,2026-08-09,08:21:00,2026-08-09 08:21:00
IND-USR-080,30.904175,75.85381,548.8,2026-08-09,08:40:00,2026-08-09 08:40:00
IND-USR-080,30.898422,75.860333,602.7,2026-08-09,08:59:00,2026-08-09 08:59:00
IND-USR-080,30.904455,75.85969,518.6,2026-08-09,09:18:00,2026-08-09 09:18:00
IND-USR-080,30.896801,75.855513,824.3,2026-08-09,09:20:00,2026-08-09 09:20:00
IND-USR-080,30.901628,75.853903,793.3,2026-08-09,09:36:00,2026-08-09 09:36:00
IND-USR-080,30.906484,75.847692,101.1,2026-08-09,09:42:00,2026-08-09 09:42:00
IND-USR-080,30.897885,75.855262,426.3,2026-08-09,09:46:00,2026-08-09 09:46:00
IND-USR-080,30.889624,75.851715,496.0,2026-08-09,10:01:00,2026-08-09 10:01:00
IND-USR-080,30.903501,75.857421,750.0,2026-08-09,10:06:00,2026-08-09 10:06:00
IND-USR-080,30.907293,75.863481,595.2,2026-08-09,10:18:00,2026-08-09 10:18:00
IND-USR-080,30.902732,75.858553,599.0,2026-08-09,10:32:00,2026-08-09 10:32:00
IND-USR-080,30.901264,75.84668,523.2,2026-08-09,10:42:00,2026-08-09 10:42:00
IND-USR-080,30.895422,75.857703,590.4,2026-08-09,11:01:00,2026-08-09 11:01:00
IND-USR-080,30.903464,75.858459,666.9,2026-08-09,11:10:00,2026-08-09 11:10:00
IND-USR-080,30.89743,75.86105,382.1,2026-08-09,11:30:00,2026-08-09 11:30:00
IND-USR-080,30.90693,75.861052,423.9,2026-08-09,11:49:00,2026-08-09 11:49:00
IND-USR-080,30.904958,75.855063,368.3,2026-08-09,12:07:00,2026-08-09 12:07:00
IND-USR-080,30.905304,75.857883,657.4,2026-08-09,12:18:00,2026-08-09 12:18:00
IND-USR-080,30.903046,75.858762,317.7,2026-08-09,12:22:00,2026-08-09 12:22:00
IND-USR-080,30.900514,75.85386,255.5,2026-08-09,12:42:00,2026-08-09 12:42:00
IND-USR-080,30.900671,75.861247,765.4,2026-08-09,12:54:00,2026-08-09 12:54:00
IND-USR-080,30.899234,75.860873,114.0,2026-08-09,12:57:00,2026-08-09 12:57:00
IND-USR-080,30.903948,75.856104,689.0,2026-08-09,13:03:00,2026-08-09 13:03:00
IND-USR-080,30.906555,75.855878,65.1,2026-08-09,13:10:00,2026-08-09 13:10:00
IND-USR-080,30.907038,75.859037,945.0,2026-08-09,13:27:00,2026-08-09 13:27:00
IND-USR-080,30.900937,75.853749,665.2,2026-08-09,13:36:00,2026-08-09 13:36:00
IND-USR-080,30.900647,75.856485,845.8,2026-08-09,13:50:00,2026-08-09 13:50:00
IND-USR-080,30.895967,75.85643,340.2,2026-08-09,13:53:00,2026-08-09 13:53:00
IND-USR-080,30.897785,75.859644,456.0,2026-08-09,13:57:00,2026-08-09 13:57:00
IND-USR-080,30.906225,75.852392,651.8,2026-08-09,14:12:00,2026-08-09 14:12:00
IND-USR-080,30.907849,75.856786,223.4,2026-08-09,14:15:00,2026-08-09 14:15:00
IND-USR-080,30.8971,75.860331,717.5,2026-08-09,14:34:00,2026-08-09 14:34:00
IND-USR-080,30.899214,75.856973,769.1,2026-08-09,14:53:00,2026-08-09 14:53:00
IND-USR-080,30.899383,75.854033,406.0,2026-08-09,15:01:00,2026-08-09 15:01:00
IND-USR-080,30.903896,75.856155,396.1,2026-08-09,15:10:00,2026-08-09 15:10:00
IND-USR-080,30.895253,75.859504,104.0,2026-08-09,15:16:00,2026-08-09 15:16:00
IND-USR-080,30.896178,75.852687,254.3,2026-08-09,15:36:00,2026-08-09 15:36:00
IND-USR-080,30.90577,75.852515,573.5,2026-08-09,15:49:00,2026-08-09 15:49:00
IND-USR-080,30.891734,75.859791,466.4,2026-08-09,16:03:00,2026-08-09 16:03:00
IND-USR-080,30.899785,75.856429,33.3,2026-08-09,16:06:00,2026-08-09 16:06:00
IND-USR-080,30.899742,75.858227,293.1,2026-08-09,16:26:00,2026-08-09 16:26:00
IND-USR-080,30.897989,75.863204,290.8,2026-08-09,16:32:00,2026-08-09 16:32:00
IND-USR-080,30.895095,75.859079,245.2,2026-08-09,16:52:00,2026-08-09 16:52:00
IND-USR-080,30.903568,75.854261,285.7,2026-08-09,16:55:00,2026-08-09 16:55:00
IND-USR-080,30.896905,75.861369,948.7,2026-08-09,17:09:00,2026-08-09 17:09:00
IND-USR-080,30.897037,75.854873,748.4,2026-08-09,17:19:00,2026-08-09 17:19:00
IND-USR-080,30.904549,75.857439,586.6,2026-08-09,17:38:00,2026-08-09 17:38:00
IND-USR-080,30.893811,75.864288,477.7,2026-08-09,17:53:00,2026-08-09 17:53:00
IND-USR-080,30.89888,75.855689,317.3,2026-08-09,17:56:00,2026-08-09 17:56:00
IND-USR-080,30.902023,75.8598,256.4,2026-08-09,18:11:00,2026-08-09 18:11:00
IND-USR-080,30.908844,75.85066,781.0,2026-08-09,18:13:00,2026-08-09 18:13:00
IND-USR-080,30.904304,75.860272,305.9,2026-08-09,18:24:00,2026-08-09 18:24:00
IND-USR-080,30.900451,75.860449,470.6,2026-08-09,18:37:00,2026-08-09 18:37:00
IND-USR-080,30.904737,75.851772,329.5,2026-08-09,18:53:00,2026-08-09 18:53:00
IND-USR-080,30.907999,75.851065,546.9,2026-08-09,18:55:00,2026-08-09 18:55:00
IND-USR-080,31.629459,74.871253,731.9,2026-08-09,19:06:00,2026-08-09 19:06:00
IND-USR-080,31.6417,74.871067,190.8,2026-08-09,19:15:00,2026-08-09 19:15:00
IND-USR-080,31.633872,74.878028,766.9,2026-08-09,19:33:00,2026-08-09 19:33:00
IND-USR-080,31.632799,74.867586,409.6,2026-08-09,19:35:00,2026-08-09 19:35:00
IND-USR-080,31.632331,74.877783,815.6,2026-08-09,19:44:00,2026-08-09 19:44:00
IND-USR-080,31.634283,74.880023,252.6,2026-08-09,19:57:00,2026-08-09 19:57:00
IND-USR-080,31.636952,74.869721,833.3,2026-08-09,20:11:00,2026-08-09 20:11:00
IND-USR-080,31.634204,74.868887,813.0,2026-08-09,20:17:00,2026-08-09 20:17:00
IND-USR-080,31.631326,74.890216,734.2,2026-08-09,20:24:00,2026-08-09 20:24:00
IND-USR-080,31.638074,74.875744,668.6,2026-08-09,20:36:00,2026-08-09 20:36:00
IND-USR-080,31.631507,74.878578,111.9,2026-08-09,20:39:00,2026-08-09 20:39:00
IND-USR-080,31.638398,74.879826,577.4,2026-08-09,20:51:00,2026-08-09 20:51:00
IND-USR-080,31.641332,74.866384,225.2,2026-08-09,21:04:00,2026-08-09 21:04:00
IND-USR-080,31.629561,74.868285,18.6,2026-08-09,21:07:00,2026-08-09 21:07:00
IND-USR-080,31.630224,74.873594,160.6,2026-08-09,21:22:00,2026-08-09 21:22:00
IND-USR-080,31.631733,74.88059,121.3,2026-08-09,21:29:00,2026-08-09 21:29:00
IND-USR-080,31.641619,74.872274,286.5,2026-08-09,21:35:00,2026-08-09 21:35:00
IND-USR-081,26.920221,75.793253,662.3,2026-08-08,06:17:00,2026-08-08 06:17:00
IND-USR-081,26.910597,75.779263,302.0,2026-08-08,06:34:00,2026-08-08 06:34:00
IND-USR-081,26.911528,75.784722,728.0,2026-08-08,06:40:00,2026-08-08 06:40:00
IND-USR-081,26.913226,75.787657,376.7,2026-08-08,06:44:00,2026-08-08 06:44:00
IND-USR-081,26.912652,75.789395,84.3,2026-08-08,06:49:00,2026-08-08 06:49:00
IND-USR-081,26.90755,75.788945,676.6,2026-08-08,06:59:00,2026-08-08 06:59:00
IND-USR-081,26.910642,75.7881,96.8,2026-08-08,07:04:00,2026-08-08 07:04:00
IND-USR-081,26.91623,75.782402,776.4,2026-08-08,07:22:00,2026-08-08 07:22:00
IND-USR-081,26.911275,75.786826,511.4,2026-08-08,07:32:00,2026-08-08 07:32:00
IND-USR-081,26.910343,75.790899,611.1,2026-08-08,07:50:00,2026-08-08 07:50:00
IND-USR-081,26.909518,75.785078,15.8,2026-08-08,07:53:00,2026-08-08 07:53:00
IND-USR-081,26.23606,73.028668,24.1,2026-08-08,08:12:00,2026-08-08 08:12:00
IND-USR-081,26.23693,73.02614,563.5,2026-08-08,08:29:00,2026-08-08 08:29:00
IND-USR-081,26.246803,73.024001,462.3,2026-08-08,08:43:00,2026-08-08 08:43:00
IND-USR-081,26.243348,73.030985,942.1,2026-08-08,09:00:00,2026-08-08 09:00:00
IND-USR-081,26.243009,73.024233,194.1,2026-08-08,09:06:00,2026-08-08 09:06:00
IND-USR-081,26.241468,73.01915,172.5,2026-08-08,09:10:00,2026-08-08 09:10:00
IND-USR-081,26.23578,73.021881,427.4,2026-08-08,09:23:00,2026-08-08 09:23:00
IND-USR-081,26.247862,73.02105,885.1,2026-08-08,09:25:00,2026-08-08 09:25:00
IND-USR-081,26.23559,73.020124,429.3,2026-08-08,09:35:00,2026-08-08 09:35:00
IND-USR-081,26.241139,73.02487,755.0,2026-08-08,09:50:00,2026-08-08 09:50:00
IND-USR-081,26.243247,73.026985,610.3,2026-08-08,09:57:00,2026-08-08 09:57:00
IND-USR-081,26.233378,73.021071,81.6,2026-08-08,10:12:00,2026-08-08 10:12:00
IND-USR-081,26.244361,73.023487,874.4,2026-08-08,10:17:00,2026-08-08 10:17:00
IND-USR-081,26.24365,73.023701,201.7,2026-08-08,10:20:00,2026-08-08 10:20:00
IND-USR-081,26.235029,73.023087,225.1,2026-08-08,10:30:00,2026-08-08 10:30:00
IND-USR-081,26.235028,73.022038,331.6,2026-08-08,10:47:00,2026-08-08 10:47:00
IND-USR-081,26.239704,73.026346,335.0,2026-08-08,11:02:00,2026-08-08 11:02:00
IND-USR-081,26.232539,73.024231,695.7,2026-08-08,11:22:00,2026-08-08 11:22:00
IND-USR-081,26.236554,73.021706,55.2,2026-08-08,11:41:00,2026-08-08 11:41:00
IND-USR-081,26.239431,73.022098,339.3,2026-08-08,12:00:00,2026-08-08 12:00:00
IND-USR-081,26.244429,73.029052,356.4,2026-08-08,12:07:00,2026-08-08 12:07:00
IND-USR-081,26.243627,73.02232,901.1,2026-08-08,12:17:00,2026-08-08 12:17:00
IND-USR-081,26.23505,73.024628,301.2,2026-08-08,12:24:00,2026-08-08 12:24:00
IND-USR-081,26.238299,73.021865,641.4,2026-08-08,12:29:00,2026-08-08 12:29:00
IND-USR-081,26.234197,73.024134,483.3,2026-08-08,12:38:00,2026-08-08 12:38:00
IND-USR-081,26.237284,73.027053,350.3,2026-08-08,12:48:00,2026-08-08 12:48:00
IND-USR-081,26.24156,73.028703,54.3,2026-08-08,12:58:00,2026-08-08 12:58:00
IND-USR-081,26.233863,73.025904,249.2,2026-08-08,13:13:00,2026-08-08 13:13:00
IND-USR-081,26.23599,73.019418,278.1,2026-08-08,13:26:00,2026-08-08 13:26:00
IND-USR-081,26.237186,73.028575,328.2,2026-08-08,13:42:00,2026-08-08 13:42:00
IND-USR-081,26.237411,73.030562,827.7,2026-08-08,13:48:00,2026-08-08 13:48:00
IND-USR-081,26.241096,73.022724,114.7,2026-08-08,13:52:00,2026-08-08 13:52:00
IND-USR-081,26.24354,73.026082,154.9,2026-08-08,14:00:00,2026-08-08 14:00:00
IND-USR-081,26.23517,73.031735,278.3,2026-08-08,14:16:00,2026-08-08 14:16:00
IND-USR-081,26.239938,73.024375,587.9,2026-08-08,14:35:00,2026-08-08 14:35:00
IND-USR-081,26.235478,73.029018,651.2,2026-08-08,14:52:00,2026-08-08 14:52:00
IND-USR-081,26.240969,73.026817,433.7,2026-08-08,14:56:00,2026-08-08 14:56:00
IND-USR-081,26.23687,73.027636,728.3,2026-08-08,15:10:00,2026-08-08 15:10:00
IND-USR-081,26.242547,73.021625,634.6,2026-08-08,15:19:00,2026-08-08 15:19:00
IND-USR-081,26.233232,73.026625,469.9,2026-08-08,15:26:00,2026-08-08 15:26:00
IND-USR-081,26.232607,73.024908,190.1,2026-08-08,15:28:00,2026-08-08 15:28:00
IND-USR-081,26.237111,73.029175,516.6,2026-08-08,15:47:00,2026-08-08 15:47:00
IND-USR-081,26.237329,73.028729,780.5,2026-08-08,15:54:00,2026-08-08 15:54:00
IND-USR-081,26.236843,73.0283,342.4,2026-08-08,16:11:00,2026-08-08 16:11:00
IND-USR-081,26.247141,73.020028,625.8,2026-08-08,16:13:00,2026-08-08 16:13:00
IND-USR-081,26.240068,73.035295,763.1,2026-08-08,16:16:00,2026-08-08 16:16:00
IND-USR-081,26.239166,73.024547,580.3,2026-08-08,16:20:00,2026-08-08 16:20:00
IND-USR-081,26.242054,73.024464,914.6,2026-08-08,16:34:00,2026-08-08 16:34:00
IND-USR-081,26.232071,73.028829,249.6,2026-08-08,16:37:00,2026-08-08 16:37:00
IND-USR-081,26.230888,73.022633,41.2,2026-08-08,16:45:00,2026-08-08 16:45:00
IND-USR-081,26.24373,73.022874,315.5,2026-08-08,16:54:00,2026-08-08 16:54:00
IND-USR-081,26.236125,73.027817,482.9,2026-08-08,17:13:00,2026-08-08 17:13:00
IND-USR-081,26.235496,73.019411,260.8,2026-08-08,17:19:00,2026-08-08 17:19:00
IND-USR-081,26.239998,73.023568,321.2,2026-08-08,17:28:00,2026-08-08 17:28:00
IND-USR-081,26.233925,73.026848,838.2,2026-08-08,17:37:00,2026-08-08 17:37:00
IND-USR-081,26.240758,73.022861,43.6,2026-08-08,17:39:00,2026-08-08 17:39:00
IND-USR-081,26.237735,73.026182,493.8,2026-08-08,17:44:00,2026-08-08 17:44:00
IND-USR-081,26.243661,73.023169,424.1,2026-08-08,17:58:00,2026-08-08 17:58:00
IND-USR-081,26.241519,73.026561,279.4,2026-08-08,18:16:00,2026-08-08 18:16:00
IND-USR-081,26.242417,73.024457,802.0,2026-08-08,18:20:00,2026-08-08 18:20:00
IND-USR-081,26.235251,73.02245,939.6,2026-08-08,18:33:00,2026-08-08 18:33:00
IND-USR-081,26.240271,73.031574,248.9,2026-08-08,18:43:00,2026-08-08 18:43:00
IND-USR-081,26.236964,73.027519,256.0,2026-08-08,18:56:00,2026-08-08 18:56:00
IND-USR-081,26.911088,75.787742,60.3,2026-08-08,19:11:00,2026-08-08 19:11:00
IND-USR-081,26.918462,75.790357,207.7,2026-08-08,19:30:00,2026-08-08 19:30:00
IND-USR-081,26.907435,75.78501,836.3,2026-08-08,19:49:00,2026-08-08 19:49:00
IND-USR-081,26.917425,75.787868,456.6,2026-08-08,19:53:00,2026-08-08 19:53:00
IND-USR-081,26.907805,75.784024,433.3,2026-08-08,20:01:00,2026-08-08 20:01:00
IND-USR-081,26.915214,75.791278,110.7,2026-08-08,20:20:00,2026-08-08 20:20:00
IND-USR-081,26.912471,75.797201,236.5,2026-08-08,20:32:00,2026-08-08 20:32:00
IND-USR-081,26.915697,75.786326,148.3,2026-08-08,20:37:00,2026-08-08 20:37:00
IND-USR-081,26.909137,75.7834,912.7,2026-08-08,20:53:00,2026-08-08 20:53:00
IND-USR-081,26.913742,75.785345,631.4,2026-08-08,21:11:00,2026-08-08 21:11:00
IND-USR-081,26.919095,75.793165,701.2,2026-08-08,21:30:00,2026-08-08 21:30:00
IND-USR-081,26.914932,75.782584,554.5,2026-08-08,21:50:00,2026-08-08 21:50:00
IND-USR-081,26.909711,75.792323,506.0,2026-08-08,22:10:00,2026-08-08 22:10:00
IND-USR-081,26.910148,75.791789,841.7,2026-08-08,22:16:00,2026-08-08 22:16:00
IND-USR-081,26.914298,75.787507,297.7,2026-08-08,22:19:00,2026-08-08 22:19:00
IND-USR-081,26.909589,75.786923,462.4,2026-08-08,22:31:00,2026-08-08 22:31:00
IND-USR-081,26.913159,75.79143,797.3,2026-08-08,22:37:00,2026-08-08 22:37:00
IND-USR-081,26.908857,75.786249,267.8,2026-08-08,22:42:00,2026-08-08 22:42:00
IND-USR-081,26.912579,75.789951,650.2,2026-08-08,22:58:00,2026-08-08 22:58:00
IND-USR-081,26.908766,75.782034,364.2,2026-08-08,23:08:00,2026-08-08 23:08:00
IND-USR-081,26.915096,75.781228,771.6,2026-08-08,23:11:00,2026-08-08 23:11:00
IND-USR-081,26.91754,75.786676,712.8,2026-08-08,23:30:00,2026-08-08 23:30:00
IND-USR-081,26.90621,75.785378,677.8,2026-08-08,23:44:00,2026-08-08 23:44:00
IND-USR-081,26.913916,75.785169,261.7,2026-08-08,23:51:00,2026-08-08 23:51:00
IND-USR-081,26.91248,75.79026,791.7,2026-08-08,23:59:00,2026-08-08 23:59:00
IND-USR-081,26.911591,75.783552,566.8,2026-08-09,00:08:00,2026-08-09 00:08:00
IND-USR-081,26.911204,75.792959,500.2,2026-08-09,00:15:00,2026-08-09 00:15:00
IND-USR-081,26.91914,75.77922,543.9,2026-08-09,00:24:00,2026-08-09 00:24:00
IND-USR-081,26.916764,75.788301,151.9,2026-08-09,00:29:00,2026-08-09 00:29:00
IND-USR-081,26.916096,75.785098,936.2,2026-08-09,00:34:00,2026-08-09 00:34:00
IND-USR-081,26.905327,75.789638,480.0,2026-08-09,00:53:00,2026-08-09 00:53:00
IND-USR-081,26.908636,75.781747,874.8,2026-08-09,01:07:00,2026-08-09 01:07:00
IND-USR-081,26.907126,75.789704,897.1,2026-08-09,01:14:00,2026-08-09 01:14:00
IND-USR-082,26.912958,75.79043,496.1,2026-08-10,06:07:00,2026-08-10 06:07:00
IND-USR-082,26.915076,75.785616,878.7,2026-08-10,06:25:00,2026-08-10 06:25:00
IND-USR-082,26.912118,75.785254,533.6,2026-08-10,06:45:00,2026-08-10 06:45:00
IND-USR-082,26.911559,75.783431,167.7,2026-08-10,06:53:00,2026-08-10 06:53:00
IND-USR-082,26.913962,75.7916,52.1,2026-08-10,06:58:00,2026-08-10 06:58:00
IND-USR-082,26.909134,75.792425,24.0,2026-08-10,07:03:00,2026-08-10 07:03:00
IND-USR-082,26.912854,75.788264,175.2,2026-08-10,07:12:00,2026-08-10 07:12:00
IND-USR-082,26.905602,75.780071,25.3,2026-08-10,07:14:00,2026-08-10 07:14:00
IND-USR-082,26.912976,75.790459,372.8,2026-08-10,07:32:00,2026-08-10 07:32:00
IND-USR-082,26.909714,75.79398,366.6,2026-08-10,07:47:00,2026-08-10 07:47:00
IND-USR-082,26.91534,75.783667,865.4,2026-08-10,07:50:00,2026-08-10 07:50:00
IND-USR-082,26.239023,73.034208,800.8,2026-08-10,08:08:00,2026-08-10 08:08:00
IND-USR-082,26.23393,73.026413,874.4,2026-08-10,08:27:00,2026-08-10 08:27:00
IND-USR-082,26.237609,73.027128,682.0,2026-08-10,08:44:00,2026-08-10 08:44:00
IND-USR-082,26.243969,73.022755,20.5,2026-08-10,08:49:00,2026-08-10 08:49:00
IND-USR-082,26.243376,73.033185,778.8,2026-08-10,08:53:00,2026-08-10 08:53:00
IND-USR-082,26.239165,73.02744,360.3,2026-08-10,09:01:00,2026-08-10 09:01:00
IND-USR-082,26.236538,73.024377,281.4,2026-08-10,09:05:00,2026-08-10 09:05:00
IND-USR-082,26.238193,73.027488,853.9,2026-08-10,09:14:00,2026-08-10 09:14:00
IND-USR-082,26.243719,73.023861,882.8,2026-08-10,09:25:00,2026-08-10 09:25:00
IND-USR-082,26.245034,73.03042,612.7,2026-08-10,09:34:00,2026-08-10 09:34:00
IND-USR-082,26.242287,73.022236,564.3,2026-08-10,09:38:00,2026-08-10 09:38:00
IND-USR-082,26.236453,73.02105,749.0,2026-08-10,09:41:00,2026-08-10 09:41:00
IND-USR-082,26.242697,73.019453,405.9,2026-08-10,09:51:00,2026-08-10 09:51:00
IND-USR-082,26.241607,73.019976,613.0,2026-08-10,10:10:00,2026-08-10 10:10:00
IND-USR-082,26.242194,73.024369,306.0,2026-08-10,10:18:00,2026-08-10 10:18:00
IND-USR-082,26.244235,73.028866,824.4,2026-08-10,10:33:00,2026-08-10 10:33:00
IND-USR-082,26.24464,73.030143,307.4,2026-08-10,10:53:00,2026-08-10 10:53:00
IND-USR-082,26.239475,73.019665,42.8,2026-08-10,10:58:00,2026-08-10 10:58:00
IND-USR-082,26.23469,73.015953,699.3,2026-08-10,11:06:00,2026-08-10 11:06:00
IND-USR-082,26.234565,73.024575,439.6,2026-08-10,11:08:00,2026-08-10 11:08:00
IND-USR-082,26.236661,73.023579,871.0,2026-08-10,11:22:00,2026-08-10 11:22:00
IND-USR-082,26.240871,73.023084,357.9,2026-08-10,11:24:00,2026-08-10 11:24:00
IND-USR-082,26.234413,73.024087,896.9,2026-08-10,11:34:00,2026-08-10 11:34:00
IND-USR-082,26.235306,73.023217,366.4,2026-08-10,11:54:00,2026-08-10 11:54:00
IND-USR-082,26.244271,73.023218,321.5,2026-08-10,11:58:00,2026-08-10 11:58:00
IND-USR-082,26.245984,73.030027,419.8,2026-08-10,12:01:00,2026-08-10 12:01:00
IND-USR-082,26.236583,73.019856,406.8,2026-08-10,12:15:00,2026-08-10 12:15:00
IND-USR-082,26.23869,73.028913,79.4,2026-08-10,12:19:00,2026-08-10 12:19:00
IND-USR-082,26.236939,73.027932,871.2,2026-08-10,12:33:00,2026-08-10 12:33:00
IND-USR-082,26.243734,73.021204,825.5,2026-08-10,12:44:00,2026-08-10 12:44:00
IND-USR-082,26.236196,73.027151,671.8,2026-08-10,12:48:00,2026-08-10 12:48:00
IND-USR-082,26.239507,73.021556,937.6,2026-08-10,12:57:00,2026-08-10 12:57:00
IND-USR-082,26.237491,73.024018,769.3,2026-08-10,12:59:00,2026-08-10 12:59:00
IND-USR-082,26.232641,73.027363,314.5,2026-08-10,13:18:00,2026-08-10 13:18:00
IND-USR-082,26.236985,73.013165,587.3,2026-08-10,13:32:00,2026-08-10 13:32:00
IND-USR-082,26.238805,73.021334,262.7,2026-08-10,13:52:00,2026-08-10 13:52:00
IND-USR-082,26.245655,73.021958,49.4,2026-08-10,14:09:00,2026-08-10 14:09:00
IND-USR-082,26.234509,73.026332,355.2,2026-08-10,14:11:00,2026-08-10 14:11:00
IND-USR-082,26.236258,73.021182,724.6,2026-08-10,14:30:00,2026-08-10 14:30:00
IND-USR-082,26.240938,73.020138,404.5,2026-08-10,14:45:00,2026-08-10 14:45:00
IND-USR-082,26.233071,73.031204,286.5,2026-08-10,14:53:00,2026-08-10 14:53:00
IND-USR-082,26.241218,73.023243,365.2,2026-08-10,14:59:00,2026-08-10 14:59:00
IND-USR-082,26.238886,73.026323,540.7,2026-08-10,15:19:00,2026-08-10 15:19:00
IND-USR-082,26.242793,73.021276,159.7,2026-08-10,15:33:00,2026-08-10 15:33:00
IND-USR-082,26.240365,73.022273,747.8,2026-08-10,15:49:00,2026-08-10 15:49:00
IND-USR-082,26.238144,73.024943,230.0,2026-08-10,16:07:00,2026-08-10 16:07:00
IND-USR-082,26.238873,73.027242,534.5,2026-08-10,16:22:00,2026-08-10 16:22:00
IND-USR-082,26.240848,73.018267,853.8,2026-08-10,16:40:00,2026-08-10 16:40:00
IND-USR-082,26.233469,73.022821,121.2,2026-08-10,17:00:00,2026-08-10 17:00:00
IND-USR-082,26.246215,73.020894,945.3,2026-08-10,17:18:00,2026-08-10 17:18:00
IND-USR-082,26.238067,73.022155,744.7,2026-08-10,17:35:00,2026-08-10 17:35:00
IND-USR-082,26.236684,73.025013,352.2,2026-08-10,17:39:00,2026-08-10 17:39:00
IND-USR-082,26.244503,73.026124,764.7,2026-08-10,17:52:00,2026-08-10 17:52:00
IND-USR-082,26.235686,73.035313,179.8,2026-08-10,18:07:00,2026-08-10 18:07:00
IND-USR-082,26.239214,73.021991,803.3,2026-08-10,18:23:00,2026-08-10 18:23:00
IND-USR-082,26.244548,73.022424,437.2,2026-08-10,18:43:00,2026-08-10 18:43:00
IND-USR-082,26.245552,73.020817,32.0,2026-08-10,18:57:00,2026-08-10 18:57:00
IND-USR-082,26.91812,75.788104,128.9,2026-08-10,19:06:00,2026-08-10 19:06:00
IND-USR-082,26.917564,75.794907,134.7,2026-08-10,19:10:00,2026-08-10 19:10:00
IND-USR-082,26.90787,75.792403,437.3,2026-08-10,19:23:00,2026-08-10 19:23:00
IND-USR-082,26.906764,75.783111,552.7,2026-08-10,19:41:00,2026-08-10 19:41:00
IND-USR-082,26.909186,75.789315,367.3,2026-08-10,19:48:00,2026-08-10 19:48:00
IND-USR-082,26.912532,75.786631,929.1,2026-08-10,19:59:00,2026-08-10 19:59:00
IND-USR-082,26.912985,75.789665,813.5,2026-08-10,20:18:00,2026-08-10 20:18:00
IND-USR-082,26.915073,75.791677,356.4,2026-08-10,20:38:00,2026-08-10 20:38:00
IND-USR-082,26.91968,75.787215,894.3,2026-08-10,20:44:00,2026-08-10 20:44:00
IND-USR-082,26.910316,75.789754,349.5,2026-08-10,21:00:00,2026-08-10 21:00:00
IND-USR-082,26.907823,75.784585,305.5,2026-08-10,21:18:00,2026-08-10 21:18:00
IND-USR-082,26.916398,75.786803,442.9,2026-08-10,21:23:00,2026-08-10 21:23:00
IND-USR-082,26.907567,75.781341,283.3,2026-08-10,21:39:00,2026-08-10 21:39:00
IND-USR-082,26.912595,75.791868,640.7,2026-08-10,21:43:00,2026-08-10 21:43:00
IND-USR-082,26.916914,75.787744,469.0,2026-08-10,21:49:00,2026-08-10 21:49:00
IND-USR-082,26.920436,75.786881,576.0,2026-08-10,22:03:00,2026-08-10 22:03:00
IND-USR-082,26.911846,75.77703,100.8,2026-08-10,22:07:00,2026-08-10 22:07:00
IND-USR-082,26.910611,75.790708,146.0,2026-08-10,22:26:00,2026-08-10 22:26:00
IND-USR-082,26.918656,75.783979,582.0,2026-08-10,22:30:00,2026-08-10 22:30:00
IND-USR-082,26.914249,75.791488,388.6,2026-08-10,22:50:00,2026-08-10 22:50:00
IND-USR-082,26.912445,75.778167,419.6,2026-08-10,22:56:00,2026-08-10 22:56:00
IND-USR-082,26.913389,75.790346,163.0,2026-08-10,23:03:00,2026-08-10 23:03:00
IND-USR-082,26.90861,75.786283,324.2,2026-08-10,23:20:00,2026-08-10 23:20:00
IND-USR-082,26.907778,75.777019,80.0,2026-08-10,23:40:00,2026-08-10 23:40:00
IND-USR-082,26.916508,75.787285,772.5,2026-08-10,23:43:00,2026-08-10 23:43:00
IND-USR-083,26.918791,75.790729,871.3,2026-08-05,06:10:00,2026-08-05 06:10:00
IND-USR-083,26.910983,75.786967,783.9,2026-08-05,06:15:00,2026-08-05 06:15:00
IND-USR-083,26.914665,75.791168,650.2,2026-08-05,06:28:00,2026-08-05 06:28:00
IND-USR-083,26.913691,75.791722,466.9,2026-08-05,06:41:00,2026-08-05 06:41:00
IND-USR-083,26.911213,75.783311,309.8,2026-08-05,06:44:00,2026-08-05 06:44:00
IND-USR-083,26.912141,75.788121,128.8,2026-08-05,07:02:00,2026-08-05 07:02:00
IND-USR-083,26.907594,75.781953,143.0,2026-08-05,07:22:00,2026-08-05 07:22:00
IND-USR-083,26.91419,75.785675,477.1,2026-08-05,07:35:00,2026-08-05 07:35:00
IND-USR-083,26.911737,75.785861,677.7,2026-08-05,07:37:00,2026-08-05 07:37:00
IND-USR-083,26.918482,75.792347,891.8,2026-08-05,07:39:00,2026-08-05 07:39:00
IND-USR-083,26.907451,75.785169,69.6,2026-08-05,07:42:00,2026-08-05 07:42:00
IND-USR-083,26.9158,75.789708,216.4,2026-08-05,07:56:00,2026-08-05 07:56:00
IND-USR-083,26.238734,73.01975,395.4,2026-08-05,08:08:00,2026-08-05 08:08:00
IND-USR-083,26.23617,73.022233,441.8,2026-08-05,08:11:00,2026-08-05 08:11:00
IND-USR-083,26.240008,73.031115,787.6,2026-08-05,08:19:00,2026-08-05 08:19:00
IND-USR-083,26.236152,73.020196,806.8,2026-08-05,08:29:00,2026-08-05 08:29:00
IND-USR-083,26.238466,73.028427,942.4,2026-08-05,08:46:00,2026-08-05 08:46:00
IND-USR-083,26.233112,73.030115,163.2,2026-08-05,09:04:00,2026-08-05 09:04:00
IND-USR-083,26.238212,73.021363,584.4,2026-08-05,09:23:00,2026-08-05 09:23:00
IND-USR-083,26.232499,73.027126,14.8,2026-08-05,09:33:00,2026-08-05 09:33:00
IND-USR-083,26.238215,73.024983,466.3,2026-08-05,09:37:00,2026-08-05 09:37:00
IND-USR-083,26.235297,73.023024,181.8,2026-08-05,09:55:00,2026-08-05 09:55:00
IND-USR-083,26.236954,73.023898,684.1,2026-08-05,10:05:00,2026-08-05 10:05:00
IND-USR-083,26.236222,73.018163,94.7,2026-08-05,10:14:00,2026-08-05 10:14:00
IND-USR-083,26.249814,73.018846,78.1,2026-08-05,10:29:00,2026-08-05 10:29:00
IND-USR-083,26.239626,73.017212,878.7,2026-08-05,10:48:00,2026-08-05 10:48:00
IND-USR-083,26.230912,73.024691,15.9,2026-08-05,11:01:00,2026-08-05 11:01:00
IND-USR-083,26.239597,73.029346,65.4,2026-08-05,11:05:00,2026-08-05 11:05:00
IND-USR-083,26.240498,73.023701,896.4,2026-08-05,11:18:00,2026-08-05 11:18:00
IND-USR-083,26.235102,73.030296,96.0,2026-08-05,11:21:00,2026-08-05 11:21:00
IND-USR-083,26.242615,73.019315,359.5,2026-08-05,11:41:00,2026-08-05 11:41:00
IND-USR-083,26.239052,73.024876,583.8,2026-08-05,11:43:00,2026-08-05 11:43:00
IND-USR-083,26.237517,73.027387,842.8,2026-08-05,11:59:00,2026-08-05 11:59:00
IND-USR-083,26.242227,73.023538,932.2,2026-08-05,12:04:00,2026-08-05 12:04:00
IND-USR-083,26.237777,73.030296,306.1,2026-08-05,12:08:00,2026-08-05 12:08:00
IND-USR-083,26.242631,73.024589,86.0,2026-08-05,12:23:00,2026-08-05 12:23:00
IND-USR-083,26.232383,73.025676,709.2,2026-08-05,12:26:00,2026-08-05 12:26:00
IND-USR-083,26.241692,73.013282,900.2,2026-08-05,12:35:00,2026-08-05 12:35:00
IND-USR-083,26.239907,73.022633,60.0,2026-08-05,12:51:00,2026-08-05 12:51:00
IND-USR-083,26.238017,73.02067,138.0,2026-08-05,13:11:00,2026-08-05 13:11:00
IND-USR-083,26.238307,73.029868,40.9,2026-08-05,13:14:00,2026-08-05 13:14:00
IND-USR-083,26.237114,73.028162,771.1,2026-08-05,13:18:00,2026-08-05 13:18:00
IND-USR-083,26.235675,73.027335,305.1,2026-08-05,13:38:00,2026-08-05 13:38:00
IND-USR-083,26.238907,73.025708,14.3,2026-08-05,13:40:00,2026-08-05 13:40:00
IND-USR-083,26.238929,73.026867,251.0,2026-08-05,13:57:00,2026-08-05 13:57:00
IND-USR-083,26.22863,73.018621,834.6,2026-08-05,14:01:00,2026-08-05 14:01:00
IND-USR-083,26.240568,73.016126,748.1,2026-08-05,14:21:00,2026-08-05 14:21:00
IND-USR-083,26.236778,73.024083,678.7,2026-08-05,14:40:00,2026-08-05 14:40:00
IND-USR-083,26.235587,73.021534,223.4,2026-08-05,14:51:00,2026-08-05 14:51:00
IND-USR-083,26.239986,73.028337,759.6,2026-08-05,14:57:00,2026-08-05 14:57:00
IND-USR-083,26.235066,73.022,450.2,2026-08-05,15:15:00,2026-08-05 15:15:00
IND-USR-083,26.235975,73.014614,532.0,2026-08-05,15:35:00,2026-08-05 15:35:00
IND-USR-083,26.239467,73.028039,823.3,2026-08-05,15:43:00,2026-08-05 15:43:00
IND-USR-083,26.242967,73.020817,333.9,2026-08-05,15:58:00,2026-08-05 15:58:00
IND-USR-083,26.233893,73.024386,272.3,2026-08-05,16:08:00,2026-08-05 16:08:00
IND-USR-083,26.242217,73.024919,730.0,2026-08-05,16:25:00,2026-08-05 16:25:00
IND-USR-083,26.240057,73.028867,796.2,2026-08-05,16:40:00,2026-08-05 16:40:00
IND-USR-083,26.235943,73.02342,911.8,2026-08-05,16:44:00,2026-08-05 16:44:00
IND-USR-083,26.245438,73.023513,880.2,2026-08-05,17:02:00,2026-08-05 17:02:00
IND-USR-083,26.233831,73.021623,200.1,2026-08-05,17:19:00,2026-08-05 17:19:00
IND-USR-083,26.235147,73.025729,772.3,2026-08-05,17:30:00,2026-08-05 17:30:00
IND-USR-083,26.235316,73.025384,210.4,2026-08-05,17:34:00,2026-08-05 17:34:00
IND-USR-083,26.235956,73.015806,43.4,2026-08-05,17:38:00,2026-08-05 17:38:00
IND-USR-083,26.240126,73.024894,52.7,2026-08-05,17:50:00,2026-08-05 17:50:00
IND-USR-083,26.240971,73.021608,738.2,2026-08-05,18:03:00,2026-08-05 18:03:00
IND-USR-083,26.235782,73.025906,218.5,2026-08-05,18:17:00,2026-08-05 18:17:00
IND-USR-083,26.244976,73.024345,74.6,2026-08-05,18:24:00,2026-08-05 18:24:00
IND-USR-083,26.240598,73.023014,210.5,2026-08-05,18:35:00,2026-08-05 18:35:00
IND-USR-083,26.232725,73.02817,421.6,2026-08-05,18:48:00,2026-08-05 18:48:00
IND-USR-083,26.916034,75.790143,728.1,2026-08-05,19:06:00,2026-08-05 19:06:00
IND-USR-083,26.911672,75.789688,327.2,2026-08-05,19:15:00,2026-08-05 19:15:00
IND-USR-083,26.915975,75.793781,405.4,2026-08-05,19:21:00,2026-08-05 19:21:00
IND-USR-083,26.916354,75.787555,391.3,2026-08-05,19:24:00,2026-08-05 19:24:00
IND-USR-083,26.907167,75.787923,930.3,2026-08-05,19:34:00,2026-08-05 19:34:00
IND-USR-083,26.913426,75.790136,46.6,2026-08-05,19:49:00,2026-08-05 19:49:00
IND-USR-083,26.917816,75.786919,430.9,2026-08-05,20:04:00,2026-08-05 20:04:00
IND-USR-083,26.920804,75.780263,525.1,2026-08-05,20:24:00,2026-08-05 20:24:00
IND-USR-083,26.914077,75.784106,847.5,2026-08-05,20:34:00,2026-08-05 20:34:00
IND-USR-083,26.904771,75.786493,483.2,2026-08-05,20:53:00,2026-08-05 20:53:00
IND-USR-083,26.906571,75.786654,295.4,2026-08-05,21:12:00,2026-08-05 21:12:00
IND-USR-083,26.912539,75.791774,308.8,2026-08-05,21:19:00,2026-08-05 21:19:00
IND-USR-083,26.90637,75.790934,369.7,2026-08-05,21:28:00,2026-08-05 21:28:00
IND-USR-083,26.912792,75.791415,391.5,2026-08-05,21:39:00,2026-08-05 21:39:00
IND-USR-083,26.910673,75.781971,517.8,2026-08-05,21:45:00,2026-08-05 21:45:00
IND-USR-083,26.90753,75.782133,324.0,2026-08-05,21:57:00,2026-08-05 21:57:00
IND-USR-083,26.914311,75.793208,777.3,2026-08-05,22:13:00,2026-08-05 22:13:00
IND-USR-083,26.91014,75.789817,672.4,2026-08-05,22:23:00,2026-08-05 22:23:00
IND-USR-083,26.906306,75.788021,348.5,2026-08-05,22:37:00,2026-08-05 22:37:00
IND-USR-083,26.915074,75.781508,341.3,2026-08-05,22:49:00,2026-08-05 22:49:00
IND-USR-083,26.911584,75.790164,913.3,2026-08-05,23:02:00,2026-08-05 23:02:00
IND-USR-083,26.900665,75.792642,203.6,2026-08-05,23:09:00,2026-08-05 23:09:00
IND-USR-083,26.913815,75.790167,695.4,2026-08-05,23:16:00,2026-08-05 23:16:00
IND-USR-083,26.910749,75.780409,568.4,2026-08-05,23:18:00,2026-08-05 23:18:00
IND-USR-083,26.914536,75.78697,890.7,2026-08-05,23:37:00,2026-08-05 23:37:00
IND-USR-083,26.912528,75.79165,110.7,2026-08-05,23:49:00,2026-08-05 23:49:00
IND-USR-083,26.915448,75.794985,601.2,2026-08-06,00:06:00,2026-08-06 00:06:00
IND-USR-083,26.913015,75.784535,696.8,2026-08-06,00:17:00,2026-08-06 00:17:00
IND-USR-083,26.911646,75.788963,846.1,2026-08-06,00:22:00,2026-08-06 00:22:00
IND-USR-083,26.916463,75.781432,904.0,2026-08-06,00:27:00,2026-08-06 00:27:00
IND-USR-083,26.912434,75.793738,444.9,2026-08-06,00:32:00,2026-08-06 00:32:00
IND-USR-083,26.911439,75.791024,894.9,2026-08-06,00:50:00,2026-08-06 00:50:00
IND-USR-083,26.914372,75.791123,575.0,2026-08-06,00:55:00,2026-08-06 00:55:00
IND-USR-083,26.909161,75.784078,143.8,2026-08-06,00:57:00,2026-08-06 00:57:00
IND-USR-084,26.912481,75.781171,60.7,2026-08-05,06:14:00,2026-08-05 06:14:00
IND-USR-084,26.911321,75.788312,168.1,2026-08-05,06:21:00,2026-08-05 06:21:00
IND-USR-084,26.919539,75.788911,391.8,2026-08-05,06:23:00,2026-08-05 06:23:00
IND-USR-084,26.914901,75.791958,874.2,2026-08-05,06:36:00,2026-08-05 06:36:00
IND-USR-084,26.908541,75.78664,778.5,2026-08-05,06:48:00,2026-08-05 06:48:00
IND-USR-084,26.922102,75.786984,666.7,2026-08-05,06:58:00,2026-08-05 06:58:00
IND-USR-084,26.916866,75.791155,651.6,2026-08-05,07:02:00,2026-08-05 07:02:00
IND-USR-084,26.906488,75.788542,849.4,2026-08-05,07:04:00,2026-08-05 07:04:00
IND-USR-084,26.912987,75.78862,181.3,2026-08-05,07:10:00,2026-08-05 07:10:00
IND-USR-084,26.909384,75.782832,747.8,2026-08-05,07:22:00,2026-08-05 07:22:00
IND-USR-084,26.910496,75.786909,345.9,2026-08-05,07:42:00,2026-08-05 07:42:00
IND-USR-084,26.91714,75.794569,19.9,2026-08-05,07:45:00,2026-08-05 07:45:00
IND-USR-084,26.244486,73.027741,724.0,2026-08-05,08:00:00,2026-08-05 08:00:00
IND-USR-084,26.234883,73.022664,84.2,2026-08-05,08:03:00,2026-08-05 08:03:00
IND-USR-084,26.23974,73.02177,327.0,2026-08-05,08:08:00,2026-08-05 08:08:00
IND-USR-084,26.241209,73.027182,862.1,2026-08-05,08:15:00,2026-08-05 08:15:00
IND-USR-084,26.241045,73.028401,918.6,2026-08-05,08:28:00,2026-08-05 08:28:00
IND-USR-084,26.235282,73.028031,254.1,2026-08-05,08:48:00,2026-08-05 08:48:00
IND-USR-084,26.236117,73.020536,40.1,2026-08-05,09:00:00,2026-08-05 09:00:00
IND-USR-084,26.241028,73.029163,51.2,2026-08-05,09:11:00,2026-08-05 09:11:00
IND-USR-084,26.240852,73.024383,103.9,2026-08-05,09:28:00,2026-08-05 09:28:00
IND-USR-084,26.240141,73.024846,671.9,2026-08-05,09:44:00,2026-08-05 09:44:00
IND-USR-084,26.234396,73.01933,445.9,2026-08-05,09:50:00,2026-08-05 09:50:00
IND-USR-084,26.238585,73.024619,56.5,2026-08-05,10:09:00,2026-08-05 10:09:00
IND-USR-084,26.238945,73.027004,675.8,2026-08-05,10:22:00,2026-08-05 10:22:00
IND-USR-084,26.238038,73.026552,643.6,2026-08-05,10:42:00,2026-08-05 10:42:00
IND-USR-084,26.238322,73.031593,868.6,2026-08-05,10:44:00,2026-08-05 10:44:00
IND-USR-084,26.239223,73.033663,55.3,2026-08-05,10:48:00,2026-08-05 10:48:00
IND-USR-084,26.240308,73.023445,280.6,2026-08-05,11:02:00,2026-08-05 11:02:00
IND-USR-084,26.235302,73.018528,921.6,2026-08-05,11:10:00,2026-08-05 11:10:00
IND-USR-084,26.234934,73.020782,201.1,2026-08-05,11:12:00,2026-08-05 11:12:00
IND-USR-084,26.240479,73.022195,121.4,2026-08-05,11:32:00,2026-08-05 11:32:00
IND-USR-084,26.239648,73.029428,337.3,2026-08-05,11:42:00,2026-08-05 11:42:00
IND-USR-084,26.238549,73.032617,835.6,2026-08-05,11:45:00,2026-08-05 11:45:00
IND-USR-084,26.234197,73.023698,52.9,2026-08-05,12:00:00,2026-08-05 12:00:00
IND-USR-084,26.236743,73.028046,70.5,2026-08-05,12:11:00,2026-08-05 12:11:00
IND-USR-084,26.229941,73.018528,291.9,2026-08-05,12:30:00,2026-08-05 12:30:00
IND-USR-084,26.238471,73.030506,908.1,2026-08-05,12:35:00,2026-08-05 12:35:00
IND-USR-084,26.239803,73.018894,837.7,2026-08-05,12:47:00,2026-08-05 12:47:00
IND-USR-084,26.234111,73.030992,912.3,2026-08-05,12:54:00,2026-08-05 12:54:00
IND-USR-084,26.236415,73.020528,335.3,2026-08-05,13:07:00,2026-08-05 13:07:00
IND-USR-084,26.244809,73.028344,864.7,2026-08-05,13:16:00,2026-08-05 13:16:00
IND-USR-084,26.243996,73.0205,330.0,2026-08-05,13:36:00,2026-08-05 13:36:00
IND-USR-084,26.2328,73.024833,349.7,2026-08-05,13:39:00,2026-08-05 13:39:00
IND-USR-084,26.240241,73.025758,41.3,2026-08-05,13:43:00,2026-08-05 13:43:00
IND-USR-084,26.244813,73.017365,915.9,2026-08-05,13:58:00,2026-08-05 13:58:00
IND-USR-084,26.242339,73.019913,894.1,2026-08-05,14:18:00,2026-08-05 14:18:00
IND-USR-084,26.242323,73.0224,615.5,2026-08-05,14:20:00,2026-08-05 14:20:00
IND-USR-084,26.235644,73.02186,546.9,2026-08-05,14:34:00,2026-08-05 14:34:00
IND-USR-084,26.233118,73.024462,65.3,2026-08-05,14:53:00,2026-08-05 14:53:00
IND-USR-084,26.235809,73.027445,373.6,2026-08-05,15:12:00,2026-08-05 15:12:00
IND-USR-084,26.24146,73.031053,458.9,2026-08-05,15:28:00,2026-08-05 15:28:00
IND-USR-084,26.240365,73.026383,741.6,2026-08-05,15:31:00,2026-08-05 15:31:00
IND-USR-084,26.2445,73.021789,946.3,2026-08-05,15:40:00,2026-08-05 15:40:00
IND-USR-084,26.232947,73.0251,261.0,2026-08-05,15:58:00,2026-08-05 15:58:00
IND-USR-084,26.233209,73.034116,683.7,2026-08-05,16:04:00,2026-08-05 16:04:00
IND-USR-084,26.244722,73.032956,632.5,2026-08-05,16:12:00,2026-08-05 16:12:00
IND-USR-084,26.23915,73.026502,807.4,2026-08-05,16:32:00,2026-08-05 16:32:00
IND-USR-084,26.237062,73.027832,556.2,2026-08-05,16:43:00,2026-08-05 16:43:00
IND-USR-084,26.234038,73.014128,820.2,2026-08-05,16:56:00,2026-08-05 16:56:00
IND-USR-084,26.235737,73.018478,12.6,2026-08-05,16:58:00,2026-08-05 16:58:00
IND-USR-084,26.244812,73.031563,441.0,2026-08-05,17:15:00,2026-08-05 17:15:00
IND-USR-084,26.233288,73.029467,324.1,2026-08-05,17:22:00,2026-08-05 17:22:00
IND-USR-084,26.242706,73.018021,214.9,2026-08-05,17:24:00,2026-08-05 17:24:00
IND-USR-084,26.237339,73.021979,788.7,2026-08-05,17:37:00,2026-08-05 17:37:00
IND-USR-084,26.241892,73.019385,473.6,2026-08-05,17:41:00,2026-08-05 17:41:00
IND-USR-084,26.238505,73.021556,304.3,2026-08-05,17:55:00,2026-08-05 17:55:00
IND-USR-084,26.240793,73.023433,854.9,2026-08-05,18:01:00,2026-08-05 18:01:00
IND-USR-084,26.236759,73.023447,278.7,2026-08-05,18:08:00,2026-08-05 18:08:00
IND-USR-084,26.247044,73.022632,515.0,2026-08-05,18:24:00,2026-08-05 18:24:00
IND-USR-084,26.234736,73.026634,557.2,2026-08-05,18:31:00,2026-08-05 18:31:00
IND-USR-084,26.238326,73.018639,631.8,2026-08-05,18:38:00,2026-08-05 18:38:00
IND-USR-084,26.247826,73.02289,670.3,2026-08-05,18:58:00,2026-08-05 18:58:00
IND-USR-084,26.910889,75.787939,215.7,2026-08-05,19:04:00,2026-08-05 19:04:00
IND-USR-084,26.91932,75.780581,299.3,2026-08-05,19:13:00,2026-08-05 19:13:00
IND-USR-084,26.913504,75.795649,75.6,2026-08-05,19:18:00,2026-08-05 19:18:00
IND-USR-084,26.912915,75.782359,547.0,2026-08-05,19:21:00,2026-08-05 19:21:00
IND-USR-084,26.909926,75.788128,798.6,2026-08-05,19:36:00,2026-08-05 19:36:00
IND-USR-084,26.917723,75.785943,344.8,2026-08-05,19:39:00,2026-08-05 19:39:00
IND-USR-084,26.915707,75.781559,609.0,2026-08-05,19:41:00,2026-08-05 19:41:00
IND-USR-084,26.906625,75.785369,532.4,2026-08-05,20:00:00,2026-08-05 20:00:00
IND-USR-084,26.918152,75.787575,489.8,2026-08-05,20:15:00,2026-08-05 20:15:00
IND-USR-084,26.913559,75.788412,23.1,2026-08-05,20:24:00,2026-08-05 20:24:00
IND-USR-084,26.916837,75.784859,93.1,2026-08-05,20:29:00,2026-08-05 20:29:00
IND-USR-084,26.915153,75.783976,427.4,2026-08-05,20:43:00,2026-08-05 20:43:00
IND-USR-084,26.920333,75.784098,589.3,2026-08-05,20:49:00,2026-08-05 20:49:00
IND-USR-084,26.90887,75.789499,274.7,2026-08-05,20:51:00,2026-08-05 20:51:00
IND-USR-084,26.912719,75.788607,910.2,2026-08-05,21:03:00,2026-08-05 21:03:00
IND-USR-084,26.913309,75.782938,324.0,2026-08-05,21:19:00,2026-08-05 21:19:00
IND-USR-084,26.918853,75.790874,533.1,2026-08-05,21:39:00,2026-08-05 21:39:00
IND-USR-084,26.917836,75.785187,434.1,2026-08-05,21:58:00,2026-08-05 21:58:00
IND-USR-084,26.914066,75.788089,819.1,2026-08-05,22:18:00,2026-08-05 22:18:00
IND-USR-084,26.916912,75.791941,170.7,2026-08-05,22:22:00,2026-08-05 22:22:00
IND-USR-084,26.913172,75.781228,734.8,2026-08-05,22:42:00,2026-08-05 22:42:00
IND-USR-084,26.919519,75.789524,167.4,2026-08-05,22:53:00,2026-08-05 22:53:00
IND-USR-084,26.909966,75.788926,227.1,2026-08-05,22:56:00,2026-08-05 22:56:00
IND-USR-084,26.906356,75.791521,403.9,2026-08-05,23:05:00,2026-08-05 23:05:00
IND-USR-084,26.906515,75.786417,759.5,2026-08-05,23:12:00,2026-08-05 23:12:00
IND-USR-084,26.913378,75.791455,440.1,2026-08-05,23:18:00,2026-08-05 23:18:00
IND-USR-084,26.912826,75.78984,499.4,2026-08-05,23:31:00,2026-08-05 23:31:00
IND-USR-084,26.912287,75.787171,250.5,2026-08-05,23:35:00,2026-08-05 23:35:00
IND-USR-084,26.912742,75.786544,846.5,2026-08-05,23:51:00,2026-08-05 23:51:00
IND-USR-084,26.905654,75.784227,11.0,2026-08-05,23:57:00,2026-08-05 23:57:00
IND-USR-084,26.913379,75.786304,117.7,2026-08-06,00:13:00,2026-08-06 00:13:00
IND-USR-084,26.911777,75.786007,801.3,2026-08-06,00:26:00,2026-08-06 00:26:00
IND-USR-084,26.908946,75.785328,680.9,2026-08-06,00:35:00,2026-08-06 00:35:00
IND-USR-084,26.911173,75.787321,15.8,2026-08-06,00:54:00,2026-08-06 00:54:00
IND-USR-084,26.913974,75.786578,415.6,2026-08-06,01:02:00,2026-08-06 01:02:00
IND-USR-085,27.334781,88.600908,73.5,2026-08-03,06:07:00,2026-08-03 06:07:00
IND-USR-085,27.34929,88.601981,748.5,2026-08-03,06:25:00,2026-08-03 06:25:00
IND-USR-085,27.336825,88.608568,548.5,2026-08-03,06:43:00,2026-08-03 06:43:00
IND-USR-085,27.340343,88.608583,689.4,2026-08-03,07:00:00,2026-08-03 07:00:00
IND-USR-085,27.337129,88.607454,541.6,2026-08-03,07:13:00,2026-08-03 07:13:00
IND-USR-085,27.339145,88.605251,110.0,2026-08-03,07:28:00,2026-08-03 07:28:00
IND-USR-085,27.339882,88.610721,482.9,2026-08-03,07:33:00,2026-08-03 07:33:00
IND-USR-085,27.338811,88.606438,513.4,2026-08-03,07:41:00,2026-08-03 07:41:00
IND-USR-085,27.343173,88.610345,527.2,2026-08-03,07:53:00,2026-08-03 07:53:00
IND-USR-085,27.345236,88.599475,696.5,2026-08-03,07:57:00,2026-08-03 07:57:00
IND-USR-085,27.34252,88.608906,544.8,2026-08-03,08:09:00,2026-08-03 08:09:00
IND-USR-085,27.335357,88.607506,658.9,2026-08-03,08:25:00,2026-08-03 08:25:00
IND-USR-085,27.343104,88.603183,167.4,2026-08-03,08:42:00,2026-08-03 08:42:00
IND-USR-085,27.34067,88.609985,368.8,2026-08-03,08:47:00,2026-08-03 08:47:00
IND-USR-085,27.334616,88.605931,51.8,2026-08-03,09:05:00,2026-08-03 09:05:00
IND-USR-085,27.340104,88.603315,715.4,2026-08-03,09:08:00,2026-08-03 09:08:00
IND-USR-085,27.335383,88.60596,872.1,2026-08-03,09:20:00,2026-08-03 09:20:00
IND-USR-085,27.342107,88.609075,512.9,2026-08-03,09:37:00,2026-08-03 09:37:00
IND-USR-085,27.335454,88.609109,73.1,2026-08-03,09:45:00,2026-08-03 09:45:00
IND-USR-085,27.335556,88.600059,582.1,2026-08-03,09:59:00,2026-08-03 09:59:00
IND-USR-085,27.337431,88.610992,488.0,2026-08-03,10:05:00,2026-08-03 10:05:00
IND-USR-085,27.341524,88.606494,460.8,2026-08-03,10:25:00,2026-08-03 10:25:00
IND-USR-085,27.337233,88.604941,765.5,2026-08-03,10:32:00,2026-08-03 10:32:00
IND-USR-085,27.339335,88.602226,321.8,2026-08-03,10:42:00,2026-08-03 10:42:00
IND-USR-085,27.337508,88.605638,824.3,2026-08-03,10:53:00,2026-08-03 10:53:00
IND-USR-085,27.333496,88.603146,945.7,2026-08-03,10:58:00,2026-08-03 10:58:00
IND-USR-085,27.340542,88.606538,168.0,2026-08-03,11:04:00,2026-08-03 11:04:00
IND-USR-085,27.337665,88.602854,162.8,2026-08-03,11:21:00,2026-08-03 11:21:00
IND-USR-085,27.345207,88.603148,177.0,2026-08-03,11:24:00,2026-08-03 11:24:00
IND-USR-085,27.339906,88.604549,588.1,2026-08-03,11:32:00,2026-08-03 11:32:00
IND-USR-085,27.339045,88.60833,129.8,2026-08-03,11:51:00,2026-08-03 11:51:00
IND-USR-085,27.333419,88.606474,137.2,2026-08-03,12:00:00,2026-08-03 12:00:00
IND-USR-085,27.343663,88.613546,65.6,2026-08-03,12:06:00,2026-08-03 12:06:00
IND-USR-085,27.33838,88.606667,270.8,2026-08-03,12:10:00,2026-08-03 12:10:00
IND-USR-085,27.347745,88.61104,938.2,2026-08-03,12:27:00,2026-08-03 12:27:00
IND-USR-085,27.336431,88.604024,697.3,2026-08-03,12:35:00,2026-08-03 12:35:00
IND-USR-085,27.342726,88.602456,712.9,2026-08-03,12:53:00,2026-08-03 12:53:00
IND-USR-085,27.343251,88.607837,406.2,2026-08-03,12:57:00,2026-08-03 12:57:00
IND-USR-085,27.340971,88.605473,552.6,2026-08-03,13:10:00,2026-08-03 13:10:00
IND-USR-085,27.336381,88.612348,669.0,2026-08-03,13:18:00,2026-08-03 13:18:00
IND-USR-085,27.337913,88.604856,701.6,2026-08-03,13:24:00,2026-08-03 13:24:00
IND-USR-085,27.338579,88.607272,129.9,2026-08-03,13:26:00,2026-08-03 13:26:00
IND-USR-085,27.334777,88.604241,930.0,2026-08-03,13:34:00,2026-08-03 13:34:00
IND-USR-085,27.336428,88.609881,890.9,2026-08-03,13:44:00,2026-08-03 13:44:00
IND-USR-085,27.335356,88.599477,215.9,2026-08-03,13:50:00,2026-08-03 13:50:00
IND-USR-085,27.331032,88.600618,132.7,2026-08-03,13:56:00,2026-08-03 13:56:00
IND-USR-085,27.344346,88.606565,478.1,2026-08-03,14:12:00,2026-08-03 14:12:00
IND-USR-085,27.340905,88.608646,663.7,2026-08-03,14:18:00,2026-08-03 14:18:00
IND-USR-085,27.339125,88.606201,239.1,2026-08-03,14:23:00,2026-08-03 14:23:00
IND-USR-085,27.343078,88.607084,48.9,2026-08-03,14:31:00,2026-08-03 14:31:00
IND-USR-085,27.344496,88.608983,483.1,2026-08-03,14:37:00,2026-08-03 14:37:00
IND-USR-085,27.336429,88.604511,325.3,2026-08-03,14:52:00,2026-08-03 14:52:00
IND-USR-085,27.33599,88.61137,392.7,2026-08-03,14:55:00,2026-08-03 14:55:00
IND-USR-085,27.33728,88.603306,195.2,2026-08-03,15:09:00,2026-08-03 15:09:00
IND-USR-085,27.340179,88.606111,333.8,2026-08-03,15:12:00,2026-08-03 15:12:00
IND-USR-085,27.340078,88.614059,888.8,2026-08-03,15:21:00,2026-08-03 15:21:00
IND-USR-085,27.342552,88.606608,439.5,2026-08-03,15:37:00,2026-08-03 15:37:00
IND-USR-085,27.333266,88.6045,384.0,2026-08-03,15:50:00,2026-08-03 15:50:00
IND-USR-085,27.341744,88.601816,100.2,2026-08-03,16:10:00,2026-08-03 16:10:00
IND-USR-085,27.347464,88.606558,220.8,2026-08-03,16:29:00,2026-08-03 16:29:00
IND-USR-085,27.339095,88.603833,652.8,2026-08-03,16:33:00,2026-08-03 16:33:00
IND-USR-085,27.340887,88.601868,941.2,2026-08-03,16:40:00,2026-08-03 16:40:00
IND-USR-085,27.34756,88.611769,400.8,2026-08-03,16:44:00,2026-08-03 16:44:00
IND-USR-085,27.342837,88.600938,451.5,2026-08-03,16:48:00,2026-08-03 16:48:00
IND-USR-085,27.339722,88.611336,823.3,2026-08-03,17:02:00,2026-08-03 17:02:00
IND-USR-085,27.341272,88.602492,819.0,2026-08-03,17:05:00,2026-08-03 17:05:00
IND-USR-085,27.3363,88.604692,557.1,2026-08-03,17:12:00,2026-08-03 17:12:00
IND-USR-085,27.336486,88.612615,215.1,2026-08-03,17:30:00,2026-08-03 17:30:00
IND-USR-085,27.331216,88.609124,257.9,2026-08-03,17:32:00,2026-08-03 17:32:00
IND-USR-085,27.333731,88.602655,781.9,2026-08-03,17:51:00,2026-08-03 17:51:00
IND-USR-085,27.330861,88.604304,592.9,2026-08-03,17:55:00,2026-08-03 17:55:00
IND-USR-085,27.344943,88.607559,162.5,2026-08-03,18:09:00,2026-08-03 18:09:00
IND-USR-085,27.334107,88.610569,86.3,2026-08-03,18:29:00,2026-08-03 18:29:00
IND-USR-085,27.343825,88.606916,892.6,2026-08-03,18:37:00,2026-08-03 18:37:00
IND-USR-085,27.347039,88.609786,467.6,2026-08-03,18:52:00,2026-08-03 18:52:00
IND-USR-085,27.341631,88.603286,62.5,2026-08-03,19:10:00,2026-08-03 19:10:00
IND-USR-085,27.34141,88.607367,533.7,2026-08-03,19:24:00,2026-08-03 19:24:00
IND-USR-085,27.340979,88.603762,920.7,2026-08-03,19:37:00,2026-08-03 19:37:00
IND-USR-085,27.339412,88.603233,800.9,2026-08-03,19:52:00,2026-08-03 19:52:00
IND-USR-085,27.330311,88.610493,442.9,2026-08-03,20:06:00,2026-08-03 20:06:00
IND-USR-085,27.33289,88.606929,370.2,2026-08-03,20:09:00,2026-08-03 20:09:00
IND-USR-085,27.340232,88.607806,884.1,2026-08-03,20:23:00,2026-08-03 20:23:00
IND-USR-085,27.337768,88.607585,546.1,2026-08-03,20:27:00,2026-08-03 20:27:00
IND-USR-085,27.340784,88.60944,350.3,2026-08-03,20:41:00,2026-08-03 20:41:00
IND-USR-085,27.345834,88.607437,295.0,2026-08-03,20:44:00,2026-08-03 20:44:00
IND-USR-085,27.339156,88.602873,742.1,2026-08-03,20:55:00,2026-08-03 20:55:00
IND-USR-086,27.340644,88.60917,424.5,2026-08-05,06:03:00,2026-08-05 06:03:00
IND-USR-086,27.338131,88.608678,378.0,2026-08-05,06:18:00,2026-08-05 06:18:00
IND-USR-086,27.33773,88.609184,653.8,2026-08-05,06:26:00,2026-08-05 06:26:00
IND-USR-086,27.34255,88.610095,684.2,2026-08-05,06:34:00,2026-08-05 06:34:00
IND-USR-086,27.339371,88.60234,401.8,2026-08-05,06:54:00,2026-08-05 06:54:00
IND-USR-086,27.336452,88.608881,294.2,2026-08-05,06:56:00,2026-08-05 06:56:00
IND-USR-086,27.348695,88.605137,167.2,2026-08-05,07:10:00,2026-08-05 07:10:00
IND-USR-086,27.340723,88.604276,131.7,2026-08-05,07:18:00,2026-08-05 07:18:00
IND-USR-086,27.335004,88.603795,372.2,2026-08-05,07:25:00,2026-08-05 07:25:00
IND-USR-086,27.33057,88.611914,839.1,2026-08-05,07:40:00,2026-08-05 07:40:00
IND-USR-086,27.329979,88.605445,93.2,2026-08-05,07:45:00,2026-08-05 07:45:00
IND-USR-086,27.334187,88.602962,250.4,2026-08-05,07:51:00,2026-08-05 07:51:00
IND-USR-086,27.344406,88.607304,635.5,2026-08-05,08:06:00,2026-08-05 08:06:00
IND-USR-086,27.335038,88.604142,894.4,2026-08-05,08:18:00,2026-08-05 08:18:00
IND-USR-086,27.335838,88.606326,663.7,2026-08-05,08:37:00,2026-08-05 08:37:00
IND-USR-086,27.339592,88.614082,643.1,2026-08-05,08:47:00,2026-08-05 08:47:00
IND-USR-086,27.331235,88.606361,648.4,2026-08-05,08:52:00,2026-08-05 08:52:00
IND-USR-086,27.337638,88.610286,608.1,2026-08-05,09:10:00,2026-08-05 09:10:00
IND-USR-086,27.340319,88.608861,511.8,2026-08-05,09:13:00,2026-08-05 09:13:00
IND-USR-086,27.34028,88.602772,902.2,2026-08-05,09:30:00,2026-08-05 09:30:00
IND-USR-086,27.343745,88.609694,705.5,2026-08-05,09:35:00,2026-08-05 09:35:00
IND-USR-086,27.342562,88.611556,148.7,2026-08-05,09:50:00,2026-08-05 09:50:00
IND-USR-086,27.340571,88.612424,690.9,2026-08-05,09:59:00,2026-08-05 09:59:00
IND-USR-086,27.340411,88.605624,628.5,2026-08-05,10:03:00,2026-08-05 10:03:00
IND-USR-086,27.338874,88.606405,651.7,2026-08-05,10:23:00,2026-08-05 10:23:00
IND-USR-086,27.336822,88.613028,217.4,2026-08-05,10:33:00,2026-08-05 10:33:00
IND-USR-086,27.340085,88.606879,328.5,2026-08-05,10:52:00,2026-08-05 10:52:00
IND-USR-086,27.340453,88.618419,844.1,2026-08-05,11:01:00,2026-08-05 11:01:00
IND-USR-086,27.334373,88.60312,900.4,2026-08-05,11:12:00,2026-08-05 11:12:00
IND-USR-086,27.333378,88.60557,845.6,2026-08-05,11:19:00,2026-08-05 11:19:00
IND-USR-086,27.339882,88.604639,352.8,2026-08-05,11:22:00,2026-08-05 11:22:00
IND-USR-086,27.336741,88.60707,221.4,2026-08-05,11:31:00,2026-08-05 11:31:00
IND-USR-086,27.336892,88.607741,902.3,2026-08-05,11:41:00,2026-08-05 11:41:00
IND-USR-086,27.343357,88.609208,770.4,2026-08-05,11:44:00,2026-08-05 11:44:00
IND-USR-086,27.342424,88.610844,82.9,2026-08-05,11:53:00,2026-08-05 11:53:00
IND-USR-086,27.340031,88.605865,807.4,2026-08-05,12:06:00,2026-08-05 12:06:00
IND-USR-086,27.335811,88.604935,479.5,2026-08-05,12:24:00,2026-08-05 12:24:00
IND-USR-086,27.336805,88.609427,361.4,2026-08-05,12:26:00,2026-08-05 12:26:00
IND-USR-086,27.340287,88.609287,357.6,2026-08-05,12:36:00,2026-08-05 12:36:00
IND-USR-086,27.334259,88.612227,741.7,2026-08-05,12:52:00,2026-08-05 12:52:00
IND-USR-086,27.337192,88.6021,871.2,2026-08-05,13:06:00,2026-08-05 13:06:00
IND-USR-086,27.337143,88.616435,644.6,2026-08-05,13:26:00,2026-08-05 13:26:00
IND-USR-086,27.337349,88.6052,321.0,2026-08-05,13:43:00,2026-08-05 13:43:00
IND-USR-086,27.338132,88.605906,387.3,2026-08-05,13:59:00,2026-08-05 13:59:00
IND-USR-086,27.335774,88.607073,688.4,2026-08-05,14:09:00,2026-08-05 14:09:00
IND-USR-086,27.343202,88.607757,900.2,2026-08-05,14:21:00,2026-08-05 14:21:00
IND-USR-086,27.334455,88.605123,919.0,2026-08-05,14:34:00,2026-08-05 14:34:00
IND-USR-086,27.336694,88.606712,358.5,2026-08-05,14:49:00,2026-08-05 14:49:00
IND-USR-086,27.344222,88.605904,941.7,2026-08-05,15:06:00,2026-08-05 15:06:00
IND-USR-086,27.338547,88.613611,379.4,2026-08-05,15:16:00,2026-08-05 15:16:00
IND-USR-086,27.342405,88.608796,369.4,2026-08-05,15:34:00,2026-08-05 15:34:00
IND-USR-086,27.346733,88.608459,415.1,2026-08-05,15:38:00,2026-08-05 15:38:00
IND-USR-086,27.330954,88.609831,128.9,2026-08-05,15:48:00,2026-08-05 15:48:00
IND-USR-086,27.332532,88.608308,332.7,2026-08-05,15:55:00,2026-08-05 15:55:00
IND-USR-086,27.332045,88.604633,30.8,2026-08-05,16:08:00,2026-08-05 16:08:00
IND-USR-086,27.337445,88.60342,548.3,2026-08-05,16:10:00,2026-08-05 16:10:00
IND-USR-086,27.337505,88.61063,487.6,2026-08-05,16:21:00,2026-08-05 16:21:00
IND-USR-086,27.336044,88.608681,184.2,2026-08-05,16:33:00,2026-08-05 16:33:00
IND-USR-086,27.335037,88.605742,570.2,2026-08-05,16:47:00,2026-08-05 16:47:00
IND-USR-086,27.340195,88.602514,749.3,2026-08-05,16:59:00,2026-08-05 16:59:00
IND-USR-086,27.333653,88.608468,551.2,2026-08-05,17:12:00,2026-08-05 17:12:00
IND-USR-086,27.343392,88.606184,294.0,2026-08-05,17:26:00,2026-08-05 17:26:00
IND-USR-086,27.337071,88.607123,180.8,2026-08-05,17:42:00,2026-08-05 17:42:00
IND-USR-086,27.339122,88.607472,22.7,2026-08-05,17:51:00,2026-08-05 17:51:00
IND-USR-086,27.328787,88.602224,138.5,2026-08-05,18:01:00,2026-08-05 18:01:00
IND-USR-086,27.335519,88.607103,740.3,2026-08-05,18:14:00,2026-08-05 18:14:00
IND-USR-086,27.339644,88.609045,938.1,2026-08-05,18:34:00,2026-08-05 18:34:00
IND-USR-086,27.33993,88.601297,180.7,2026-08-05,18:44:00,2026-08-05 18:44:00
IND-USR-086,27.344688,88.611588,887.1,2026-08-05,18:49:00,2026-08-05 18:49:00
IND-USR-086,27.333867,88.607831,59.5,2026-08-05,19:00:00,2026-08-05 19:00:00
IND-USR-086,27.336518,88.607055,621.6,2026-08-05,19:10:00,2026-08-05 19:10:00
IND-USR-086,27.343113,88.61502,193.7,2026-08-05,19:30:00,2026-08-05 19:30:00
IND-USR-086,27.341905,88.60768,894.5,2026-08-05,19:37:00,2026-08-05 19:37:00
IND-USR-086,27.337541,88.607229,292.9,2026-08-05,19:42:00,2026-08-05 19:42:00
IND-USR-086,27.344339,88.606321,843.0,2026-08-05,19:54:00,2026-08-05 19:54:00
IND-USR-086,27.335356,88.600021,685.3,2026-08-05,20:02:00,2026-08-05 20:02:00
IND-USR-086,27.340952,88.607489,435.6,2026-08-05,20:05:00,2026-08-05 20:05:00
IND-USR-086,27.336316,88.610604,216.8,2026-08-05,20:20:00,2026-08-05 20:20:00
IND-USR-086,27.337213,88.605961,222.4,2026-08-05,20:36:00,2026-08-05 20:36:00
IND-USR-086,27.338833,88.605096,38.2,2026-08-05,20:38:00,2026-08-05 20:38:00
IND-USR-086,27.339843,88.611106,475.9,2026-08-05,20:43:00,2026-08-05 20:43:00
IND-USR-086,27.33433,88.608454,782.6,2026-08-05,21:01:00,2026-08-05 21:01:00
IND-USR-086,27.339589,88.607115,143.6,2026-08-05,21:08:00,2026-08-05 21:08:00
IND-USR-086,27.342387,88.606697,84.6,2026-08-05,21:13:00,2026-08-05 21:13:00
IND-USR-086,27.340821,88.609363,429.8,2026-08-05,21:32:00,2026-08-05 21:32:00
IND-USR-086,27.336883,88.607697,274.0,2026-08-05,21:51:00,2026-08-05 21:51:00
IND-USR-086,27.337897,88.605969,206.6,2026-08-05,21:58:00,2026-08-05 21:58:00
IND-USR-086,27.337612,88.608384,704.8,2026-08-05,22:08:00,2026-08-05 22:08:00
IND-USR-086,27.339227,88.608078,417.0,2026-08-05,22:15:00,2026-08-05 22:15:00
IND-USR-086,27.33883,88.600084,759.7,2026-08-05,22:33:00,2026-08-05 22:33:00
IND-USR-086,27.339025,88.606754,261.0,2026-08-05,22:43:00,2026-08-05 22:43:00
IND-USR-086,27.33987,88.604125,55.7,2026-08-05,23:00:00,2026-08-05 23:00:00
IND-USR-086,27.334118,88.608998,192.4,2026-08-05,23:17:00,2026-08-05 23:17:00
IND-USR-086,27.337806,88.607185,827.5,2026-08-05,23:24:00,2026-08-05 23:24:00
IND-USR-086,27.337774,88.606476,660.0,2026-08-05,23:26:00,2026-08-05 23:26:00
IND-USR-086,27.337103,88.602628,758.8,2026-08-05,23:41:00,2026-08-05 23:41:00
IND-USR-086,27.340795,88.604088,219.2,2026-08-05,23:47:00,2026-08-05 23:47:00
IND-USR-086,27.339556,88.608142,445.0,2026-08-06,00:03:00,2026-08-06 00:03:00
IND-USR-086,27.336553,88.601684,552.7,2026-08-06,00:09:00,2026-08-06 00:09:00
IND-USR-087,27.348604,88.604389,187.0,2026-08-07,06:15:00,2026-08-07 06:15:00
IND-USR-087,27.341394,88.614258,13.2,2026-08-07,06:31:00,2026-08-07 06:31:00
IND-USR-087,27.34206,88.605298,866.4,2026-08-07,06:41:00,2026-08-07 06:41:00
IND-USR-087,27.338632,88.60317,879.5,2026-08-07,06:44:00,2026-08-07 06:44:00
IND-USR-087,27.342427,88.608765,776.4,2026-08-07,06:57:00,2026-08-07 06:57:00
IND-USR-087,27.336842,88.602331,886.5,2026-08-07,07:13:00,2026-08-07 07:13:00
IND-USR-087,27.333615,88.610446,33.1,2026-08-07,07:17:00,2026-08-07 07:17:00
IND-USR-087,27.339381,88.60736,316.0,2026-08-07,07:30:00,2026-08-07 07:30:00
IND-USR-087,27.335608,88.600646,628.8,2026-08-07,07:48:00,2026-08-07 07:48:00
IND-USR-087,27.34275,88.606668,44.2,2026-08-07,07:51:00,2026-08-07 07:51:00
IND-USR-087,27.342529,88.604956,464.8,2026-08-07,07:57:00,2026-08-07 07:57:00
IND-USR-087,27.337953,88.609353,695.7,2026-08-07,08:04:00,2026-08-07 08:04:00
IND-USR-087,27.341829,88.60969,300.6,2026-08-07,08:08:00,2026-08-07 08:08:00
IND-USR-087,27.337719,88.608958,445.3,2026-08-07,08:20:00,2026-08-07 08:20:00
IND-USR-087,27.343336,88.606081,122.7,2026-08-07,08:28:00,2026-08-07 08:28:00
IND-USR-087,27.336846,88.611871,578.0,2026-08-07,08:30:00,2026-08-07 08:30:00
IND-USR-087,27.336282,88.609018,919.6,2026-08-07,08:39:00,2026-08-07 08:39:00
IND-USR-087,27.338666,88.599134,733.1,2026-08-07,08:44:00,2026-08-07 08:44:00
IND-USR-087,27.343414,88.595469,727.3,2026-08-07,08:52:00,2026-08-07 08:52:00
IND-USR-087,27.330963,88.608609,767.8,2026-08-07,09:10:00,2026-08-07 09:10:00
IND-USR-087,27.341008,88.60395,474.7,2026-08-07,09:14:00,2026-08-07 09:14:00
IND-USR-087,27.339491,88.596374,863.9,2026-08-07,09:21:00,2026-08-07 09:21:00
IND-USR-087,27.341728,88.607499,124.3,2026-08-07,09:29:00,2026-08-07 09:29:00
IND-USR-087,27.338717,88.606583,595.1,2026-08-07,09:43:00,2026-08-07 09:43:00
IND-USR-087,27.340873,88.606384,676.6,2026-08-07,09:56:00,2026-08-07 09:56:00
IND-USR-087,27.331404,88.615285,739.0,2026-08-07,10:14:00,2026-08-07 10:14:00
IND-USR-087,27.343703,88.60136,862.1,2026-08-07,10:21:00,2026-08-07 10:21:00
IND-USR-087,27.337519,88.605556,574.9,2026-08-07,10:23:00,2026-08-07 10:23:00
IND-USR-087,27.343215,88.597863,551.1,2026-08-07,10:30:00,2026-08-07 10:30:00
IND-USR-087,27.336904,88.599457,747.0,2026-08-07,10:47:00,2026-08-07 10:47:00
IND-USR-087,27.33776,88.60461,130.2,2026-08-07,11:00:00,2026-08-07 11:00:00
IND-USR-087,27.339219,88.604081,918.4,2026-08-07,11:13:00,2026-08-07 11:13:00
IND-USR-087,27.335896,88.608979,787.6,2026-08-07,11:26:00,2026-08-07 11:26:00
IND-USR-087,27.340719,88.608706,865.0,2026-08-07,11:34:00,2026-08-07 11:34:00
IND-USR-087,27.338192,88.604213,168.8,2026-08-07,11:40:00,2026-08-07 11:40:00
IND-USR-087,27.338425,88.608505,223.2,2026-08-07,11:56:00,2026-08-07 11:56:00
IND-USR-087,27.330193,88.608076,850.0,2026-08-07,12:04:00,2026-08-07 12:04:00
IND-USR-087,27.340137,88.606749,11.3,2026-08-07,12:11:00,2026-08-07 12:11:00
IND-USR-087,27.338303,88.596236,811.7,2026-08-07,12:24:00,2026-08-07 12:24:00
IND-USR-087,27.337141,88.613658,744.9,2026-08-07,12:33:00,2026-08-07 12:33:00
IND-USR-087,27.338952,88.605271,131.5,2026-08-07,12:42:00,2026-08-07 12:42:00
IND-USR-087,27.338968,88.607919,411.2,2026-08-07,12:57:00,2026-08-07 12:57:00
IND-USR-087,27.341535,88.605584,339.0,2026-08-07,13:15:00,2026-08-07 13:15:00
IND-USR-087,27.3406,88.613207,451.4,2026-08-07,13:18:00,2026-08-07 13:18:00
IND-USR-087,27.342925,88.615861,863.0,2026-08-07,13:22:00,2026-08-07 13:22:00
IND-USR-087,27.336273,88.613205,927.6,2026-08-07,13:41:00,2026-08-07 13:41:00
IND-USR-087,27.335737,88.607914,490.8,2026-08-07,13:44:00,2026-08-07 13:44:00
IND-USR-087,27.34183,88.604457,580.7,2026-08-07,13:58:00,2026-08-07 13:58:00
IND-USR-087,27.339252,88.610142,728.6,2026-08-07,14:03:00,2026-08-07 14:03:00
IND-USR-087,27.336059,88.613178,790.0,2026-08-07,14:10:00,2026-08-07 14:10:00
IND-USR-087,27.333362,88.614259,368.3,2026-08-07,14:18:00,2026-08-07 14:18:00
IND-USR-087,27.342905,88.606141,23.3,2026-08-07,14:23:00,2026-08-07 14:23:00
IND-USR-087,27.337289,88.604472,156.6,2026-08-07,14:28:00,2026-08-07 14:28:00
IND-USR-087,27.338357,88.606306,343.0,2026-08-07,14:33:00,2026-08-07 14:33:00
IND-USR-087,27.343921,88.614375,218.9,2026-08-07,14:52:00,2026-08-07 14:52:00
IND-USR-087,27.339698,88.603117,647.1,2026-08-07,15:11:00,2026-08-07 15:11:00
IND-USR-087,27.336717,88.605768,673.7,2026-08-07,15:18:00,2026-08-07 15:18:00
IND-USR-087,27.33478,88.601784,636.2,2026-08-07,15:35:00,2026-08-07 15:35:00
IND-USR-087,27.347289,88.60771,877.7,2026-08-07,15:50:00,2026-08-07 15:50:00
IND-USR-087,27.335567,88.609766,512.1,2026-08-07,16:00:00,2026-08-07 16:00:00
IND-USR-087,27.334187,88.602116,742.6,2026-08-07,16:10:00,2026-08-07 16:10:00
IND-USR-087,27.335688,88.613118,198.3,2026-08-07,16:27:00,2026-08-07 16:27:00
IND-USR-087,27.337888,88.596733,718.5,2026-08-07,16:43:00,2026-08-07 16:43:00
IND-USR-087,27.34374,88.605274,146.4,2026-08-07,16:49:00,2026-08-07 16:49:00
IND-USR-087,27.331502,88.605233,933.2,2026-08-07,16:57:00,2026-08-07 16:57:00
IND-USR-087,27.340984,88.608116,143.1,2026-08-07,17:03:00,2026-08-07 17:03:00
IND-USR-087,27.346094,88.603089,874.5,2026-08-07,17:10:00,2026-08-07 17:10:00
IND-USR-087,27.339087,88.603702,25.9,2026-08-07,17:28:00,2026-08-07 17:28:00
IND-USR-087,27.332731,88.610042,719.1,2026-08-07,17:33:00,2026-08-07 17:33:00
IND-USR-087,27.340753,88.607635,248.5,2026-08-07,17:44:00,2026-08-07 17:44:00
IND-USR-087,27.340607,88.603758,335.3,2026-08-07,17:50:00,2026-08-07 17:50:00
IND-USR-087,27.334877,88.606651,155.0,2026-08-07,18:10:00,2026-08-07 18:10:00
IND-USR-087,27.343545,88.612932,177.9,2026-08-07,18:17:00,2026-08-07 18:17:00
IND-USR-087,27.342082,88.606617,390.7,2026-08-07,18:30:00,2026-08-07 18:30:00
IND-USR-087,27.339979,88.606546,182.1,2026-08-07,18:44:00,2026-08-07 18:44:00
IND-USR-087,27.334796,88.606599,208.4,2026-08-07,18:56:00,2026-08-07 18:56:00
IND-USR-087,27.333561,88.606004,856.2,2026-08-07,18:59:00,2026-08-07 18:59:00
IND-USR-087,27.345444,88.609791,793.1,2026-08-07,19:08:00,2026-08-07 19:08:00
IND-USR-087,27.335208,88.60621,822.6,2026-08-07,19:25:00,2026-08-07 19:25:00
IND-USR-087,27.335562,88.60625,72.7,2026-08-07,19:34:00,2026-08-07 19:34:00
IND-USR-087,27.343064,88.609112,509.7,2026-08-07,19:39:00,2026-08-07 19:39:00
IND-USR-087,27.348837,88.61127,383.0,2026-08-07,19:49:00,2026-08-07 19:49:00
IND-USR-087,27.339716,88.609209,269.2,2026-08-07,20:06:00,2026-08-07 20:06:00
IND-USR-087,27.33809,88.60199,15.9,2026-08-07,20:15:00,2026-08-07 20:15:00
IND-USR-087,27.344123,88.610536,225.4,2026-08-07,20:27:00,2026-08-07 20:27:00
IND-USR-087,27.337936,88.607596,902.8,2026-08-07,20:46:00,2026-08-07 20:46:00
IND-USR-087,27.343864,88.609885,624.0,2026-08-07,20:51:00,2026-08-07 20:51:00
IND-USR-087,27.333048,88.607474,149.6,2026-08-07,21:03:00,2026-08-07 21:03:00
IND-USR-087,27.338229,88.610952,216.6,2026-08-07,21:07:00,2026-08-07 21:07:00
IND-USR-087,27.343024,88.611774,174.0,2026-08-07,21:21:00,2026-08-07 21:21:00
IND-USR-087,27.334428,88.603364,488.2,2026-08-07,21:24:00,2026-08-07 21:24:00
IND-USR-087,27.343356,88.604133,634.1,2026-08-07,21:35:00,2026-08-07 21:35:00
IND-USR-087,27.332814,88.60863,546.7,2026-08-07,21:44:00,2026-08-07 21:44:00
IND-USR-087,27.336711,88.613659,627.4,2026-08-07,22:01:00,2026-08-07 22:01:00
IND-USR-087,27.340085,88.607141,69.5,2026-08-07,22:15:00,2026-08-07 22:15:00
IND-USR-087,27.337423,88.612863,753.3,2026-08-07,22:25:00,2026-08-07 22:25:00
IND-USR-087,27.340334,88.604866,349.8,2026-08-07,22:28:00,2026-08-07 22:28:00
IND-USR-087,27.335724,88.606206,544.6,2026-08-07,22:38:00,2026-08-07 22:38:00
IND-USR-087,27.334989,88.610616,890.6,2026-08-07,22:45:00,2026-08-07 22:45:00
IND-USR-087,27.331667,88.605942,356.2,2026-08-07,22:49:00,2026-08-07 22:49:00
IND-USR-088,27.341341,88.607868,82.8,2026-08-07,06:04:00,2026-08-07 06:04:00
IND-USR-088,27.336031,88.609141,320.2,2026-08-07,06:16:00,2026-08-07 06:16:00
IND-USR-088,27.335356,88.60641,25.9,2026-08-07,06:26:00,2026-08-07 06:26:00
IND-USR-088,27.341507,88.608352,551.7,2026-08-07,06:30:00,2026-08-07 06:30:00
IND-USR-088,27.3362,88.61129,566.9,2026-08-07,06:44:00,2026-08-07 06:44:00
IND-USR-088,27.339247,88.609472,565.5,2026-08-07,06:52:00,2026-08-07 06:52:00
IND-USR-088,27.345016,88.61097,524.3,2026-08-07,07:08:00,2026-08-07 07:08:00
IND-USR-088,27.343381,88.607271,766.6,2026-08-07,07:21:00,2026-08-07 07:21:00
IND-USR-088,27.342076,88.607354,458.5,2026-08-07,07:24:00,2026-08-07 07:24:00
IND-USR-088,27.334063,88.607711,772.5,2026-08-07,07:26:00,2026-08-07 07:26:00
IND-USR-088,27.339925,88.608835,248.4,2026-08-07,07:28:00,2026-08-07 07:28:00
IND-USR-088,27.338388,88.603454,927.8,2026-08-07,07:43:00,2026-08-07 07:43:00
IND-USR-088,27.341526,88.601247,76.9,2026-08-07,07:45:00,2026-08-07 07:45:00
IND-USR-088,27.344735,88.605574,100.3,2026-08-07,08:02:00,2026-08-07 08:02:00
IND-USR-088,27.339882,88.608734,150.7,2026-08-07,08:06:00,2026-08-07 08:06:00
IND-USR-088,27.341263,88.600864,894.4,2026-08-07,08:10:00,2026-08-07 08:10:00
IND-USR-088,27.342196,88.607713,239.0,2026-08-07,08:30:00,2026-08-07 08:30:00
IND-USR-088,27.336359,88.603501,861.6,2026-08-07,08:45:00,2026-08-07 08:45:00
IND-USR-088,27.337564,88.601305,445.0,2026-08-07,08:59:00,2026-08-07 08:59:00
IND-USR-088,27.345789,88.612445,618.4,2026-08-07,09:19:00,2026-08-07 09:19:00
IND-USR-088,27.340707,88.605606,44.2,2026-08-07,09:33:00,2026-08-07 09:33:00
IND-USR-088,27.338112,88.609532,456.1,2026-08-07,09:51:00,2026-08-07 09:51:00
IND-USR-088,27.345931,88.604218,165.1,2026-08-07,09:55:00,2026-08-07 09:55:00
IND-USR-088,27.33443,88.612691,849.6,2026-08-07,10:12:00,2026-08-07 10:12:00
IND-USR-088,27.331751,88.602466,85.1,2026-08-07,10:21:00,2026-08-07 10:21:00
IND-USR-088,27.337913,88.600258,133.9,2026-08-07,10:28:00,2026-08-07 10:28:00
IND-USR-088,27.343349,88.609928,644.5,2026-08-07,10:42:00,2026-08-07 10:42:00
IND-USR-088,27.336601,88.611618,442.8,2026-08-07,10:44:00,2026-08-07 10:44:00
IND-USR-088,27.344697,88.606047,663.7,2026-08-07,10:56:00,2026-08-07 10:56:00
IND-USR-088,27.337097,88.615538,512.7,2026-08-07,11:14:00,2026-08-07 11:14:00
IND-USR-088,27.341785,88.607525,619.8,2026-08-07,11:31:00,2026-08-07 11:31:00
IND-USR-088,27.344354,88.607708,341.3,2026-08-07,11:46:00,2026-08-07 11:46:00
IND-USR-088,27.336878,88.606821,894.3,2026-08-07,11:54:00,2026-08-07 11:54:00
IND-USR-088,27.343055,88.598531,856.1,2026-08-07,12:14:00,2026-08-07 12:14:00
IND-USR-088,27.337748,88.612032,200.8,2026-08-07,12:25:00,2026-08-07 12:25:00
IND-USR-088,27.336853,88.612684,602.2,2026-08-07,12:29:00,2026-08-07 12:29:00
IND-USR-088,27.344559,88.606238,319.1,2026-08-07,12:43:00,2026-08-07 12:43:00
IND-USR-088,27.336626,88.605351,39.0,2026-08-07,12:51:00,2026-08-07 12:51:00
IND-USR-088,27.349558,88.613998,641.8,2026-08-07,13:09:00,2026-08-07 13:09:00
IND-USR-088,27.339402,88.604067,608.7,2026-08-07,13:29:00,2026-08-07 13:29:00
IND-USR-088,27.339368,88.607475,229.2,2026-08-07,13:36:00,2026-08-07 13:36:00
IND-USR-088,27.333927,88.60682,52.9,2026-08-07,13:42:00,2026-08-07 13:42:00
IND-USR-088,27.34419,88.599303,560.9,2026-08-07,13:47:00,2026-08-07 13:47:00
IND-USR-088,27.342206,88.611999,801.6,2026-08-07,14:00:00,2026-08-07 14:00:00
IND-USR-088,27.336658,88.613277,467.1,2026-08-07,14:13:00,2026-08-07 14:13:00
IND-USR-088,27.336139,88.608264,266.0,2026-08-07,14:27:00,2026-08-07 14:27:00
IND-USR-088,27.337673,88.605272,539.3,2026-08-07,14:38:00,2026-08-07 14:38:00
IND-USR-088,27.336431,88.609294,761.6,2026-08-07,14:54:00,2026-08-07 14:54:00
IND-USR-088,27.342295,88.606242,461.1,2026-08-07,15:05:00,2026-08-07 15:05:00
IND-USR-088,27.33346,88.608113,11.1,2026-08-07,15:08:00,2026-08-07 15:08:00
IND-USR-088,27.340588,88.605633,920.1,2026-08-07,15:23:00,2026-08-07 15:23:00
IND-USR-088,27.346369,88.600244,381.9,2026-08-07,15:39:00,2026-08-07 15:39:00
IND-USR-088,27.330031,88.603577,522.1,2026-08-07,15:50:00,2026-08-07 15:50:00
IND-USR-088,27.341742,88.602277,476.6,2026-08-07,16:05:00,2026-08-07 16:05:00
IND-USR-088,27.334976,88.610304,548.1,2026-08-07,16:16:00,2026-08-07 16:16:00
IND-USR-088,27.34075,88.608008,433.1,2026-08-07,16:36:00,2026-08-07 16:36:00
IND-USR-088,27.342026,88.604799,841.7,2026-08-07,16:47:00,2026-08-07 16:47:00
IND-USR-088,27.337384,88.609739,404.6,2026-08-07,16:51:00,2026-08-07 16:51:00
IND-USR-088,27.33352,88.597929,372.5,2026-08-07,16:59:00,2026-08-07 16:59:00
IND-USR-088,27.337167,88.610223,411.0,2026-08-07,17:12:00,2026-08-07 17:12:00
IND-USR-088,27.339922,88.609929,251.5,2026-08-07,17:15:00,2026-08-07 17:15:00
IND-USR-088,27.330835,88.607762,41.0,2026-08-07,17:27:00,2026-08-07 17:27:00
IND-USR-088,27.341515,88.601097,239.6,2026-08-07,17:42:00,2026-08-07 17:42:00
IND-USR-088,27.342348,88.606054,667.1,2026-08-07,17:54:00,2026-08-07 17:54:00
IND-USR-088,27.351185,88.597791,197.2,2026-08-07,18:11:00,2026-08-07 18:11:00
IND-USR-088,27.344376,88.604923,704.8,2026-08-07,18:31:00,2026-08-07 18:31:00
IND-USR-088,27.332431,88.604392,541.1,2026-08-07,18:41:00,2026-08-07 18:41:00
IND-USR-088,27.34001,88.61065,915.1,2026-08-07,18:48:00,2026-08-07 18:48:00
IND-USR-088,27.345788,88.612188,84.3,2026-08-07,19:04:00,2026-08-07 19:04:00
IND-USR-088,27.335038,88.611021,621.1,2026-08-07,19:24:00,2026-08-07 19:24:00
IND-USR-088,27.340465,88.603882,545.2,2026-08-07,19:30:00,2026-08-07 19:30:00
IND-USR-088,27.338052,88.603661,219.4,2026-08-07,19:44:00,2026-08-07 19:44:00
IND-USR-088,27.339048,88.603581,56.6,2026-08-07,19:52:00,2026-08-07 19:52:00
IND-USR-088,27.334788,88.608416,568.0,2026-08-07,20:05:00,2026-08-07 20:05:00
IND-USR-088,27.341415,88.60575,178.5,2026-08-07,20:07:00,2026-08-07 20:07:00
IND-USR-088,27.344371,88.605458,113.5,2026-08-07,20:20:00,2026-08-07 20:20:00
IND-USR-088,27.337689,88.609142,161.4,2026-08-07,20:38:00,2026-08-07 20:38:00
IND-USR-088,27.33837,88.606839,644.0,2026-08-07,20:53:00,2026-08-07 20:53:00
IND-USR-088,27.328818,88.606567,291.7,2026-08-07,21:08:00,2026-08-07 21:08:00
IND-USR-088,27.331591,88.601616,812.1,2026-08-07,21:12:00,2026-08-07 21:12:00
IND-USR-088,27.333559,88.60233,871.2,2026-08-07,21:23:00,2026-08-07 21:23:00
IND-USR-088,27.336705,88.604554,800.1,2026-08-07,21:42:00,2026-08-07 21:42:00
IND-USR-088,27.341557,88.60739,585.0,2026-08-07,21:54:00,2026-08-07 21:54:00
IND-USR-088,27.331296,88.606833,877.2,2026-08-07,22:07:00,2026-08-07 22:07:00
IND-USR-088,27.340173,88.605186,628.0,2026-08-07,22:22:00,2026-08-07 22:22:00
IND-USR-088,27.338656,88.607261,290.6,2026-08-07,22:31:00,2026-08-07 22:31:00
IND-USR-088,27.341958,88.6002,718.5,2026-08-07,22:43:00,2026-08-07 22:43:00
IND-USR-088,27.337923,88.612533,710.6,2026-08-07,22:54:00,2026-08-07 22:54:00
IND-USR-088,27.344567,88.609904,676.5,2026-08-07,23:05:00,2026-08-07 23:05:00
IND-USR-088,27.341047,88.613119,754.2,2026-08-07,23:09:00,2026-08-07 23:09:00
IND-USR-088,27.346571,88.605984,585.3,2026-08-07,23:20:00,2026-08-07 23:20:00
IND-USR-088,27.335022,88.605419,545.2,2026-08-07,23:34:00,2026-08-07 23:34:00
IND-USR-088,27.351287,88.600223,239.9,2026-08-07,23:54:00,2026-08-07 23:54:00
IND-USR-088,27.337018,88.600849,793.8,2026-08-08,00:03:00,2026-08-08 00:03:00
IND-USR-088,27.339399,88.601689,269.2,2026-08-08,00:13:00,2026-08-08 00:13:00
IND-USR-088,27.338465,88.5987,278.0,2026-08-08,00:29:00,2026-08-08 00:29:00
IND-USR-088,27.34137,88.611389,838.1,2026-08-08,00:49:00,2026-08-08 00:49:00
IND-USR-089,13.081164,80.270159,504.3,2026-08-07,06:02:00,2026-08-07 06:02:00
IND-USR-089,13.082046,80.271424,171.1,2026-08-07,06:21:00,2026-08-07 06:21:00
IND-USR-089,13.082547,80.273772,54.9,2026-08-07,06:30:00,2026-08-07 06:30:00
IND-USR-089,13.087632,80.267444,480.5,2026-08-07,06:42:00,2026-08-07 06:42:00
IND-USR-089,13.081463,80.274306,579.1,2026-08-07,06:48:00,2026-08-07 06:48:00
IND-USR-089,13.077013,80.262817,690.1,2026-08-07,07:05:00,2026-08-07 07:05:00
IND-USR-089,13.083605,80.272685,939.0,2026-08-07,07:13:00,2026-08-07 07:13:00
IND-USR-089,13.079811,80.268385,614.0,2026-08-07,07:32:00,2026-08-07 07:32:00
IND-USR-089,13.079659,80.267232,557.7,2026-08-07,07:50:00,2026-08-07 07:50:00
IND-USR-089,11.019574,76.951078,103.8,2026-08-07,08:00:00,2026-08-07 08:00:00
IND-USR-089,11.015738,76.952179,107.4,2026-08-07,08:07:00,2026-08-07 08:07:00
IND-USR-089,11.010979,76.959281,947.8,2026-08-07,08:09:00,2026-08-07 08:09:00
IND-USR-089,11.014721,76.956554,428.8,2026-08-07,08:29:00,2026-08-07 08:29:00
IND-USR-089,11.010768,76.952832,659.8,2026-08-07,08:32:00,2026-08-07 08:32:00
IND-USR-089,11.019824,76.966149,818.8,2026-08-07,08:37:00,2026-08-07 08:37:00
IND-USR-089,11.008895,76.954996,460.2,2026-08-07,08:40:00,2026-08-07 08:40:00
IND-USR-089,11.018449,76.953336,855.3,2026-08-07,08:51:00,2026-08-07 08:51:00
IND-USR-089,11.020198,76.952333,336.9,2026-08-07,09:09:00,2026-08-07 09:09:00
IND-USR-089,11.017415,76.953712,602.5,2026-08-07,09:20:00,2026-08-07 09:20:00
IND-USR-089,11.021678,76.953095,358.3,2026-08-07,09:35:00,2026-08-07 09:35:00
IND-USR-089,11.015393,76.959583,762.3,2026-08-07,09:52:00,2026-08-07 09:52:00
IND-USR-089,11.012688,76.956075,817.6,2026-08-07,09:58:00,2026-08-07 09:58:00
IND-USR-089,11.00951,76.951448,45.1,2026-08-07,10:04:00,2026-08-07 10:04:00
IND-USR-089,11.018329,76.951837,50.3,2026-08-07,10:06:00,2026-08-07 10:06:00
IND-USR-089,11.014622,76.957772,542.7,2026-08-07,10:16:00,2026-08-07 10:16:00
IND-USR-089,11.014483,76.959091,368.6,2026-08-07,10:27:00,2026-08-07 10:27:00
IND-USR-089,11.017663,76.957543,149.5,2026-08-07,10:31:00,2026-08-07 10:31:00
IND-USR-089,11.021764,76.957079,542.6,2026-08-07,10:40:00,2026-08-07 10:40:00
IND-USR-089,11.022955,76.959445,142.9,2026-08-07,10:42:00,2026-08-07 10:42:00
IND-USR-089,11.014706,76.960973,110.2,2026-08-07,10:55:00,2026-08-07 10:55:00
IND-USR-089,11.017855,76.954221,201.8,2026-08-07,11:00:00,2026-08-07 11:00:00
IND-USR-089,11.017914,76.960249,323.3,2026-08-07,11:16:00,2026-08-07 11:16:00
IND-USR-089,11.01862,76.96309,822.5,2026-08-07,11:30:00,2026-08-07 11:30:00
IND-USR-089,11.021146,76.957893,674.6,2026-08-07,11:48:00,2026-08-07 11:48:00
IND-USR-089,11.012696,76.955081,188.9,2026-08-07,12:02:00,2026-08-07 12:02:00
IND-USR-089,11.017087,76.958587,327.1,2026-08-07,12:22:00,2026-08-07 12:22:00
IND-USR-089,11.019349,76.956478,916.0,2026-08-07,12:39:00,2026-08-07 12:39:00
IND-USR-089,11.017281,76.958682,893.5,2026-08-07,12:58:00,2026-08-07 12:58:00
IND-USR-089,11.013366,76.962582,877.3,2026-08-07,13:02:00,2026-08-07 13:02:00
IND-USR-089,11.008611,76.961622,897.7,2026-08-07,13:10:00,2026-08-07 13:10:00
IND-USR-089,11.016619,76.95981,673.5,2026-08-07,13:20:00,2026-08-07 13:20:00
IND-USR-089,11.018255,76.957184,290.4,2026-08-07,13:39:00,2026-08-07 13:39:00
IND-USR-089,11.019017,76.959036,664.0,2026-08-07,13:49:00,2026-08-07 13:49:00
IND-USR-089,11.015485,76.959939,374.6,2026-08-07,14:03:00,2026-08-07 14:03:00
IND-USR-089,11.012462,76.955779,78.1,2026-08-07,14:07:00,2026-08-07 14:07:00
IND-USR-089,11.020144,76.95978,527.7,2026-08-07,14:26:00,2026-08-07 14:26:00
IND-USR-089,11.018643,76.954226,841.9,2026-08-07,14:29:00,2026-08-07 14:29:00
IND-USR-089,11.020387,76.953123,846.8,2026-08-07,14:40:00,2026-08-07 14:40:00
IND-USR-089,11.023806,76.955461,789.1,2026-08-07,14:48:00,2026-08-07 14:48:00
IND-USR-089,11.010641,76.951021,886.8,2026-08-07,14:55:00,2026-08-07 14:55:00
IND-USR-089,11.016975,76.956359,41.5,2026-08-07,15:01:00,2026-08-07 15:01:00
IND-USR-089,11.024679,76.951646,193.2,2026-08-07,15:10:00,2026-08-07 15:10:00
IND-USR-089,11.016958,76.951562,285.2,2026-08-07,15:26:00,2026-08-07 15:26:00
IND-USR-089,11.014829,76.962536,392.2,2026-08-07,15:36:00,2026-08-07 15:36:00
IND-USR-089,11.012255,76.958148,27.6,2026-08-07,15:41:00,2026-08-07 15:41:00
IND-USR-089,11.018372,76.955703,633.5,2026-08-07,15:50:00,2026-08-07 15:50:00
IND-USR-089,11.018878,76.95116,400.7,2026-08-07,16:10:00,2026-08-07 16:10:00
IND-USR-089,11.023425,76.963499,744.5,2026-08-07,16:24:00,2026-08-07 16:24:00
IND-USR-089,11.016988,76.965492,791.3,2026-08-07,16:43:00,2026-08-07 16:43:00
IND-USR-089,11.015204,76.957402,529.0,2026-08-07,16:46:00,2026-08-07 16:46:00
IND-USR-089,11.022528,76.953964,678.1,2026-08-07,16:58:00,2026-08-07 16:58:00
IND-USR-089,11.011274,76.949353,544.9,2026-08-07,17:04:00,2026-08-07 17:04:00
IND-USR-089,11.025043,76.953684,368.5,2026-08-07,17:14:00,2026-08-07 17:14:00
IND-USR-089,11.016057,76.951349,911.7,2026-08-07,17:34:00,2026-08-07 17:34:00
IND-USR-089,11.020593,76.952674,843.0,2026-08-07,17:40:00,2026-08-07 17:40:00
IND-USR-089,11.014835,76.956998,617.8,2026-08-07,17:44:00,2026-08-07 17:44:00
IND-USR-089,11.012544,76.955086,421.9,2026-08-07,18:01:00,2026-08-07 18:01:00
IND-USR-089,11.022409,76.957513,70.5,2026-08-07,18:12:00,2026-08-07 18:12:00
IND-USR-089,11.017322,76.956659,187.0,2026-08-07,18:22:00,2026-08-07 18:22:00
IND-USR-089,11.015243,76.963785,294.0,2026-08-07,18:25:00,2026-08-07 18:25:00
IND-USR-089,11.013551,76.956644,64.9,2026-08-07,18:37:00,2026-08-07 18:37:00
IND-USR-089,11.01726,76.959835,514.4,2026-08-07,18:46:00,2026-08-07 18:46:00
IND-USR-089,11.021213,76.955672,900.4,2026-08-07,18:59:00,2026-08-07 18:59:00
IND-USR-089,13.083863,80.272014,162.3,2026-08-07,19:06:00,2026-08-07 19:06:00
IND-USR-089,13.073611,80.264344,582.9,2026-08-07,19:25:00,2026-08-07 19:25:00
IND-USR-089,13.08028,80.268454,406.8,2026-08-07,19:35:00,2026-08-07 19:35:00
IND-USR-089,13.077903,80.273698,180.3,2026-08-07,19:47:00,2026-08-07 19:47:00
IND-USR-089,13.082708,80.269841,696.0,2026-08-07,19:59:00,2026-08-07 19:59:00
IND-USR-089,13.077675,80.270522,197.0,2026-08-07,20:06:00,2026-08-07 20:06:00
IND-USR-089,13.072193,80.270048,499.1,2026-08-07,20:12:00,2026-08-07 20:12:00
IND-USR-089,13.082953,80.271668,596.2,2026-08-07,20:18:00,2026-08-07 20:18:00
IND-USR-089,13.076444,80.271599,18.8,2026-08-07,20:27:00,2026-08-07 20:27:00
IND-USR-089,13.078534,80.26745,136.4,2026-08-07,20:29:00,2026-08-07 20:29:00
IND-USR-089,13.085572,80.278756,549.2,2026-08-07,20:43:00,2026-08-07 20:43:00
IND-USR-089,13.082905,80.267432,212.6,2026-08-07,20:48:00,2026-08-07 20:48:00
IND-USR-089,13.083455,80.274456,225.9,2026-08-07,20:50:00,2026-08-07 20:50:00
IND-USR-089,13.085184,80.281672,195.4,2026-08-07,20:59:00,2026-08-07 20:59:00
IND-USR-089,13.079839,80.271709,450.3,2026-08-07,21:14:00,2026-08-07 21:14:00
IND-USR-089,13.088896,80.276645,700.0,2026-08-07,21:18:00,2026-08-07 21:18:00
IND-USR-089,13.0749,80.270687,640.1,2026-08-07,21:23:00,2026-08-07 21:23:00
IND-USR-089,13.088638,80.282263,746.3,2026-08-07,21:38:00,2026-08-07 21:38:00
IND-USR-089,13.085515,80.269229,886.8,2026-08-07,21:51:00,2026-08-07 21:51:00
IND-USR-089,13.078663,80.279575,421.3,2026-08-07,21:53:00,2026-08-07 21:53:00
IND-USR-089,13.085615,80.267308,143.5,2026-08-07,22:08:00,2026-08-07 22:08:00
IND-USR-089,13.081887,80.271941,583.1,2026-08-07,22:25:00,2026-08-07 22:25:00
IND-USR-089,13.084875,80.267102,715.8,2026-08-07,22:38:00,2026-08-07 22:38:00
IND-USR-090,13.080243,80.264088,173.1,2026-08-06,06:03:00,2026-08-06 06:03:00
IND-USR-090,13.086859,80.269334,208.0,2026-08-06,06:16:00,2026-08-06 06:16:00
IND-USR-090,13.084565,80.276389,895.1,2026-08-06,06:20:00,2026-08-06 06:20:00
IND-USR-090,13.083579,80.270248,865.6,2026-08-06,06:27:00,2026-08-06 06:27:00
IND-USR-090,13.083476,80.270953,532.8,2026-08-06,06:47:00,2026-08-06 06:47:00
IND-USR-090,13.087685,80.271943,777.1,2026-08-06,06:57:00,2026-08-06 06:57:00
IND-USR-090,13.080522,80.274891,230.9,2026-08-06,07:04:00,2026-08-06 07:04:00
IND-USR-090,13.087622,80.265347,264.6,2026-08-06,07:12:00,2026-08-06 07:12:00
IND-USR-090,13.088831,80.272159,53.9,2026-08-06,07:18:00,2026-08-06 07:18:00
IND-USR-090,13.083833,80.274726,288.2,2026-08-06,07:37:00,2026-08-06 07:37:00
IND-USR-090,13.080432,80.274517,899.8,2026-08-06,07:41:00,2026-08-06 07:41:00
IND-USR-090,11.015293,76.9499,770.9,2026-08-06,08:01:00,2026-08-06 08:01:00
IND-USR-090,11.012809,76.958068,95.4,2026-08-06,08:03:00,2026-08-06 08:03:00
IND-USR-090,11.013018,76.96224,910.2,2026-08-06,08:10:00,2026-08-06 08:10:00
IND-USR-090,11.021557,76.961134,285.1,2026-08-06,08:16:00,2026-08-06 08:16:00
IND-USR-090,11.017299,76.956831,65.0,2026-08-06,08:29:00,2026-08-06 08:29:00
IND-USR-090,11.012025,76.959783,871.3,2026-08-06,08:44:00,2026-08-06 08:44:00
IND-USR-090,11.018319,76.958069,630.9,2026-08-06,08:54:00,2026-08-06 08:54:00
IND-USR-090,11.023553,76.953376,444.8,2026-08-06,09:13:00,2026-08-06 09:13:00
IND-USR-090,11.016295,76.957107,791.8,2026-08-06,09:18:00,2026-08-06 09:18:00
IND-USR-090,11.013058,76.95505,613.7,2026-08-06,09:35:00,2026-08-06 09:35:00
IND-USR-090,11.018772,76.954498,311.8,2026-08-06,09:52:00,2026-08-06 09:52:00
IND-USR-090,11.022036,76.949756,399.1,2026-08-06,10:02:00,2026-08-06 10:02:00
IND-USR-090,11.021291,76.958445,880.1,2026-08-06,10:09:00,2026-08-06 10:09:00
IND-USR-090,11.014525,76.952102,373.1,2026-08-06,10:12:00,2026-08-06 10:12:00
IND-USR-090,11.008479,76.952619,223.7,2026-08-06,10:31:00,2026-08-06 10:31:00
IND-USR-090,11.020989,76.955576,154.8,2026-08-06,10:47:00,2026-08-06 10:47:00
IND-USR-090,11.021452,76.953321,601.2,2026-08-06,11:04:00,2026-08-06 11:04:00
IND-USR-090,11.019628,76.95293,485.4,2026-08-06,11:16:00,2026-08-06 11:16:00
IND-USR-090,11.012938,76.955371,179.1,2026-08-06,11:20:00,2026-08-06 11:20:00
IND-USR-090,11.01414,76.949629,572.9,2026-08-06,11:32:00,2026-08-06 11:32:00
IND-USR-090,11.016071,76.956226,745.0,2026-08-06,11:52:00,2026-08-06 11:52:00
IND-USR-090,11.021873,76.959547,372.2,2026-08-06,12:04:00,2026-08-06 12:04:00
IND-USR-090,11.02168,76.958681,274.8,2026-08-06,12:23:00,2026-08-06 12:23:00
IND-USR-090,11.01813,76.950884,870.0,2026-08-06,12:33:00,2026-08-06 12:33:00
IND-USR-090,11.017399,76.958187,900.3,2026-08-06,12:39:00,2026-08-06 12:39:00
IND-USR-090,11.02263,76.958545,244.2,2026-08-06,12:56:00,2026-08-06 12:56:00
IND-USR-090,11.021762,76.951672,434.3,2026-08-06,13:04:00,2026-08-06 13:04:00
IND-USR-090,11.015494,76.957517,756.8,2026-08-06,13:08:00,2026-08-06 13:08:00
IND-USR-090,11.021444,76.955219,132.2,2026-08-06,13:13:00,2026-08-06 13:13:00
IND-USR-090,11.01647,76.958549,930.6,2026-08-06,13:17:00,2026-08-06 13:17:00
IND-USR-090,11.012297,76.96223,509.1,2026-08-06,13:22:00,2026-08-06 13:22:00
IND-USR-090,11.013283,76.948126,49.4,2026-08-06,13:40:00,2026-08-06 13:40:00
IND-USR-090,11.01684,76.962594,933.6,2026-08-06,13:53:00,2026-08-06 13:53:00
IND-USR-090,11.019146,76.958804,401.0,2026-08-06,14:12:00,2026-08-06 14:12:00
IND-USR-090,11.016966,76.95519,639.4,2026-08-06,14:15:00,2026-08-06 14:15:00
IND-USR-090,11.01062,76.946762,437.1,2026-08-06,14:19:00,2026-08-06 14:19:00
IND-USR-090,11.017585,76.96105,821.2,2026-08-06,14:22:00,2026-08-06 14:22:00
IND-USR-090,11.018177,76.958294,283.9,2026-08-06,14:39:00,2026-08-06 14:39:00
IND-USR-090,11.023135,76.957115,760.1,2026-08-06,14:42:00,2026-08-06 14:42:00
IND-USR-090,11.016309,76.952526,572.4,2026-08-06,14:51:00,2026-08-06 14:51:00
IND-USR-090,11.024889,76.957906,107.4,2026-08-06,15:04:00,2026-08-06 15:04:00
IND-USR-090,11.013026,76.951115,662.8,2026-08-06,15:14:00,2026-08-06 15:14:00
IND-USR-090,11.021812,76.95165,572.3,2026-08-06,15:21:00,2026-08-06 15:21:00
IND-USR-090,11.024215,76.944774,474.4,2026-08-06,15:26:00,2026-08-06 15:26:00
IND-USR-090,11.02249,76.957748,175.0,2026-08-06,15:33:00,2026-08-06 15:33:00
IND-USR-090,11.017274,76.955098,898.6,2026-08-06,15:50:00,2026-08-06 15:50:00
IND-USR-090,11.024363,76.958628,244.8,2026-08-06,16:00:00,2026-08-06 16:00:00
IND-USR-090,11.013187,76.948924,437.1,2026-08-06,16:19:00,2026-08-06 16:19:00
IND-USR-090,11.017509,76.955796,30.2,2026-08-06,16:26:00,2026-08-06 16:26:00
IND-USR-090,11.010721,76.955578,150.7,2026-08-06,16:37:00,2026-08-06 16:37:00
IND-USR-090,11.014504,76.955837,363.1,2026-08-06,16:42:00,2026-08-06 16:42:00
IND-USR-090,11.019704,76.96177,648.4,2026-08-06,16:56:00,2026-08-06 16:56:00
IND-USR-090,11.020436,76.952914,565.6,2026-08-06,17:06:00,2026-08-06 17:06:00
IND-USR-090,11.018276,76.956052,809.0,2026-08-06,17:20:00,2026-08-06 17:20:00
IND-USR-090,11.011471,76.957393,864.2,2026-08-06,17:28:00,2026-08-06 17:28:00
IND-USR-090,11.024227,76.95593,660.8,2026-08-06,17:30:00,2026-08-06 17:30:00
IND-USR-090,11.010423,76.955921,200.2,2026-08-06,17:38:00,2026-08-06 17:38:00
IND-USR-090,11.011945,76.959254,286.8,2026-08-06,17:49:00,2026-08-06 17:49:00
IND-USR-090,11.018899,76.955116,834.6,2026-08-06,18:05:00,2026-08-06 18:05:00
IND-USR-090,11.015475,76.954951,296.4,2026-08-06,18:07:00,2026-08-06 18:07:00
IND-USR-090,11.016833,76.952711,479.2,2026-08-06,18:25:00,2026-08-06 18:25:00
IND-USR-090,11.011249,76.960355,877.1,2026-08-06,18:45:00,2026-08-06 18:45:00
IND-USR-090,11.015258,76.956468,264.7,2026-08-06,18:47:00,2026-08-06 18:47:00
IND-USR-090,11.017941,76.957088,766.2,2026-08-06,18:49:00,2026-08-06 18:49:00
IND-USR-090,11.012105,76.949097,818.6,2026-08-06,18:51:00,2026-08-06 18:51:00
IND-USR-090,13.080345,80.272283,730.0,2026-08-06,19:05:00,2026-08-06 19:05:00
IND-USR-090,13.079788,80.26928,77.1,2026-08-06,19:18:00,2026-08-06 19:18:00
IND-USR-090,13.091209,80.263318,188.1,2026-08-06,19:30:00,2026-08-06 19:30:00
IND-USR-090,13.07968,80.278286,477.0,2026-08-06,19:46:00,2026-08-06 19:46:00
IND-USR-090,13.082522,80.267876,383.4,2026-08-06,19:53:00,2026-08-06 19:53:00
IND-USR-090,13.087375,80.270921,160.4,2026-08-06,20:01:00,2026-08-06 20:01:00
IND-USR-090,13.081307,80.271469,399.3,2026-08-06,20:13:00,2026-08-06 20:13:00
IND-USR-090,13.080068,80.26663,183.9,2026-08-06,20:23:00,2026-08-06 20:23:00
IND-USR-090,13.082246,80.266656,455.7,2026-08-06,20:40:00,2026-08-06 20:40:00
IND-USR-090,13.082743,80.272118,160.4,2026-08-06,20:47:00,2026-08-06 20:47:00
IND-USR-090,13.086112,80.275212,543.2,2026-08-06,21:00:00,2026-08-06 21:00:00
IND-USR-090,13.081077,80.272698,403.3,2026-08-06,21:02:00,2026-08-06 21:02:00
IND-USR-090,13.08467,80.272011,338.3,2026-08-06,21:16:00,2026-08-06 21:16:00
IND-USR-090,13.080782,80.266588,143.3,2026-08-06,21:20:00,2026-08-06 21:20:00
IND-USR-090,13.084708,80.263873,36.1,2026-08-06,21:26:00,2026-08-06 21:26:00
IND-USR-090,13.081629,80.260485,548.3,2026-08-06,21:39:00,2026-08-06 21:39:00
IND-USR-090,13.077354,80.267191,151.9,2026-08-06,21:46:00,2026-08-06 21:46:00
IND-USR-090,13.087087,80.273452,120.0,2026-08-06,21:57:00,2026-08-06 21:57:00
IND-USR-090,13.080484,80.273617,878.6,2026-08-06,22:09:00,2026-08-06 22:09:00
IND-USR-091,13.08625,80.270057,152.5,2026-08-07,06:03:00,2026-08-07 06:03:00
IND-USR-091,13.077162,80.269868,306.9,2026-08-07,06:15:00,2026-08-07 06:15:00
IND-USR-091,13.082308,80.26577,388.1,2026-08-07,06:35:00,2026-08-07 06:35:00
IND-USR-091,13.084168,80.271819,239.7,2026-08-07,06:50:00,2026-08-07 06:50:00
IND-USR-091,13.08448,80.271816,617.0,2026-08-07,06:56:00,2026-08-07 06:56:00
IND-USR-091,13.085619,80.269983,787.1,2026-08-07,07:03:00,2026-08-07 07:03:00
IND-USR-091,13.083507,80.269109,634.2,2026-08-07,07:14:00,2026-08-07 07:14:00
IND-USR-091,13.080362,80.276053,50.2,2026-08-07,07:21:00,2026-08-07 07:21:00
IND-USR-091,13.074525,80.274207,81.4,2026-08-07,07:35:00,2026-08-07 07:35:00
IND-USR-091,13.080218,80.2677,596.1,2026-08-07,07:45:00,2026-08-07 07:45:00
IND-USR-091,13.083746,80.264742,617.5,2026-08-07,07:47:00,2026-08-07 07:47:00
IND-USR-091,11.013536,76.952403,329.3,2026-08-07,08:06:00,2026-08-07 08:06:00
IND-USR-091,11.015914,76.952583,202.5,2026-08-07,08:14:00,2026-08-07 08:14:00
IND-USR-091,11.023204,76.962988,219.7,2026-08-07,08:19:00,2026-08-07 08:19:00
IND-USR-091,11.008712,76.957977,724.7,2026-08-07,08:38:00,2026-08-07 08:38:00
IND-USR-091,11.020235,76.957972,51.0,2026-08-07,08:41:00,2026-08-07 08:41:00
IND-USR-091,11.014168,76.954824,512.4,2026-08-07,09:01:00,2026-08-07 09:01:00
IND-USR-091,11.013807,76.954119,672.1,2026-08-07,09:10:00,2026-08-07 09:10:00
IND-USR-091,11.01196,76.955341,70.4,2026-08-07,09:17:00,2026-08-07 09:17:00
IND-USR-091,11.010789,76.954999,176.2,2026-08-07,09:21:00,2026-08-07 09:21:00
IND-USR-091,11.011806,76.956627,98.7,2026-08-07,09:27:00,2026-08-07 09:27:00
IND-USR-091,11.014082,76.956962,745.2,2026-08-07,09:34:00,2026-08-07 09:34:00
IND-USR-091,11.021126,76.962158,714.2,2026-08-07,09:47:00,2026-08-07 09:47:00
IND-USR-091,11.006688,76.952463,633.0,2026-08-07,10:05:00,2026-08-07 10:05:00
IND-USR-091,11.015588,76.957641,678.6,2026-08-07,10:10:00,2026-08-07 10:10:00
IND-USR-091,11.010199,76.951872,154.4,2026-08-07,10:29:00,2026-08-07 10:29:00
IND-USR-091,11.017321,76.95614,520.8,2026-08-07,10:44:00,2026-08-07 10:44:00
IND-USR-091,11.01831,76.957575,479.5,2026-08-07,11:03:00,2026-08-07 11:03:00
IND-USR-091,11.018154,76.956575,290.1,2026-08-07,11:17:00,2026-08-07 11:17:00
IND-USR-091,11.017023,76.958459,107.7,2026-08-07,11:19:00,2026-08-07 11:19:00
IND-USR-091,11.007843,76.961977,113.2,2026-08-07,11:39:00,2026-08-07 11:39:00
IND-USR-091,11.007982,76.951483,256.4,2026-08-07,11:51:00,2026-08-07 11:51:00
IND-USR-091,11.015893,76.95849,65.0,2026-08-07,12:10:00,2026-08-07 12:10:00
IND-USR-091,11.004819,76.955688,939.5,2026-08-07,12:21:00,2026-08-07 12:21:00
IND-USR-091,11.01997,76.959778,796.9,2026-08-07,12:27:00,2026-08-07 12:27:00
IND-USR-091,11.014011,76.954597,50.0,2026-08-07,12:29:00,2026-08-07 12:29:00
IND-USR-091,11.014335,76.954229,177.0,2026-08-07,12:43:00,2026-08-07 12:43:00
IND-USR-091,11.012673,76.952243,870.6,2026-08-07,13:01:00,2026-08-07 13:01:00
IND-USR-091,11.018538,76.956326,425.7,2026-08-07,13:18:00,2026-08-07 13:18:00
IND-USR-091,11.018766,76.956656,461.6,2026-08-07,13:36:00,2026-08-07 13:36:00
IND-USR-091,11.019617,76.959313,499.5,2026-08-07,13:48:00,2026-08-07 13:48:00
IND-USR-091,11.009833,76.952383,609.5,2026-08-07,14:02:00,2026-08-07 14:02:00
IND-USR-091,11.015874,76.955709,899.0,2026-08-07,14:13:00,2026-08-07 14:13:00
IND-USR-091,11.01412,76.959448,714.0,2026-08-07,14:27:00,2026-08-07 14:27:00
IND-USR-091,11.02472,76.956545,570.0,2026-08-07,14:32:00,2026-08-07 14:32:00
IND-USR-091,11.017137,76.959198,214.6,2026-08-07,14:38:00,2026-08-07 14:38:00
IND-USR-091,11.009337,76.955914,115.1,2026-08-07,14:45:00,2026-08-07 14:45:00
IND-USR-091,11.020716,76.953227,682.0,2026-08-07,14:51:00,2026-08-07 14:51:00
IND-USR-091,11.011894,76.955057,770.1,2026-08-07,15:06:00,2026-08-07 15:06:00
IND-USR-091,11.016557,76.952165,80.6,2026-08-07,15:13:00,2026-08-07 15:13:00
IND-USR-091,11.025185,76.953885,26.1,2026-08-07,15:20:00,2026-08-07 15:20:00
IND-USR-091,11.012185,76.955426,52.7,2026-08-07,15:24:00,2026-08-07 15:24:00
IND-USR-091,11.020431,76.95587,585.0,2026-08-07,15:31:00,2026-08-07 15:31:00
IND-USR-091,11.018742,76.952314,213.9,2026-08-07,15:50:00,2026-08-07 15:50:00
IND-USR-091,11.022751,76.958047,274.5,2026-08-07,15:55:00,2026-08-07 15:55:00
IND-USR-091,11.020991,76.957261,891.4,2026-08-07,16:12:00,2026-08-07 16:12:00
IND-USR-091,11.0201,76.952308,736.1,2026-08-07,16:32:00,2026-08-07 16:32:00
IND-USR-091,11.014834,76.961186,94.6,2026-08-07,16:37:00,2026-08-07 16:37:00
IND-USR-091,11.023039,76.951212,154.2,2026-08-07,16:53:00,2026-08-07 16:53:00
IND-USR-091,11.017799,76.954076,562.8,2026-08-07,17:08:00,2026-08-07 17:08:00
IND-USR-091,11.014012,76.956939,550.8,2026-08-07,17:18:00,2026-08-07 17:18:00
IND-USR-091,11.021364,76.957607,100.7,2026-08-07,17:36:00,2026-08-07 17:36:00
IND-USR-091,11.015522,76.957859,492.9,2026-08-07,17:43:00,2026-08-07 17:43:00
IND-USR-091,11.01536,76.957448,114.2,2026-08-07,17:51:00,2026-08-07 17:51:00
IND-USR-091,11.022386,76.947491,28.7,2026-08-07,18:10:00,2026-08-07 18:10:00
IND-USR-091,11.019989,76.949644,832.7,2026-08-07,18:19:00,2026-08-07 18:19:00
IND-USR-091,11.021713,76.953252,395.2,2026-08-07,18:34:00,2026-08-07 18:34:00
IND-USR-091,11.011929,76.958581,673.9,2026-08-07,18:41:00,2026-08-07 18:41:00
IND-USR-091,11.018257,76.951803,15.1,2026-08-07,18:44:00,2026-08-07 18:44:00
IND-USR-091,11.011788,76.95505,713.1,2026-08-07,18:52:00,2026-08-07 18:52:00
IND-USR-091,13.077884,80.266454,326.5,2026-08-07,19:11:00,2026-08-07 19:11:00
IND-USR-091,13.083162,80.266837,382.3,2026-08-07,19:30:00,2026-08-07 19:30:00
IND-USR-091,13.084406,80.276661,13.6,2026-08-07,19:35:00,2026-08-07 19:35:00
IND-USR-091,13.082106,80.271221,317.0,2026-08-07,19:38:00,2026-08-07 19:38:00
IND-USR-091,13.090772,80.26595,263.9,2026-08-07,19:45:00,2026-08-07 19:45:00
IND-USR-091,13.087465,80.274983,855.2,2026-08-07,20:03:00,2026-08-07 20:03:00
IND-USR-091,13.086117,80.275867,677.2,2026-08-07,20:22:00,2026-08-07 20:22:00
IND-USR-091,13.083822,80.268368,530.0,2026-08-07,20:35:00,2026-08-07 20:35:00
IND-USR-091,13.087078,80.275231,879.4,2026-08-07,20:42:00,2026-08-07 20:42:00
IND-USR-091,13.087121,80.270878,630.4,2026-08-07,20:49:00,2026-08-07 20:49:00
IND-USR-091,13.079835,80.271465,731.3,2026-08-07,21:09:00,2026-08-07 21:09:00
IND-USR-091,13.086469,80.274797,66.1,2026-08-07,21:12:00,2026-08-07 21:12:00
IND-USR-091,13.080981,80.271961,511.9,2026-08-07,21:26:00,2026-08-07 21:26:00
IND-USR-091,13.077465,80.27464,164.2,2026-08-07,21:41:00,2026-08-07 21:41:00
IND-USR-091,13.079567,80.273841,720.9,2026-08-07,21:57:00,2026-08-07 21:57:00
IND-USR-091,13.078103,80.274826,816.3,2026-08-07,22:06:00,2026-08-07 22:06:00
IND-USR-091,13.083987,80.267575,803.2,2026-08-07,22:13:00,2026-08-07 22:13:00
IND-USR-091,13.085465,80.268339,839.1,2026-08-07,22:21:00,2026-08-07 22:21:00
IND-USR-091,13.085698,80.269604,582.8,2026-08-07,22:39:00,2026-08-07 22:39:00
IND-USR-091,13.075816,80.26677,642.8,2026-08-07,22:53:00,2026-08-07 22:53:00
IND-USR-091,13.080978,80.276173,211.6,2026-08-07,23:01:00,2026-08-07 23:01:00
IND-USR-091,13.086305,80.277195,393.1,2026-08-07,23:18:00,2026-08-07 23:18:00
IND-USR-091,13.089315,80.268561,485.3,2026-08-07,23:22:00,2026-08-07 23:22:00
IND-USR-092,13.081946,80.269055,868.3,2026-08-11,06:19:00,2026-08-11 06:19:00
IND-USR-092,13.080014,80.263334,176.4,2026-08-11,06:33:00,2026-08-11 06:33:00
IND-USR-092,13.082641,80.265558,108.5,2026-08-11,06:49:00,2026-08-11 06:49:00
IND-USR-092,13.082563,80.279163,529.0,2026-08-11,07:04:00,2026-08-11 07:04:00
IND-USR-092,13.080663,80.271479,10.8,2026-08-11,07:09:00,2026-08-11 07:09:00
IND-USR-092,13.086327,80.271821,188.5,2026-08-11,07:13:00,2026-08-11 07:13:00
IND-USR-092,13.08387,80.26925,753.6,2026-08-11,07:31:00,2026-08-11 07:31:00
IND-USR-092,13.081772,80.26686,856.1,2026-08-11,07:39:00,2026-08-11 07:39:00
IND-USR-092,13.086084,80.263734,103.2,2026-08-11,07:45:00,2026-08-11 07:45:00
IND-USR-092,11.020684,76.950185,808.2,2026-08-11,08:04:00,2026-08-11 08:04:00
IND-USR-092,11.02065,76.954385,338.4,2026-08-11,08:13:00,2026-08-11 08:13:00
IND-USR-092,11.011873,76.958117,443.4,2026-08-11,08:20:00,2026-08-11 08:20:00
IND-USR-092,11.020515,76.954048,506.7,2026-08-11,08:24:00,2026-08-11 08:24:00
IND-USR-092,11.019682,76.94666,675.8,2026-08-11,08:36:00,2026-08-11 08:36:00
IND-USR-092,11.011518,76.96097,391.7,2026-08-11,08:38:00,2026-08-11 08:38:00
IND-USR-092,11.015905,76.948351,473.4,2026-08-11,08:55:00,2026-08-11 08:55:00
IND-USR-092,11.014005,76.952106,621.6,2026-08-11,09:00:00,2026-08-11 09:00:00
IND-USR-092,11.016136,76.954317,720.2,2026-08-11,09:15:00,2026-08-11 09:15:00
IND-USR-092,11.017516,76.955522,786.0,2026-08-11,09:28:00,2026-08-11 09:28:00
IND-USR-092,11.022239,76.957498,15.9,2026-08-11,09:35:00,2026-08-11 09:35:00
IND-USR-092,11.018631,76.960461,501.3,2026-08-11,09:54:00,2026-08-11 09:54:00
IND-USR-092,11.015245,76.950752,242.5,2026-08-11,10:04:00,2026-08-11 10:04:00
IND-USR-092,11.021628,76.956343,593.9,2026-08-11,10:08:00,2026-08-11 10:08:00
IND-USR-092,11.017357,76.953267,580.3,2026-08-11,10:24:00,2026-08-11 10:24:00
IND-USR-092,11.014333,76.959187,119.8,2026-08-11,10:39:00,2026-08-11 10:39:00
IND-USR-092,11.020739,76.958935,663.1,2026-08-11,10:57:00,2026-08-11 10:57:00
IND-USR-092,11.019972,76.958076,921.7,2026-08-11,11:10:00,2026-08-11 11:10:00
IND-USR-092,11.017326,76.955098,554.8,2026-08-11,11:25:00,2026-08-11 11:25:00
IND-USR-092,11.021641,76.954305,614.7,2026-08-11,11:44:00,2026-08-11 11:44:00
IND-USR-092,11.01828,76.952584,661.2,2026-08-11,12:03:00,2026-08-11 12:03:00
IND-USR-092,11.014163,76.954855,631.1,2026-08-11,12:16:00,2026-08-11 12:16:00
IND-USR-092,11.013584,76.958991,700.4,2026-08-11,12:23:00,2026-08-11 12:23:00
IND-USR-092,11.011408,76.956197,941.2,2026-08-11,12:25:00,2026-08-11 12:25:00
IND-USR-092,11.01733,76.948557,669.4,2026-08-11,12:31:00,2026-08-11 12:31:00
IND-USR-092,11.015036,76.956823,356.5,2026-08-11,12:45:00,2026-08-11 12:45:00
IND-USR-092,11.018515,76.954983,511.8,2026-08-11,12:59:00,2026-08-11 12:59:00
IND-USR-092,11.019508,76.955363,584.9,2026-08-11,13:06:00,2026-08-11 13:06:00
IND-USR-092,11.016855,76.956807,550.3,2026-08-11,13:19:00,2026-08-11 13:19:00
IND-USR-092,11.020508,76.953097,140.1,2026-08-11,13:24:00,2026-08-11 13:24:00
IND-USR-092,11.014853,76.953124,201.9,2026-08-11,13:40:00,2026-08-11 13:40:00
IND-USR-092,11.015471,76.961505,567.6,2026-08-11,13:58:00,2026-08-11 13:58:00
IND-USR-092,11.019091,76.951276,332.8,2026-08-11,14:05:00,2026-08-11 14:05:00
IND-USR-092,11.014398,76.957291,576.2,2026-08-11,14:14:00,2026-08-11 14:14:00
IND-USR-092,11.013174,76.952899,600.6,2026-08-11,14:29:00,2026-08-11 14:29:00
IND-USR-092,11.02218,76.953346,728.2,2026-08-11,14:31:00,2026-08-11 14:31:00
IND-USR-092,11.020619,76.960821,843.4,2026-08-11,14:42:00,2026-08-11 14:42:00
IND-USR-092,11.013866,76.95224,820.0,2026-08-11,15:02:00,2026-08-11 15:02:00
IND-USR-092,11.015695,76.951445,428.3,2026-08-11,15:04:00,2026-08-11 15:04:00
IND-USR-092,11.017284,76.954977,144.2,2026-08-11,15:21:00,2026-08-11 15:21:00
IND-USR-092,11.018242,76.961388,407.7,2026-08-11,15:36:00,2026-08-11 15:36:00
IND-USR-092,11.02007,76.957757,69.2,2026-08-11,15:47:00,2026-08-11 15:47:00
IND-USR-092,11.008936,76.957574,549.6,2026-08-11,16:03:00,2026-08-11 16:03:00
IND-USR-092,11.023691,76.943758,465.4,2026-08-11,16:17:00,2026-08-11 16:17:00
IND-USR-092,11.019558,76.955163,13.6,2026-08-11,16:36:00,2026-08-11 16:36:00
IND-USR-092,11.013401,76.959005,298.6,2026-08-11,16:52:00,2026-08-11 16:52:00
IND-USR-092,11.023639,76.958901,249.6,2026-08-11,17:09:00,2026-08-11 17:09:00
IND-USR-092,11.015315,76.952026,654.4,2026-08-11,17:22:00,2026-08-11 17:22:00
IND-USR-092,11.017379,76.959293,277.2,2026-08-11,17:42:00,2026-08-11 17:42:00
IND-USR-092,11.015252,76.954638,80.8,2026-08-11,17:52:00,2026-08-11 17:52:00
IND-USR-092,11.028088,76.960115,191.9,2026-08-11,18:10:00,2026-08-11 18:10:00
IND-USR-092,11.021401,76.949959,806.2,2026-08-11,18:28:00,2026-08-11 18:28:00
IND-USR-092,11.013971,76.956099,396.3,2026-08-11,18:33:00,2026-08-11 18:33:00
IND-USR-092,11.012795,76.962202,281.6,2026-08-11,18:42:00,2026-08-11 18:42:00
IND-USR-092,11.022441,76.953666,497.8,2026-08-11,18:58:00,2026-08-11 18:58:00
IND-USR-092,13.089836,80.270683,203.9,2026-08-11,19:10:00,2026-08-11 19:10:00
IND-USR-092,13.093058,80.271279,514.2,2026-08-11,19:30:00,2026-08-11 19:30:00
IND-USR-092,13.085005,80.2763,110.4,2026-08-11,19:49:00,2026-08-11 19:49:00
IND-USR-092,13.087811,80.272743,285.4,2026-08-11,20:03:00,2026-08-11 20:03:00
IND-USR-092,13.082135,80.272757,511.7,2026-08-11,20:23:00,2026-08-11 20:23:00
IND-USR-092,13.079435,80.271309,282.6,2026-08-11,20:33:00,2026-08-11 20:33:00
IND-USR-092,13.078263,80.263576,754.8,2026-08-11,20:35:00,2026-08-11 20:35:00
IND-USR-092,13.082902,80.275749,633.1,2026-08-11,20:42:00,2026-08-11 20:42:00
IND-USR-092,13.086403,80.270372,767.8,2026-08-11,21:00:00,2026-08-11 21:00:00
IND-USR-092,13.089688,80.268424,317.1,2026-08-11,21:02:00,2026-08-11 21:02:00
IND-USR-092,13.075029,80.261972,121.2,2026-08-11,21:09:00,2026-08-11 21:09:00
IND-USR-092,13.077975,80.273966,164.2,2026-08-11,21:12:00,2026-08-11 21:12:00
IND-USR-092,13.080161,80.272544,913.5,2026-08-11,21:18:00,2026-08-11 21:18:00
IND-USR-092,13.089285,80.2663,382.9,2026-08-11,21:21:00,2026-08-11 21:21:00
IND-USR-092,13.084614,80.272856,529.7,2026-08-11,21:32:00,2026-08-11 21:32:00
IND-USR-092,13.079257,80.276117,27.0,2026-08-11,21:35:00,2026-08-11 21:35:00
IND-USR-092,13.081549,80.269165,178.4,2026-08-11,21:54:00,2026-08-11 21:54:00
IND-USR-092,13.091146,80.272791,793.5,2026-08-11,22:13:00,2026-08-11 22:13:00
IND-USR-092,13.086401,80.27612,498.9,2026-08-11,22:26:00,2026-08-11 22:26:00
IND-USR-092,13.080098,80.275699,10.5,2026-08-11,22:35:00,2026-08-11 22:35:00
IND-USR-092,13.080692,80.268522,548.7,2026-08-11,22:54:00,2026-08-11 22:54:00
IND-USR-092,13.081612,80.268212,832.4,2026-08-11,23:02:00,2026-08-11 23:02:00
IND-USR-092,13.085989,80.271769,320.1,2026-08-11,23:05:00,2026-08-11 23:05:00
IND-USR-093,17.383035,78.489398,232.7,2026-08-05,06:19:00,2026-08-05 06:19:00
IND-USR-093,17.383899,78.485388,256.2,2026-08-05,06:36:00,2026-08-05 06:36:00
IND-USR-093,17.385195,78.488554,530.1,2026-08-05,06:41:00,2026-08-05 06:41:00
IND-USR-093,17.386559,78.485247,935.2,2026-08-05,06:56:00,2026-08-05 06:56:00
IND-USR-093,17.388388,78.48581,23.7,2026-08-05,07:05:00,2026-08-05 07:05:00
IND-USR-093,17.38238,78.480828,751.0,2026-08-05,07:21:00,2026-08-05 07:21:00
IND-USR-093,17.388933,78.48675,54.4,2026-08-05,07:23:00,2026-08-05 07:23:00
IND-USR-093,17.385843,78.490883,53.2,2026-08-05,07:31:00,2026-08-05 07:31:00
IND-USR-093,17.38309,78.481202,687.0,2026-08-05,07:44:00,2026-08-05 07:44:00
IND-USR-093,17.385279,78.487932,105.7,2026-08-05,07:58:00,2026-08-05 07:58:00
IND-USR-093,17.442449,78.383095,616.3,2026-08-05,08:11:00,2026-08-05 08:11:00
IND-USR-093,17.433555,78.38168,866.5,2026-08-05,08:13:00,2026-08-05 08:13:00
IND-USR-093,17.446665,78.379027,374.2,2026-08-05,08:26:00,2026-08-05 08:26:00
IND-USR-093,17.430156,78.382336,534.5,2026-08-05,08:31:00,2026-08-05 08:31:00
IND-USR-093,17.439394,78.375169,190.1,2026-08-05,08:51:00,2026-08-05 08:51:00
IND-USR-093,17.442818,78.37883,930.0,2026-08-05,09:07:00,2026-08-05 09:07:00
IND-USR-093,17.446058,78.380771,416.1,2026-08-05,09:18:00,2026-08-05 09:18:00
IND-USR-093,17.446763,78.378212,58.7,2026-08-05,09:38:00,2026-08-05 09:38:00
IND-USR-093,17.445164,78.372837,869.1,2026-08-05,09:55:00,2026-08-05 09:55:00
IND-USR-093,17.440496,78.380782,624.4,2026-08-05,09:57:00,2026-08-05 09:57:00
IND-USR-093,17.446849,78.380095,453.8,2026-08-05,10:15:00,2026-08-05 10:15:00
IND-USR-093,17.441442,78.380842,835.5,2026-08-05,10:30:00,2026-08-05 10:30:00
IND-USR-093,17.438855,78.381509,39.4,2026-08-05,10:33:00,2026-08-05 10:33:00
IND-USR-093,17.442457,78.383937,412.1,2026-08-05,10:41:00,2026-08-05 10:41:00
IND-USR-093,17.437414,78.384254,54.7,2026-08-05,10:46:00,2026-08-05 10:46:00
IND-USR-093,17.442054,78.375682,873.8,2026-08-05,10:56:00,2026-08-05 10:56:00
IND-USR-093,17.444279,78.374412,902.7,2026-08-05,11:07:00,2026-08-05 11:07:00
IND-USR-093,17.443211,78.374249,133.6,2026-08-05,11:17:00,2026-08-05 11:17:00
IND-USR-093,17.440696,78.379148,379.8,2026-08-05,11:20:00,2026-08-05 11:20:00
IND-USR-093,17.439894,78.374127,635.3,2026-08-05,11:30:00,2026-08-05 11:30:00
IND-USR-093,17.438009,78.375184,535.1,2026-08-05,11:45:00,2026-08-05 11:45:00
IND-USR-093,17.448746,78.373816,779.4,2026-08-05,11:59:00,2026-08-05 11:59:00
IND-USR-093,17.440573,78.377976,164.9,2026-08-05,12:12:00,2026-08-05 12:12:00
IND-USR-093,17.442017,78.386113,365.2,2026-08-05,12:15:00,2026-08-05 12:15:00
IND-USR-093,17.44285,78.378541,119.8,2026-08-05,12:21:00,2026-08-05 12:21:00
IND-USR-093,17.447275,78.380898,584.6,2026-08-05,12:34:00,2026-08-05 12:34:00
IND-USR-093,17.444433,78.376555,829.9,2026-08-05,12:49:00,2026-08-05 12:49:00
IND-USR-093,17.451596,78.376801,306.5,2026-08-05,12:55:00,2026-08-05 12:55:00
IND-USR-093,17.441733,78.374617,732.0,2026-08-05,13:10:00,2026-08-05 13:10:00
IND-USR-093,17.436593,78.380486,892.6,2026-08-05,13:17:00,2026-08-05 13:17:00
IND-USR-093,17.434108,78.377177,127.4,2026-08-05,13:24:00,2026-08-05 13:24:00
IND-USR-093,17.442681,78.38616,321.9,2026-08-05,13:26:00,2026-08-05 13:26:00
IND-USR-093,17.436173,78.373596,886.0,2026-08-05,13:34:00,2026-08-05 13:34:00
IND-USR-093,17.442956,78.37641,423.2,2026-08-05,13:45:00,2026-08-05 13:45:00
IND-USR-093,17.441302,78.376876,253.1,2026-08-05,13:47:00,2026-08-05 13:47:00
IND-USR-093,17.438462,78.378629,461.6,2026-08-05,13:58:00,2026-08-05 13:58:00
IND-USR-093,17.434214,78.377097,295.4,2026-08-05,14:12:00,2026-08-05 14:12:00
IND-USR-093,17.441099,78.381265,653.7,2026-08-05,14:23:00,2026-08-05 14:23:00
IND-USR-093,17.450521,78.375876,360.0,2026-08-05,14:35:00,2026-08-05 14:35:00
IND-USR-093,17.449063,78.375936,574.7,2026-08-05,14:44:00,2026-08-05 14:44:00
IND-USR-093,17.439635,78.384184,170.5,2026-08-05,14:56:00,2026-08-05 14:56:00
IND-USR-093,17.445583,78.377218,512.3,2026-08-05,15:05:00,2026-08-05 15:05:00
IND-USR-093,17.446249,78.378297,15.7,2026-08-05,15:17:00,2026-08-05 15:17:00
IND-USR-093,17.443223,78.371894,921.3,2026-08-05,15:21:00,2026-08-05 15:21:00
IND-USR-093,17.442418,78.379693,323.0,2026-08-05,15:32:00,2026-08-05 15:32:00
IND-USR-093,17.443009,78.380809,215.1,2026-08-05,15:45:00,2026-08-05 15:45:00
IND-USR-093,17.445035,78.373687,669.4,2026-08-05,15:52:00,2026-08-05 15:52:00
IND-USR-093,17.438223,78.376571,13.1,2026-08-05,15:55:00,2026-08-05 15:55:00
IND-USR-093,17.441403,78.378545,380.7,2026-08-05,16:04:00,2026-08-05 16:04:00
IND-USR-093,17.440627,78.374738,899.7,2026-08-05,16:11:00,2026-08-05 16:11:00
IND-USR-093,17.447712,78.377793,883.5,2026-08-05,16:15:00,2026-08-05 16:15:00
IND-USR-093,17.440689,78.377271,232.6,2026-08-05,16:32:00,2026-08-05 16:32:00
IND-USR-093,17.449016,78.378375,605.3,2026-08-05,16:38:00,2026-08-05 16:38:00
IND-USR-093,17.445872,78.374191,475.0,2026-08-05,16:54:00,2026-08-05 16:54:00
IND-USR-093,17.447606,78.386472,736.1,2026-08-05,17:09:00,2026-08-05 17:09:00
IND-USR-093,17.440334,78.372472,614.0,2026-08-05,17:28:00,2026-08-05 17:28:00
IND-USR-093,17.444202,78.380702,590.4,2026-08-05,17:37:00,2026-08-05 17:37:00
IND-USR-093,17.443134,78.372987,311.7,2026-08-05,17:56:00,2026-08-05 17:56:00
IND-USR-093,17.443066,78.379592,530.9,2026-08-05,18:08:00,2026-08-05 18:08:00
IND-USR-093,17.441872,78.379629,180.1,2026-08-05,18:15:00,2026-08-05 18:15:00
IND-USR-093,17.448159,78.378161,170.1,2026-08-05,18:26:00,2026-08-05 18:26:00
IND-USR-093,17.443388,78.380517,141.5,2026-08-05,18:39:00,2026-08-05 18:39:00
IND-USR-093,17.440076,78.373381,105.3,2026-08-05,18:51:00,2026-08-05 18:51:00
IND-USR-093,17.442434,78.375232,928.8,2026-08-05,18:56:00,2026-08-05 18:56:00
IND-USR-093,17.381787,78.494022,469.9,2026-08-05,19:08:00,2026-08-05 19:08:00
IND-USR-093,17.393688,78.485285,431.7,2026-08-05,19:12:00,2026-08-05 19:12:00
IND-USR-093,17.385367,78.485949,325.8,2026-08-05,19:15:00,2026-08-05 19:15:00
IND-USR-093,17.38943,78.491923,507.3,2026-08-05,19:18:00,2026-08-05 19:18:00
IND-USR-093,17.377891,78.488604,351.5,2026-08-05,19:21:00,2026-08-05 19:21:00
IND-USR-093,17.379773,78.493733,252.8,2026-08-05,19:25:00,2026-08-05 19:25:00
IND-USR-093,17.386761,78.483407,298.8,2026-08-05,19:41:00,2026-08-05 19:41:00
IND-USR-093,17.384035,78.485544,226.5,2026-08-05,19:58:00,2026-08-05 19:58:00
IND-USR-093,17.3871,78.490868,610.3,2026-08-05,20:11:00,2026-08-05 20:11:00
IND-USR-093,17.380407,78.494055,736.0,2026-08-05,20:24:00,2026-08-05 20:24:00
IND-USR-093,17.391423,78.483199,422.1,2026-08-05,20:35:00,2026-08-05 20:35:00
IND-USR-093,17.385291,78.493543,697.9,2026-08-05,20:53:00,2026-08-05 20:53:00
IND-USR-093,17.389932,78.485353,115.4,2026-08-05,21:04:00,2026-08-05 21:04:00
IND-USR-093,17.388257,78.498689,121.9,2026-08-05,21:20:00,2026-08-05 21:20:00
IND-USR-093,17.385421,78.484169,292.3,2026-08-05,21:40:00,2026-08-05 21:40:00
IND-USR-093,17.38569,78.487686,441.9,2026-08-05,22:00:00,2026-08-05 22:00:00
IND-USR-093,17.382902,78.488467,282.0,2026-08-05,22:10:00,2026-08-05 22:10:00
IND-USR-093,17.379982,78.484038,44.4,2026-08-05,22:18:00,2026-08-05 22:18:00
IND-USR-093,17.388033,78.479681,469.0,2026-08-05,22:27:00,2026-08-05 22:27:00
IND-USR-093,17.388613,78.478652,38.5,2026-08-05,22:46:00,2026-08-05 22:46:00
IND-USR-093,17.378075,78.484704,127.3,2026-08-05,22:54:00,2026-08-05 22:54:00
IND-USR-093,17.386147,78.492001,406.0,2026-08-05,23:02:00,2026-08-05 23:02:00
IND-USR-093,17.38523,78.485714,657.1,2026-08-05,23:06:00,2026-08-05 23:06:00
IND-USR-093,17.387318,78.483216,786.0,2026-08-05,23:15:00,2026-08-05 23:15:00
IND-USR-093,17.385558,78.481902,873.3,2026-08-05,23:33:00,2026-08-05 23:33:00
IND-USR-093,17.38533,78.486181,411.5,2026-08-05,23:40:00,2026-08-05 23:40:00
IND-USR-093,17.381783,78.48736,492.2,2026-08-05,23:43:00,2026-08-05 23:43:00
IND-USR-093,17.385634,78.491402,512.9,2026-08-06,00:01:00,2026-08-06 00:01:00
IND-USR-093,17.378577,78.486396,773.4,2026-08-06,00:08:00,2026-08-06 00:08:00
IND-USR-093,17.381959,78.490179,74.2,2026-08-06,00:27:00,2026-08-06 00:27:00
IND-USR-093,17.388016,78.488732,461.1,2026-08-06,00:34:00,2026-08-06 00:34:00
IND-USR-093,17.382185,78.490242,194.5,2026-08-06,00:51:00,2026-08-06 00:51:00
IND-USR-093,17.378879,78.479759,787.6,2026-08-06,01:02:00,2026-08-06 01:02:00
IND-USR-093,17.379897,78.486566,182.9,2026-08-06,01:17:00,2026-08-06 01:17:00
IND-USR-093,17.387701,78.474796,304.7,2026-08-06,01:21:00,2026-08-06 01:21:00
IND-USR-093,17.390291,78.487224,428.5,2026-08-06,01:26:00,2026-08-06 01:26:00
IND-USR-093,17.378729,78.487104,394.1,2026-08-06,01:37:00,2026-08-06 01:37:00
IND-USR-093,17.38937,78.489098,881.0,2026-08-06,01:45:00,2026-08-06 01:45:00
IND-USR-093,17.389396,78.481235,463.7,2026-08-06,01:54:00,2026-08-06 01:54:00
IND-USR-093,17.383344,78.483001,57.0,2026-08-06,02:12:00,2026-08-06 02:12:00
IND-USR-094,17.39187,78.489257,344.9,2026-08-09,06:05:00,2026-08-09 06:05:00
IND-USR-094,17.396388,78.48483,186.7,2026-08-09,06:22:00,2026-08-09 06:22:00
IND-USR-094,17.382101,78.486129,827.2,2026-08-09,06:32:00,2026-08-09 06:32:00
IND-USR-094,17.390513,78.485236,92.4,2026-08-09,06:49:00,2026-08-09 06:49:00
IND-USR-094,17.385498,78.487087,426.1,2026-08-09,07:06:00,2026-08-09 07:06:00
IND-USR-094,17.385158,78.48409,887.5,2026-08-09,07:20:00,2026-08-09 07:20:00
IND-USR-094,17.384451,78.48598,770.5,2026-08-09,07:40:00,2026-08-09 07:40:00
IND-USR-094,17.44347,78.380974,886.2,2026-08-09,08:00:00,2026-08-09 08:00:00
IND-USR-094,17.450543,78.373838,221.0,2026-08-09,08:11:00,2026-08-09 08:11:00
IND-USR-094,17.441932,78.3739,138.4,2026-08-09,08:25:00,2026-08-09 08:25:00
IND-USR-094,17.444248,78.375047,251.5,2026-08-09,08:45:00,2026-08-09 08:45:00
IND-USR-094,17.444459,78.381615,601.4,2026-08-09,08:59:00,2026-08-09 08:59:00
IND-USR-094,17.433397,78.379167,256.3,2026-08-09,09:14:00,2026-08-09 09:14:00
IND-USR-094,17.441659,78.379042,59.5,2026-08-09,09:26:00,2026-08-09 09:26:00
IND-USR-094,17.439914,78.381985,550.6,2026-08-09,09:46:00,2026-08-09 09:46:00
IND-USR-094,17.447153,78.379473,658.1,2026-08-09,09:48:00,2026-08-09 09:48:00
IND-USR-094,17.446673,78.374218,55.3,2026-08-09,09:53:00,2026-08-09 09:53:00
IND-USR-094,17.441022,78.38021,329.9,2026-08-09,10:12:00,2026-08-09 10:12:00
IND-USR-094,17.440429,78.382983,552.8,2026-08-09,10:21:00,2026-08-09 10:21:00
IND-USR-094,17.442206,78.379208,861.6,2026-08-09,10:40:00,2026-08-09 10:40:00
IND-USR-094,17.451897,78.374375,163.9,2026-08-09,10:52:00,2026-08-09 10:52:00
IND-USR-094,17.443775,78.381417,517.9,2026-08-09,10:56:00,2026-08-09 10:56:00
IND-USR-094,17.447305,78.375889,633.8,2026-08-09,11:11:00,2026-08-09 11:11:00
IND-USR-094,17.441433,78.376267,860.3,2026-08-09,11:22:00,2026-08-09 11:22:00
IND-USR-094,17.449291,78.376084,621.5,2026-08-09,11:29:00,2026-08-09 11:29:00
IND-USR-094,17.443812,78.375493,270.3,2026-08-09,11:43:00,2026-08-09 11:43:00
IND-USR-094,17.446322,78.377822,739.9,2026-08-09,12:01:00,2026-08-09 12:01:00
IND-USR-094,17.439486,78.373325,592.1,2026-08-09,12:12:00,2026-08-09 12:12:00
IND-USR-094,17.435506,78.373875,557.9,2026-08-09,12:28:00,2026-08-09 12:28:00
IND-USR-094,17.446676,78.382495,170.5,2026-08-09,12:44:00,2026-08-09 12:44:00
IND-USR-094,17.446242,78.379419,784.5,2026-08-09,12:57:00,2026-08-09 12:57:00
IND-USR-094,17.442994,78.3803,318.9,2026-08-09,13:14:00,2026-08-09 13:14:00
IND-USR-094,17.444645,78.384418,337.6,2026-08-09,13:34:00,2026-08-09 13:34:00
IND-USR-094,17.443106,78.382572,128.8,2026-08-09,13:52:00,2026-08-09 13:52:00
IND-USR-094,17.446996,78.380142,707.4,2026-08-09,14:10:00,2026-08-09 14:10:00
IND-USR-094,17.435454,78.380917,58.3,2026-08-09,14:30:00,2026-08-09 14:30:00
IND-USR-094,17.44299,78.375424,77.2,2026-08-09,14:36:00,2026-08-09 14:36:00
IND-USR-094,17.437568,78.377178,445.0,2026-08-09,14:56:00,2026-08-09 14:56:00
IND-USR-094,17.443634,78.371988,582.7,2026-08-09,15:15:00,2026-08-09 15:15:00
IND-USR-094,17.437607,78.379146,780.8,2026-08-09,15:19:00,2026-08-09 15:19:00
IND-USR-094,17.446987,78.377961,507.1,2026-08-09,15:30:00,2026-08-09 15:30:00
IND-USR-094,17.448103,78.376854,610.9,2026-08-09,15:38:00,2026-08-09 15:38:00
IND-USR-094,17.443283,78.373532,854.8,2026-08-09,15:54:00,2026-08-09 15:54:00
IND-USR-094,17.437259,78.384619,23.5,2026-08-09,16:10:00,2026-08-09 16:10:00
IND-USR-094,17.448025,78.37163,715.6,2026-08-09,16:22:00,2026-08-09 16:22:00
IND-USR-094,17.444123,78.3768,291.3,2026-08-09,16:40:00,2026-08-09 16:40:00
IND-USR-094,17.442404,78.375564,879.9,2026-08-09,16:50:00,2026-08-09 16:50:00
IND-USR-094,17.445025,78.380473,752.5,2026-08-09,16:55:00,2026-08-09 16:55:00
IND-USR-094,17.44511,78.376718,409.9,2026-08-09,17:03:00,2026-08-09 17:03:00
IND-USR-094,17.442871,78.380947,501.7,2026-08-09,17:10:00,2026-08-09 17:10:00
IND-USR-094,17.445354,78.377491,933.1,2026-08-09,17:24:00,2026-08-09 17:24:00
IND-USR-094,17.443356,78.378581,88.0,2026-08-09,17:29:00,2026-08-09 17:29:00
IND-USR-094,17.441627,78.380486,609.9,2026-08-09,17:37:00,2026-08-09 17:37:00
IND-USR-094,17.439197,78.375554,506.5,2026-08-09,17:45:00,2026-08-09 17:45:00
IND-USR-094,17.445944,78.372668,716.9,2026-08-09,17:57:00,2026-08-09 17:57:00
IND-USR-094,17.437208,78.377452,117.2,2026-08-09,18:16:00,2026-08-09 18:16:00
IND-USR-094,17.436714,78.372005,553.4,2026-08-09,18:20:00,2026-08-09 18:20:00
IND-USR-094,17.446526,78.376381,794.2,2026-08-09,18:37:00,2026-08-09 18:37:00
IND-USR-094,17.448642,78.372381,268.6,2026-08-09,18:41:00,2026-08-09 18:41:00
IND-USR-094,17.443124,78.378798,551.9,2026-08-09,18:53:00,2026-08-09 18:53:00
IND-USR-094,17.438818,78.381327,703.6,2026-08-09,18:55:00,2026-08-09 18:55:00
IND-USR-094,17.387043,78.480263,602.5,2026-08-09,19:15:00,2026-08-09 19:15:00
IND-USR-094,17.384849,78.488244,793.4,2026-08-09,19:22:00,2026-08-09 19:22:00
IND-USR-094,17.38264,78.480781,449.9,2026-08-09,19:38:00,2026-08-09 19:38:00
IND-USR-094,17.386114,78.495545,358.2,2026-08-09,19:41:00,2026-08-09 19:41:00
IND-USR-094,17.383452,78.492977,536.7,2026-08-09,19:47:00,2026-08-09 19:47:00
IND-USR-094,17.381991,78.487562,879.1,2026-08-09,20:02:00,2026-08-09 20:02:00
IND-USR-094,17.388086,78.486666,205.3,2026-08-09,20:22:00,2026-08-09 20:22:00
IND-USR-094,17.383809,78.489605,94.1,2026-08-09,20:35:00,2026-08-09 20:35:00
IND-USR-094,17.392566,78.487902,709.8,2026-08-09,20:47:00,2026-08-09 20:47:00
IND-USR-094,17.382936,78.485941,715.8,2026-08-09,21:06:00,2026-08-09 21:06:00
IND-USR-094,17.395079,78.48724,913.5,2026-08-09,21:22:00,2026-08-09 21:22:00
IND-USR-094,17.382622,78.48212,732.7,2026-08-09,21:24:00,2026-08-09 21:24:00
IND-USR-094,17.377696,78.488154,193.4,2026-08-09,21:36:00,2026-08-09 21:36:00
IND-USR-094,17.387619,78.485113,28.8,2026-08-09,21:50:00,2026-08-09 21:50:00
IND-USR-094,17.38494,78.482018,124.5,2026-08-09,21:55:00,2026-08-09 21:55:00
IND-USR-094,17.385532,78.488626,750.0,2026-08-09,22:04:00,2026-08-09 22:04:00
IND-USR-094,17.382859,78.493462,19.8,2026-08-09,22:08:00,2026-08-09 22:08:00
IND-USR-094,17.381652,78.487834,128.1,2026-08-09,22:27:00,2026-08-09 22:27:00
IND-USR-094,17.388393,78.486391,935.7,2026-08-09,22:47:00,2026-08-09 22:47:00
IND-USR-094,17.384246,78.480985,136.3,2026-08-09,22:58:00,2026-08-09 22:58:00
IND-USR-094,17.390429,78.48602,338.6,2026-08-09,23:10:00,2026-08-09 23:10:00
IND-USR-094,17.387149,78.489391,690.1,2026-08-09,23:19:00,2026-08-09 23:19:00
IND-USR-094,17.382487,78.48591,549.5,2026-08-09,23:22:00,2026-08-09 23:22:00
IND-USR-094,17.390338,78.482231,318.4,2026-08-09,23:40:00,2026-08-09 23:40:00
IND-USR-094,17.393512,78.483721,759.7,2026-08-09,23:59:00,2026-08-09 23:59:00
IND-USR-094,17.380282,78.487229,684.1,2026-08-10,00:17:00,2026-08-10 00:17:00
IND-USR-094,17.393833,78.479056,276.4,2026-08-10,00:20:00,2026-08-10 00:20:00
IND-USR-094,17.384436,78.488605,836.6,2026-08-10,00:23:00,2026-08-10 00:23:00
IND-USR-094,17.385135,78.488228,209.4,2026-08-10,00:34:00,2026-08-10 00:34:00
IND-USR-094,17.382128,78.484301,204.2,2026-08-10,00:50:00,2026-08-10 00:50:00
IND-USR-094,17.384406,78.48218,861.4,2026-08-10,00:54:00,2026-08-10 00:54:00
IND-USR-094,17.384821,78.485145,476.4,2026-08-10,01:12:00,2026-08-10 01:12:00
IND-USR-094,17.38312,78.487982,722.1,2026-08-10,01:26:00,2026-08-10 01:26:00
IND-USR-094,17.377717,78.485784,870.1,2026-08-10,01:32:00,2026-08-10 01:32:00
IND-USR-094,17.394269,78.482356,214.0,2026-08-10,01:36:00,2026-08-10 01:36:00
IND-USR-094,17.390142,78.486919,489.1,2026-08-10,01:49:00,2026-08-10 01:49:00
IND-USR-094,17.382588,78.481417,544.2,2026-08-10,02:03:00,2026-08-10 02:03:00
IND-USR-094,17.385559,78.492514,342.0,2026-08-10,02:11:00,2026-08-10 02:11:00
IND-USR-094,17.383443,78.486376,672.1,2026-08-10,02:14:00,2026-08-10 02:14:00
IND-USR-094,17.389041,78.488063,521.9,2026-08-10,02:26:00,2026-08-10 02:26:00
IND-USR-094,17.378711,78.487096,94.9,2026-08-10,02:41:00,2026-08-10 02:41:00
IND-USR-094,17.391049,78.486552,433.3,2026-08-10,02:52:00,2026-08-10 02:52:00
IND-USR-094,17.374034,78.488253,90.8,2026-08-10,03:01:00,2026-08-10 03:01:00
IND-USR-094,17.384206,78.479384,819.1,2026-08-10,03:13:00,2026-08-10 03:13:00
IND-USR-094,17.378283,78.4906,235.0,2026-08-10,03:27:00,2026-08-10 03:27:00
IND-USR-094,17.38207,78.48307,544.0,2026-08-10,03:44:00,2026-08-10 03:44:00
IND-USR-094,17.384857,78.484123,335.9,2026-08-10,03:57:00,2026-08-10 03:57:00
IND-USR-094,17.3854,78.485889,105.2,2026-08-10,04:02:00,2026-08-10 04:02:00
IND-USR-094,17.3802,78.484655,241.3,2026-08-10,04:13:00,2026-08-10 04:13:00
IND-USR-094,17.386771,78.486868,630.4,2026-08-10,04:16:00,2026-08-10 04:16:00
IND-USR-094,17.384672,78.49445,866.4,2026-08-10,04:34:00,2026-08-10 04:34:00
IND-USR-094,17.387924,78.49011,467.0,2026-08-10,04:51:00,2026-08-10 04:51:00
IND-USR-094,17.384336,78.487581,36.5,2026-08-10,05:07:00,2026-08-10 05:07:00
IND-USR-094,17.383276,78.48981,522.0,2026-08-10,05:14:00,2026-08-10 05:14:00
IND-USR-094,17.384558,78.48759,947.0,2026-08-10,05:29:00,2026-08-10 05:29:00
IND-USR-095,17.385642,78.486627,14.4,2026-08-11,06:15:00,2026-08-11 06:15:00
IND-USR-095,17.396753,78.484034,287.3,2026-08-11,06:24:00,2026-08-11 06:24:00
IND-USR-095,17.382297,78.489476,87.3,2026-08-11,06:42:00,2026-08-11 06:42:00
IND-USR-095,17.382619,78.485534,251.0,2026-08-11,06:52:00,2026-08-11 06:52:00
IND-USR-095,17.380654,78.488666,82.0,2026-08-11,07:07:00,2026-08-11 07:07:00
IND-USR-095,17.387017,78.485439,596.0,2026-08-11,07:12:00,2026-08-11 07:12:00
IND-USR-095,17.387859,78.479267,911.4,2026-08-11,07:28:00,2026-08-11 07:28:00
IND-USR-095,17.382173,78.48602,606.5,2026-08-11,07:40:00,2026-08-11 07:40:00
IND-USR-095,17.380311,78.479705,324.7,2026-08-11,07:48:00,2026-08-11 07:48:00
IND-USR-095,17.383768,78.489476,395.0,2026-08-11,07:59:00,2026-08-11 07:59:00
IND-USR-095,17.448628,78.375011,50.3,2026-08-11,08:09:00,2026-08-11 08:09:00
IND-USR-095,17.446433,78.379746,915.5,2026-08-11,08:22:00,2026-08-11 08:22:00
IND-USR-095,17.448374,78.375799,187.6,2026-08-11,08:25:00,2026-08-11 08:25:00
IND-USR-095,17.436306,78.377481,524.1,2026-08-11,08:44:00,2026-08-11 08:44:00
IND-USR-095,17.439445,78.374306,471.0,2026-08-11,08:50:00,2026-08-11 08:50:00
IND-USR-095,17.442295,78.375844,17.8,2026-08-11,08:58:00,2026-08-11 08:58:00
IND-USR-095,17.444066,78.380013,467.4,2026-08-11,09:04:00,2026-08-11 09:04:00
IND-USR-095,17.442029,78.378783,406.9,2026-08-11,09:12:00,2026-08-11 09:12:00
IND-USR-095,17.443559,78.380942,830.0,2026-08-11,09:30:00,2026-08-11 09:30:00
IND-USR-095,17.442746,78.376884,605.7,2026-08-11,09:40:00,2026-08-11 09:40:00
IND-USR-095,17.442002,78.376551,436.1,2026-08-11,09:50:00,2026-08-11 09:50:00
IND-USR-095,17.440366,78.37367,719.7,2026-08-11,10:08:00,2026-08-11 10:08:00
IND-USR-095,17.446603,78.372867,566.5,2026-08-11,10:17:00,2026-08-11 10:17:00
IND-USR-095,17.442224,78.381261,881.0,2026-08-11,10:25:00,2026-08-11 10:25:00
IND-USR-095,17.442089,78.380515,397.1,2026-08-11,10:45:00,2026-08-11 10:45:00
IND-USR-095,17.441136,78.372995,403.3,2026-08-11,10:48:00,2026-08-11 10:48:00
IND-USR-095,17.437121,78.382451,254.5,2026-08-11,11:02:00,2026-08-11 11:02:00
IND-USR-095,17.438953,78.380189,545.5,2026-08-11,11:04:00,2026-08-11 11:04:00
IND-USR-095,17.4395,78.38247,485.3,2026-08-11,11:11:00,2026-08-11 11:11:00
IND-USR-095,17.452327,78.370454,892.2,2026-08-11,11:21:00,2026-08-11 11:21:00
IND-USR-095,17.439161,78.380293,437.1,2026-08-11,11:39:00,2026-08-11 11:39:00
IND-USR-095,17.445552,78.380308,828.9,2026-08-11,11:49:00,2026-08-11 11:49:00
IND-USR-095,17.441205,78.38515,115.2,2026-08-11,12:02:00,2026-08-11 12:02:00
IND-USR-095,17.443972,78.372332,791.3,2026-08-11,12:11:00,2026-08-11 12:11:00
IND-USR-095,17.442487,78.372386,515.4,2026-08-11,12:23:00,2026-08-11 12:23:00
IND-USR-095,17.449864,78.374559,137.6,2026-08-11,12:39:00,2026-08-11 12:39:00
IND-USR-095,17.44547,78.375317,125.9,2026-08-11,12:56:00,2026-08-11 12:56:00
IND-USR-095,17.441038,78.369559,845.0,2026-08-11,13:06:00,2026-08-11 13:06:00
IND-USR-095,17.445893,78.382397,613.3,2026-08-11,13:08:00,2026-08-11 13:08:00
IND-USR-095,17.439836,78.371019,767.7,2026-08-11,13:23:00,2026-08-11 13:23:00
IND-USR-095,17.446713,78.370615,936.0,2026-08-11,13:42:00,2026-08-11 13:42:00
IND-USR-095,17.448378,78.373582,722.1,2026-08-11,13:47:00,2026-08-11 13:47:00
IND-USR-095,17.439087,78.378194,739.1,2026-08-11,13:57:00,2026-08-11 13:57:00
IND-USR-095,17.439347,78.374372,200.9,2026-08-11,14:00:00,2026-08-11 14:00:00
IND-USR-095,17.444916,78.367484,565.2,2026-08-11,14:08:00,2026-08-11 14:08:00
IND-USR-095,17.45007,78.377375,857.1,2026-08-11,14:26:00,2026-08-11 14:26:00
IND-USR-095,17.438328,78.373131,473.8,2026-08-11,14:44:00,2026-08-11 14:44:00
IND-USR-095,17.447467,78.379604,451.7,2026-08-11,15:03:00,2026-08-11 15:03:00
IND-USR-095,17.449047,78.374469,914.1,2026-08-11,15:16:00,2026-08-11 15:16:00
IND-USR-095,17.444686,78.378906,698.4,2026-08-11,15:25:00,2026-08-11 15:25:00
IND-USR-095,17.446281,78.381709,390.4,2026-08-11,15:33:00,2026-08-11 15:33:00
IND-USR-095,17.440631,78.376743,432.5,2026-08-11,15:50:00,2026-08-11 15:50:00
IND-USR-095,17.441059,78.37699,98.6,2026-08-11,16:00:00,2026-08-11 16:00:00
IND-USR-095,17.446294,78.370584,578.7,2026-08-11,16:02:00,2026-08-11 16:02:00
IND-USR-095,17.447937,78.372643,895.6,2026-08-11,16:07:00,2026-08-11 16:07:00
IND-USR-095,17.442271,78.382176,191.4,2026-08-11,16:20:00,2026-08-11 16:20:00
IND-USR-095,17.444812,78.378558,921.2,2026-08-11,16:35:00,2026-08-11 16:35:00
IND-USR-095,17.438777,78.373024,522.3,2026-08-11,16:42:00,2026-08-11 16:42:00
IND-USR-095,17.447265,78.374843,135.2,2026-08-11,16:56:00,2026-08-11 16:56:00
IND-USR-095,17.44152,78.381056,750.3,2026-08-11,17:06:00,2026-08-11 17:06:00
IND-USR-095,17.4393,78.378277,878.4,2026-08-11,17:09:00,2026-08-11 17:09:00
IND-USR-095,17.443672,78.377189,625.9,2026-08-11,17:13:00,2026-08-11 17:13:00
IND-USR-095,17.441426,78.374881,820.6,2026-08-11,17:20:00,2026-08-11 17:20:00
IND-USR-095,17.439187,78.379131,850.8,2026-08-11,17:29:00,2026-08-11 17:29:00
IND-USR-095,17.440827,78.381075,690.7,2026-08-11,17:32:00,2026-08-11 17:32:00
IND-USR-095,17.442602,78.372966,433.2,2026-08-11,17:45:00,2026-08-11 17:45:00
IND-USR-095,17.442549,78.375557,16.9,2026-08-11,17:51:00,2026-08-11 17:51:00
IND-USR-095,17.447536,78.375724,72.3,2026-08-11,18:01:00,2026-08-11 18:01:00
IND-USR-095,17.442395,78.382846,674.8,2026-08-11,18:04:00,2026-08-11 18:04:00
IND-USR-095,17.445533,78.383851,658.1,2026-08-11,18:21:00,2026-08-11 18:21:00
IND-USR-095,17.448536,78.373651,103.7,2026-08-11,18:31:00,2026-08-11 18:31:00
IND-USR-095,17.44746,78.383301,160.0,2026-08-11,18:39:00,2026-08-11 18:39:00
IND-USR-095,17.449631,78.381152,948.0,2026-08-11,18:52:00,2026-08-11 18:52:00
IND-USR-095,17.38887,78.485489,799.8,2026-08-11,19:01:00,2026-08-11 19:01:00
IND-USR-095,17.38165,78.485291,65.9,2026-08-11,19:05:00,2026-08-11 19:05:00
IND-USR-095,17.378341,78.492071,681.7,2026-08-11,19:22:00,2026-08-11 19:22:00
IND-USR-095,17.383867,78.491865,102.9,2026-08-11,19:33:00,2026-08-11 19:33:00
IND-USR-095,17.380074,78.49103,145.5,2026-08-11,19:39:00,2026-08-11 19:39:00
IND-USR-095,17.38302,78.481563,521.3,2026-08-11,19:49:00,2026-08-11 19:49:00
IND-USR-095,17.391508,78.491129,36.5,2026-08-11,20:05:00,2026-08-11 20:05:00
IND-USR-095,17.385847,78.486836,456.2,2026-08-11,20:24:00,2026-08-11 20:24:00
IND-USR-095,17.386758,78.487479,934.0,2026-08-11,20:38:00,2026-08-11 20:38:00
IND-USR-095,17.381831,78.485052,392.5,2026-08-11,20:58:00,2026-08-11 20:58:00
IND-USR-095,17.392843,78.497389,176.8,2026-08-11,21:05:00,2026-08-11 21:05:00
IND-USR-095,17.391251,78.488613,942.3,2026-08-11,21:09:00,2026-08-11 21:09:00
IND-USR-095,17.383649,78.483507,755.8,2026-08-11,21:20:00,2026-08-11 21:20:00
IND-USR-095,17.382071,78.484487,282.2,2026-08-11,21:27:00,2026-08-11 21:27:00
IND-USR-095,17.393605,78.493925,792.4,2026-08-11,21:37:00,2026-08-11 21:37:00
IND-USR-095,17.387985,78.482858,172.0,2026-08-11,21:45:00,2026-08-11 21:45:00
IND-USR-095,17.388572,78.485746,111.4,2026-08-11,21:50:00,2026-08-11 21:50:00
IND-USR-095,17.376388,78.487848,43.3,2026-08-11,21:53:00,2026-08-11 21:53:00
IND-USR-095,17.381632,78.483468,369.6,2026-08-11,22:04:00,2026-08-11 22:04:00
IND-USR-095,17.383998,78.484707,103.3,2026-08-11,22:19:00,2026-08-11 22:19:00
IND-USR-095,17.384863,78.486371,212.2,2026-08-11,22:33:00,2026-08-11 22:33:00
IND-USR-095,17.377497,78.492781,21.3,2026-08-11,22:50:00,2026-08-11 22:50:00
IND-USR-095,17.381066,78.48289,385.4,2026-08-11,23:09:00,2026-08-11 23:09:00
IND-USR-095,17.383686,78.486267,62.7,2026-08-11,23:16:00,2026-08-11 23:16:00
IND-USR-095,17.390836,78.487778,742.3,2026-08-11,23:22:00,2026-08-11 23:22:00
IND-USR-095,17.387266,78.487798,568.9,2026-08-11,23:25:00,2026-08-11 23:25:00
IND-USR-095,17.385926,78.487939,377.5,2026-08-11,23:34:00,2026-08-11 23:34:00
IND-USR-095,17.377269,78.4857,688.2,2026-08-11,23:49:00,2026-08-11 23:49:00
IND-USR-095,17.389649,78.502469,547.0,2026-08-11,23:53:00,2026-08-11 23:53:00
IND-USR-095,17.380183,78.488392,394.7,2026-08-12,00:01:00,2026-08-12 00:01:00
IND-USR-095,17.382716,78.494891,558.4,2026-08-12,00:20:00,2026-08-12 00:20:00
IND-USR-096,17.379585,78.4892,457.2,2026-08-01,06:16:00,2026-08-01 06:16:00
IND-USR-096,17.379371,78.485426,38.2,2026-08-01,06:28:00,2026-08-01 06:28:00
IND-USR-096,17.384863,78.490979,475.2,2026-08-01,06:33:00,2026-08-01 06:33:00
IND-USR-096,17.380691,78.489354,323.5,2026-08-01,06:39:00,2026-08-01 06:39:00
IND-USR-096,17.385075,78.487791,917.8,2026-08-01,06:59:00,2026-08-01 06:59:00
IND-USR-096,17.388833,78.48157,760.6,2026-08-01,07:01:00,2026-08-01 07:01:00
IND-USR-096,17.388242,78.484424,588.4,2026-08-01,07:09:00,2026-08-01 07:09:00
IND-USR-096,17.389383,78.488038,188.1,2026-08-01,07:13:00,2026-08-01 07:13:00
IND-USR-096,17.384162,78.48434,625.1,2026-08-01,07:16:00,2026-08-01 07:16:00
IND-USR-096,17.388293,78.491744,160.6,2026-08-01,07:23:00,2026-08-01 07:23:00
IND-USR-096,17.382869,78.482168,201.9,2026-08-01,07:28:00,2026-08-01 07:28:00
IND-USR-096,17.387777,78.480906,542.4,2026-08-01,07:42:00,2026-08-01 07:42:00
IND-USR-096,17.438278,78.372949,454.3,2026-08-01,08:00:00,2026-08-01 08:00:00
IND-USR-096,17.441838,78.371855,625.8,2026-08-01,08:04:00,2026-08-01 08:04:00
IND-USR-096,17.435745,78.372658,144.0,2026-08-01,08:21:00,2026-08-01 08:21:00
IND-USR-096,17.44607,78.372114,33.5,2026-08-01,08:26:00,2026-08-01 08:26:00
IND-USR-096,17.442139,78.384987,307.2,2026-08-01,08:36:00,2026-08-01 08:36:00
IND-USR-096,17.443303,78.37857,708.9,2026-08-01,08:46:00,2026-08-01 08:46:00
IND-USR-096,17.439716,78.385854,948.9,2026-08-01,08:51:00,2026-08-01 08:51:00
IND-USR-096,17.441335,78.376288,545.3,2026-08-01,08:56:00,2026-08-01 08:56:00
IND-USR-096,17.448768,78.376473,769.3,2026-08-01,09:15:00,2026-08-01 09:15:00
IND-USR-096,17.443692,78.376073,455.5,2026-08-01,09:19:00,2026-08-01 09:19:00
IND-USR-096,17.442401,78.378682,437.5,2026-08-01,09:21:00,2026-08-01 09:21:00
IND-USR-096,17.445712,78.374627,240.2,2026-08-01,09:32:00,2026-08-01 09:32:00
IND-USR-096,17.440436,78.374763,934.3,2026-08-01,09:35:00,2026-08-01 09:35:00
IND-USR-096,17.437895,78.370838,785.5,2026-08-01,09:41:00,2026-08-01 09:41:00
IND-USR-096,17.444689,78.380954,285.5,2026-08-01,09:52:00,2026-08-01 09:52:00
IND-USR-096,17.446984,78.367672,182.6,2026-08-01,09:58:00,2026-08-01 09:58:00
IND-USR-096,17.44252,78.372792,97.3,2026-08-01,10:04:00,2026-08-01 10:04:00
IND-USR-096,17.444075,78.375529,24.5,2026-08-01,10:18:00,2026-08-01 10:18:00
IND-USR-096,17.445868,78.377123,180.2,2026-08-01,10:30:00,2026-08-01 10:30:00
IND-USR-096,17.435916,78.373332,263.7,2026-08-01,10:50:00,2026-08-01 10:50:00
IND-USR-096,17.443523,78.37756,143.4,2026-08-01,10:54:00,2026-08-01 10:54:00
IND-USR-096,17.437877,78.371054,558.3,2026-08-01,10:56:00,2026-08-01 10:56:00
IND-USR-096,17.443725,78.371585,707.4,2026-08-01,11:07:00,2026-08-01 11:07:00
IND-USR-096,17.436825,78.375419,760.0,2026-08-01,11:23:00,2026-08-01 11:23:00
IND-USR-096,17.441546,78.373686,840.3,2026-08-01,11:40:00,2026-08-01 11:40:00
IND-USR-096,17.440685,78.377255,590.0,2026-08-01,11:54:00,2026-08-01 11:54:00
IND-USR-096,17.440619,78.377483,643.9,2026-08-01,12:02:00,2026-08-01 12:02:00
IND-USR-096,17.441978,78.377871,613.1,2026-08-01,12:17:00,2026-08-01 12:17:00
IND-USR-096,17.447013,78.380557,306.9,2026-08-01,12:30:00,2026-08-01 12:30:00
IND-USR-096,17.448653,78.380553,877.6,2026-08-01,12:39:00,2026-08-01 12:39:00
IND-USR-096,17.444454,78.375466,394.4,2026-08-01,12:56:00,2026-08-01 12:56:00
IND-USR-096,17.441949,78.373689,576.5,2026-08-01,13:12:00,2026-08-01 13:12:00
IND-USR-096,17.443518,78.37999,687.0,2026-08-01,13:23:00,2026-08-01 13:23:00
IND-USR-096,17.440597,78.377051,922.3,2026-08-01,13:25:00,2026-08-01 13:25:00
IND-USR-096,17.440791,78.378037,264.1,2026-08-01,13:31:00,2026-08-01 13:31:00
IND-USR-096,17.441302,78.374242,787.5,2026-08-01,13:44:00,2026-08-01 13:44:00
IND-USR-096,17.44078,78.379213,559.3,2026-08-01,13:57:00,2026-08-01 13:57:00
IND-USR-096,17.443113,78.375486,115.2,2026-08-01,14:10:00,2026-08-01 14:10:00
IND-USR-096,17.444546,78.375542,133.5,2026-08-01,14:13:00,2026-08-01 14:13:00
IND-USR-096,17.448006,78.373305,550.5,2026-08-01,14:18:00,2026-08-01 14:18:00
IND-USR-096,17.442752,78.371581,310.5,2026-08-01,14:23:00,2026-08-01 14:23:00
IND-USR-096,17.442113,78.370481,556.6,2026-08-01,14:42:00,2026-08-01 14:42:00
IND-USR-096,17.446485,78.380266,170.5,2026-08-01,14:46:00,2026-08-01 14:46:00
IND-USR-096,17.446637,78.377315,518.1,2026-08-01,15:01:00,2026-08-01 15:01:00
IND-USR-096,17.439981,78.373999,943.8,2026-08-01,15:15:00,2026-08-01 15:15:00
IND-USR-096,17.449621,78.382943,698.6,2026-08-01,15:26:00,2026-08-01 15:26:00
IND-USR-096,17.44399,78.375137,841.8,2026-08-01,15:45:00,2026-08-01 15:45:00
IND-USR-096,17.448974,78.374422,460.2,2026-08-01,15:55:00,2026-08-01 15:55:00
IND-USR-096,17.444415,78.382608,753.7,2026-08-01,16:10:00,2026-08-01 16:10:00
IND-USR-096,17.440155,78.380517,644.0,2026-08-01,16:28:00,2026-08-01 16:28:00
IND-USR-096,17.445582,78.377042,211.1,2026-08-01,16:34:00,2026-08-01 16:34:00
IND-USR-096,17.439526,78.374302,949.2,2026-08-01,16:48:00,2026-08-01 16:48:00
IND-USR-096,17.444658,78.371507,480.2,2026-08-01,16:50:00,2026-08-01 16:50:00
IND-USR-096,17.444023,78.379364,303.2,2026-08-01,17:00:00,2026-08-01 17:00:00
IND-USR-096,17.447441,78.371607,32.2,2026-08-01,17:10:00,2026-08-01 17:10:00
IND-USR-096,17.448765,78.383981,422.0,2026-08-01,17:19:00,2026-08-01 17:19:00
IND-USR-096,17.445141,78.373048,927.8,2026-08-01,17:38:00,2026-08-01 17:38:00
IND-USR-096,17.442188,78.37701,113.0,2026-08-01,17:58:00,2026-08-01 17:58:00
IND-USR-096,17.444582,78.377288,471.3,2026-08-01,18:01:00,2026-08-01 18:01:00
IND-USR-096,17.444625,78.376837,132.8,2026-08-01,18:21:00,2026-08-01 18:21:00
IND-USR-096,17.44456,78.375358,292.7,2026-08-01,18:36:00,2026-08-01 18:36:00
IND-USR-096,17.442147,78.374896,389.4,2026-08-01,18:39:00,2026-08-01 18:39:00
IND-USR-096,17.451169,78.383056,887.3,2026-08-01,18:57:00,2026-08-01 18:57:00
IND-USR-096,17.387221,78.492001,379.5,2026-08-01,19:05:00,2026-08-01 19:05:00
IND-USR-096,17.388194,78.487425,793.6,2026-08-01,19:11:00,2026-08-01 19:11:00
IND-USR-096,17.378978,78.485651,930.9,2026-08-01,19:23:00,2026-08-01 19:23:00
IND-USR-096,17.38366,78.482168,517.9,2026-08-01,19:33:00,2026-08-01 19:33:00
IND-USR-096,17.379055,78.488671,420.8,2026-08-01,19:51:00,2026-08-01 19:51:00
IND-USR-096,17.386298,78.48203,897.9,2026-08-01,20:07:00,2026-08-01 20:07:00
IND-USR-096,17.382016,78.491345,483.9,2026-08-01,20:10:00,2026-08-01 20:10:00
IND-USR-096,17.381489,78.487383,220.6,2026-08-01,20:15:00,2026-08-01 20:15:00
IND-USR-096,17.384241,78.488725,395.6,2026-08-01,20:33:00,2026-08-01 20:33:00
IND-USR-096,17.381576,78.48706,415.8,2026-08-01,20:43:00,2026-08-01 20:43:00
IND-USR-096,17.385675,78.487621,681.6,2026-08-01,20:49:00,2026-08-01 20:49:00
IND-USR-096,17.385316,78.488078,168.1,2026-08-01,20:51:00,2026-08-01 20:51:00
IND-USR-096,17.393767,78.496945,197.3,2026-08-01,20:58:00,2026-08-01 20:58:00
IND-USR-096,17.382443,78.477427,655.1,2026-08-01,21:15:00,2026-08-01 21:15:00
IND-USR-096,17.387382,78.487445,824.2,2026-08-01,21:21:00,2026-08-01 21:21:00
IND-USR-096,17.389244,78.48784,858.5,2026-08-01,21:34:00,2026-08-01 21:34:00
IND-USR-096,17.385234,78.491216,835.9,2026-08-01,21:36:00,2026-08-01 21:36:00
IND-USR-096,17.390075,78.481154,11.9,2026-08-01,21:44:00,2026-08-01 21:44:00
IND-USR-096,17.381734,78.486278,27.1,2026-08-01,21:46:00,2026-08-01 21:46:00
IND-USR-096,17.385394,78.485796,364.3,2026-08-01,22:04:00,2026-08-01 22:04:00
IND-USR-096,17.386737,78.490684,709.2,2026-08-01,22:15:00,2026-08-01 22:15:00
IND-USR-096,17.391891,78.489016,436.2,2026-08-01,22:29:00,2026-08-01 22:29:00
IND-USR-096,17.381591,78.48611,114.6,2026-08-01,22:49:00,2026-08-01 22:49:00
IND-USR-096,17.384699,78.488759,13.2,2026-08-01,22:51:00,2026-08-01 22:51:00
IND-USR-096,17.386553,78.494902,547.4,2026-08-01,23:09:00,2026-08-01 23:09:00
IND-USR-096,17.383154,78.488239,949.3,2026-08-01,23:29:00,2026-08-01 23:29:00
IND-USR-097,23.840919,91.284459,391.8,2026-08-02,06:05:00,2026-08-02 06:05:00
IND-USR-097,23.832081,91.28302,31.8,2026-08-02,06:07:00,2026-08-02 06:07:00
IND-USR-097,23.831828,91.283679,371.4,2026-08-02,06:11:00,2026-08-02 06:11:00
IND-USR-097,23.835687,91.287389,781.2,2026-08-02,06:17:00,2026-08-02 06:17:00
IND-USR-097,23.827758,91.290162,654.4,2026-08-02,06:23:00,2026-08-02 06:23:00
IND-USR-097,23.832219,91.290611,887.8,2026-08-02,06:31:00,2026-08-02 06:31:00
IND-USR-097,23.826909,91.288275,642.9,2026-08-02,06:51:00,2026-08-02 06:51:00
IND-USR-097,23.834593,91.285106,693.2,2026-08-02,07:11:00,2026-08-02 07:11:00
IND-USR-097,23.826464,91.286634,374.9,2026-08-02,07:14:00,2026-08-02 07:14:00
IND-USR-097,23.836412,91.291304,757.4,2026-08-02,07:33:00,2026-08-02 07:33:00
IND-USR-097,23.829786,91.281668,292.2,2026-08-02,07:45:00,2026-08-02 07:45:00
IND-USR-097,23.829775,91.284926,896.2,2026-08-02,07:49:00,2026-08-02 07:49:00
IND-USR-097,23.833286,91.28638,409.7,2026-08-02,08:08:00,2026-08-02 08:08:00
IND-USR-097,23.828487,91.291217,375.2,2026-08-02,08:18:00,2026-08-02 08:18:00
IND-USR-097,23.832062,91.288542,57.6,2026-08-02,08:21:00,2026-08-02 08:21:00
IND-USR-097,23.8246,91.277103,494.1,2026-08-02,08:41:00,2026-08-02 08:41:00
IND-USR-097,23.82575,91.284878,244.1,2026-08-02,08:50:00,2026-08-02 08:50:00
IND-USR-097,23.833805,91.277431,846.9,2026-08-02,08:55:00,2026-08-02 08:55:00
IND-USR-097,23.837871,91.287482,905.9,2026-08-02,09:04:00,2026-08-02 09:04:00
IND-USR-097,23.836941,91.283256,883.8,2026-08-02,09:08:00,2026-08-02 09:08:00
IND-USR-097,23.833515,91.287141,839.4,2026-08-02,09:26:00,2026-08-02 09:26:00
IND-USR-097,23.834771,91.285865,96.9,2026-08-02,09:38:00,2026-08-02 09:38:00
IND-USR-097,23.833393,91.291209,617.0,2026-08-02,09:57:00,2026-08-02 09:57:00
IND-USR-097,23.828895,91.287769,319.9,2026-08-02,10:07:00,2026-08-02 10:07:00
IND-USR-097,23.823949,91.28961,723.7,2026-08-02,10:13:00,2026-08-02 10:13:00
IND-USR-097,23.839319,91.281822,151.1,2026-08-02,10:24:00,2026-08-02 10:24:00
IND-USR-097,23.831134,91.290322,187.8,2026-08-02,10:26:00,2026-08-02 10:26:00
IND-USR-097,23.831626,91.28746,766.6,2026-08-02,10:36:00,2026-08-02 10:36:00
IND-USR-097,23.829936,91.285087,74.3,2026-08-02,10:38:00,2026-08-02 10:38:00
IND-USR-097,23.831153,91.286967,314.5,2026-08-02,10:46:00,2026-08-02 10:46:00
IND-USR-097,23.826774,91.286536,271.1,2026-08-02,10:55:00,2026-08-02 10:55:00
IND-USR-097,23.837774,91.285123,38.2,2026-08-02,11:10:00,2026-08-02 11:10:00
IND-USR-097,23.826551,91.286194,362.6,2026-08-02,11:22:00,2026-08-02 11:22:00
IND-USR-097,23.828642,91.281447,580.8,2026-08-02,11:42:00,2026-08-02 11:42:00
IND-USR-097,23.832057,91.283959,276.4,2026-08-02,11:52:00,2026-08-02 11:52:00
IND-USR-097,23.829001,91.287414,821.4,2026-08-02,12:02:00,2026-08-02 12:02:00
IND-USR-097,23.825367,91.279834,425.1,2026-08-02,12:17:00,2026-08-02 12:17:00
IND-USR-097,23.834183,91.279077,99.8,2026-08-02,12:20:00,2026-08-02 12:20:00
IND-USR-097,23.827593,91.279601,139.7,2026-08-02,12:39:00,2026-08-02 12:39:00
IND-USR-097,23.829555,91.288512,771.5,2026-08-02,12:41:00,2026-08-02 12:41:00
IND-USR-097,23.831949,91.296367,865.6,2026-08-02,13:00:00,2026-08-02 13:00:00
IND-USR-097,23.835848,91.283075,153.1,2026-08-02,13:18:00,2026-08-02 13:18:00
IND-USR-097,23.826712,91.297627,623.5,2026-08-02,13:24:00,2026-08-02 13:24:00
IND-USR-097,23.83575,91.289157,429.9,2026-08-02,13:42:00,2026-08-02 13:42:00
IND-USR-097,23.831799,91.287894,920.1,2026-08-02,13:53:00,2026-08-02 13:53:00
IND-USR-097,23.825572,91.287428,913.3,2026-08-02,13:59:00,2026-08-02 13:59:00
IND-USR-097,23.831785,91.283183,142.3,2026-08-02,14:13:00,2026-08-02 14:13:00
IND-USR-097,23.829346,91.292861,335.9,2026-08-02,14:31:00,2026-08-02 14:31:00
IND-USR-097,23.830999,91.295085,477.1,2026-08-02,14:35:00,2026-08-02 14:35:00
IND-USR-097,23.824537,91.284711,860.5,2026-08-02,14:47:00,2026-08-02 14:47:00
IND-USR-097,23.825311,91.281962,223.8,2026-08-02,15:03:00,2026-08-02 15:03:00
IND-USR-097,23.828187,91.288061,608.9,2026-08-02,15:16:00,2026-08-02 15:16:00
IND-USR-097,23.832567,91.284083,396.9,2026-08-02,15:24:00,2026-08-02 15:24:00
IND-USR-097,23.822589,91.292711,904.0,2026-08-02,15:31:00,2026-08-02 15:31:00
IND-USR-097,23.830357,91.282335,333.8,2026-08-02,15:40:00,2026-08-02 15:40:00
IND-USR-097,23.8326,91.287618,26.4,2026-08-02,15:56:00,2026-08-02 15:56:00
IND-USR-097,23.830209,91.287394,92.0,2026-08-02,16:07:00,2026-08-02 16:07:00
IND-USR-097,23.82688,91.28984,942.9,2026-08-02,16:12:00,2026-08-02 16:12:00
IND-USR-097,23.827513,91.284378,903.4,2026-08-02,16:31:00,2026-08-02 16:31:00
IND-USR-097,23.834095,91.291616,669.1,2026-08-02,16:50:00,2026-08-02 16:50:00
IND-USR-097,23.837843,91.291023,526.0,2026-08-02,16:55:00,2026-08-02 16:55:00
IND-USR-097,23.830204,91.280636,892.0,2026-08-02,17:10:00,2026-08-02 17:10:00
IND-USR-097,23.83712,91.292283,749.1,2026-08-02,17:17:00,2026-08-02 17:17:00
IND-USR-097,23.828812,91.290485,335.2,2026-08-02,17:29:00,2026-08-02 17:29:00
IND-USR-097,23.830171,91.292805,279.7,2026-08-02,17:31:00,2026-08-02 17:31:00
IND-USR-097,23.829441,91.294715,117.6,2026-08-02,17:45:00,2026-08-02 17:45:00
IND-USR-097,23.834644,91.29399,67.2,2026-08-02,17:48:00,2026-08-02 17:48:00
IND-USR-097,23.829645,91.28842,215.9,2026-08-02,17:55:00,2026-08-02 17:55:00
IND-USR-097,23.827623,91.290176,410.9,2026-08-02,18:05:00,2026-08-02 18:05:00
IND-USR-097,23.835096,91.296388,60.6,2026-08-02,18:07:00,2026-08-02 18:07:00
IND-USR-097,23.833428,91.289696,537.9,2026-08-02,18:13:00,2026-08-02 18:13:00
IND-USR-097,23.829617,91.288966,144.7,2026-08-02,18:31:00,2026-08-02 18:31:00
IND-USR-097,23.82998,91.287263,37.8,2026-08-02,18:35:00,2026-08-02 18:35:00
IND-USR-097,23.832198,91.285391,198.5,2026-08-02,18:42:00,2026-08-02 18:42:00
IND-USR-097,23.831752,91.285299,543.7,2026-08-02,18:48:00,2026-08-02 18:48:00
IND-USR-097,23.829981,91.291107,74.5,2026-08-02,19:03:00,2026-08-02 19:03:00
IND-USR-097,23.832202,91.288188,127.6,2026-08-02,19:07:00,2026-08-02 19:07:00
IND-USR-097,23.825671,91.288494,899.7,2026-08-02,19:17:00,2026-08-02 19:17:00
IND-USR-097,23.833622,91.285207,20.8,2026-08-02,19:30:00,2026-08-02 19:30:00
IND-USR-097,23.83984,91.277643,419.1,2026-08-02,19:45:00,2026-08-02 19:45:00
IND-USR-097,23.834637,91.289651,220.9,2026-08-02,19:57:00,2026-08-02 19:57:00
IND-USR-097,23.833666,91.287505,303.3,2026-08-02,20:07:00,2026-08-02 20:07:00
IND-USR-097,23.833703,91.290273,922.4,2026-08-02,20:10:00,2026-08-02 20:10:00
IND-USR-097,23.828596,91.287997,625.8,2026-08-02,20:21:00,2026-08-02 20:21:00
IND-USR-097,23.830767,91.282425,929.8,2026-08-02,20:27:00,2026-08-02 20:27:00
IND-USR-097,23.834369,91.284543,938.3,2026-08-02,20:42:00,2026-08-02 20:42:00
IND-USR-097,23.825509,91.284644,369.9,2026-08-02,20:53:00,2026-08-02 20:53:00
IND-USR-097,23.828304,91.290914,110.6,2026-08-02,20:55:00,2026-08-02 20:55:00
IND-USR-097,23.832113,91.29233,322.9,2026-08-02,20:59:00,2026-08-02 20:59:00
IND-USR-097,23.828834,91.290297,354.0,2026-08-02,21:01:00,2026-08-02 21:01:00
IND-USR-097,23.842858,91.288224,916.2,2026-08-02,21:09:00,2026-08-02 21:09:00
IND-USR-097,23.834947,91.289574,472.3,2026-08-02,21:20:00,2026-08-02 21:20:00
IND-USR-097,23.825812,91.289143,253.9,2026-08-02,21:26:00,2026-08-02 21:26:00
IND-USR-097,23.832726,91.285761,534.8,2026-08-02,21:39:00,2026-08-02 21:39:00
IND-USR-097,23.827964,91.289576,88.1,2026-08-02,21:54:00,2026-08-02 21:54:00
IND-USR-097,23.82761,91.295335,512.7,2026-08-02,22:09:00,2026-08-02 22:09:00
IND-USR-098,23.831957,91.281907,714.5,2026-08-03,06:05:00,2026-08-03 06:05:00
IND-USR-098,23.829444,91.285687,786.5,2026-08-03,06:11:00,2026-08-03 06:11:00
IND-USR-098,23.84115,91.283262,380.6,2026-08-03,06:18:00,2026-08-03 06:18:00
IND-USR-098,23.831035,91.284649,488.8,2026-08-03,06:20:00,2026-08-03 06:20:00
IND-USR-098,23.833497,91.284712,671.4,2026-08-03,06:35:00,2026-08-03 06:35:00
IND-USR-098,23.826944,91.286019,888.9,2026-08-03,06:49:00,2026-08-03 06:49:00
IND-USR-098,23.830302,91.284431,905.5,2026-08-03,07:03:00,2026-08-03 07:03:00
IND-USR-098,23.829345,91.291539,269.5,2026-08-03,07:09:00,2026-08-03 07:09:00
IND-USR-098,23.830221,91.282263,909.0,2026-08-03,07:13:00,2026-08-03 07:13:00
IND-USR-098,23.829652,91.287017,840.8,2026-08-03,07:29:00,2026-08-03 07:29:00
IND-USR-098,23.826155,91.293304,811.2,2026-08-03,07:44:00,2026-08-03 07:44:00
IND-USR-098,23.83497,91.292521,490.0,2026-08-03,08:00:00,2026-08-03 08:00:00
IND-USR-098,23.833069,91.278425,752.7,2026-08-03,08:10:00,2026-08-03 08:10:00
IND-USR-098,23.837641,91.283346,454.9,2026-08-03,08:21:00,2026-08-03 08:21:00
IND-USR-098,23.828371,91.287425,632.6,2026-08-03,08:25:00,2026-08-03 08:25:00
IND-USR-098,23.837013,91.291013,66.5,2026-08-03,08:45:00,2026-08-03 08:45:00
IND-USR-098,23.835125,91.285553,349.9,2026-08-03,08:53:00,2026-08-03 08:53:00
IND-USR-098,23.83019,91.288184,398.0,2026-08-03,08:56:00,2026-08-03 08:56:00
IND-USR-098,23.83098,91.290357,767.9,2026-08-03,09:01:00,2026-08-03 09:01:00
IND-USR-098,23.83482,91.289165,480.6,2026-08-03,09:12:00,2026-08-03 09:12:00
IND-USR-098,23.821396,91.287312,943.8,2026-08-03,09:29:00,2026-08-03 09:29:00
IND-USR-098,23.831065,91.287472,128.0,2026-08-03,09:35:00,2026-08-03 09:35:00
IND-USR-098,23.828483,91.281501,822.2,2026-08-03,09:47:00,2026-08-03 09:47:00
IND-USR-098,23.833353,91.285375,299.1,2026-08-03,09:55:00,2026-08-03 09:55:00
IND-USR-098,23.833799,91.284116,692.5,2026-08-03,10:06:00,2026-08-03 10:06:00
IND-USR-098,23.837164,91.290804,524.8,2026-08-03,10:20:00,2026-08-03 10:20:00
IND-USR-098,23.832687,91.285947,151.8,2026-08-03,10:25:00,2026-08-03 10:25:00
IND-USR-098,23.83491,91.28837,753.2,2026-08-03,10:37:00,2026-08-03 10:37:00
IND-USR-098,23.832454,91.290971,802.9,2026-08-03,10:52:00,2026-08-03 10:52:00
IND-USR-098,23.837206,91.28179,163.8,2026-08-03,11:05:00,2026-08-03 11:05:00
IND-USR-098,23.827298,91.283679,550.3,2026-08-03,11:15:00,2026-08-03 11:15:00
IND-USR-098,23.82549,91.286549,26.2,2026-08-03,11:22:00,2026-08-03 11:22:00
IND-USR-098,23.8339,91.286714,630.3,2026-08-03,11:36:00,2026-08-03 11:36:00
IND-USR-098,23.829364,91.291306,763.0,2026-08-03,11:46:00,2026-08-03 11:46:00
IND-USR-098,23.832062,91.288172,730.4,2026-08-03,11:50:00,2026-08-03 11:50:00
IND-USR-098,23.836117,91.286307,640.3,2026-08-03,11:55:00,2026-08-03 11:55:00
IND-USR-098,23.839741,91.285009,737.7,2026-08-03,12:12:00,2026-08-03 12:12:00
IND-USR-098,23.839492,91.282901,527.4,2026-08-03,12:31:00,2026-08-03 12:31:00
IND-USR-098,23.83357,91.28423,147.9,2026-08-03,12:49:00,2026-08-03 12:49:00
IND-USR-098,23.835978,91.284887,12.4,2026-08-03,12:58:00,2026-08-03 12:58:00
IND-USR-098,23.832663,91.284198,229.5,2026-08-03,13:13:00,2026-08-03 13:13:00
IND-USR-098,23.835249,91.284177,327.1,2026-08-03,13:22:00,2026-08-03 13:22:00
IND-USR-098,23.838234,91.282816,751.6,2026-08-03,13:42:00,2026-08-03 13:42:00
IND-USR-098,23.826117,91.290606,832.0,2026-08-03,14:00:00,2026-08-03 14:00:00
IND-USR-098,23.829133,91.286771,767.9,2026-08-03,14:18:00,2026-08-03 14:18:00
IND-USR-098,23.830211,91.28155,506.5,2026-08-03,14:22:00,2026-08-03 14:22:00
IND-USR-098,23.831192,91.29186,561.5,2026-08-03,14:32:00,2026-08-03 14:32:00
IND-USR-098,23.835513,91.287727,514.6,2026-08-03,14:47:00,2026-08-03 14:47:00
IND-USR-098,23.835949,91.282562,390.8,2026-08-03,15:01:00,2026-08-03 15:01:00
IND-USR-098,23.830198,91.288383,336.5,2026-08-03,15:03:00,2026-08-03 15:03:00
IND-USR-098,23.830978,91.285813,777.6,2026-08-03,15:08:00,2026-08-03 15:08:00
IND-USR-098,23.826697,91.278475,180.8,2026-08-03,15:11:00,2026-08-03 15:11:00
IND-USR-098,23.834771,91.287773,776.3,2026-08-03,15:18:00,2026-08-03 15:18:00
IND-USR-098,23.835108,91.285051,302.3,2026-08-03,15:31:00,2026-08-03 15:31:00
IND-USR-098,23.828649,91.286826,87.3,2026-08-03,15:41:00,2026-08-03 15:41:00
IND-USR-098,23.834917,91.285874,242.3,2026-08-03,15:48:00,2026-08-03 15:48:00
IND-USR-098,23.834707,91.282775,121.4,2026-08-03,15:50:00,2026-08-03 15:50:00
IND-USR-098,23.830854,91.28652,57.9,2026-08-03,16:04:00,2026-08-03 16:04:00
IND-USR-098,23.836406,91.287631,408.5,2026-08-03,16:22:00,2026-08-03 16:22:00
IND-USR-098,23.838484,91.281409,476.9,2026-08-03,16:31:00,2026-08-03 16:31:00
IND-USR-098,23.83202,91.287518,680.7,2026-08-03,16:36:00,2026-08-03 16:36:00
IND-USR-098,23.83398,91.283547,371.9,2026-08-03,16:54:00,2026-08-03 16:54:00
IND-USR-098,23.838238,91.286852,200.5,2026-08-03,16:57:00,2026-08-03 16:57:00
IND-USR-098,23.827152,91.286736,949.5,2026-08-03,17:00:00,2026-08-03 17:00:00
IND-USR-098,23.830247,91.297933,108.7,2026-08-03,17:08:00,2026-08-03 17:08:00
IND-USR-098,23.8357,91.286999,527.7,2026-08-03,17:24:00,2026-08-03 17:24:00
IND-USR-098,23.831052,91.290604,595.5,2026-08-03,17:44:00,2026-08-03 17:44:00
IND-USR-098,23.835495,91.275154,85.4,2026-08-03,17:47:00,2026-08-03 17:47:00
IND-USR-098,23.834072,91.286912,40.5,2026-08-03,17:57:00,2026-08-03 17:57:00
IND-USR-098,23.826255,91.290321,207.3,2026-08-03,17:59:00,2026-08-03 17:59:00
IND-USR-098,23.840485,91.289027,774.5,2026-08-03,18:16:00,2026-08-03 18:16:00
IND-USR-098,23.835902,91.294016,110.5,2026-08-03,18:25:00,2026-08-03 18:25:00
IND-USR-098,23.828179,91.27937,712.7,2026-08-03,18:42:00,2026-08-03 18:42:00
IND-USR-098,23.834127,91.28581,783.3,2026-08-03,19:02:00,2026-08-03 19:02:00
IND-USR-098,23.826003,91.286487,400.0,2026-08-03,19:21:00,2026-08-03 19:21:00
IND-USR-098,23.83441,91.286204,841.5,2026-08-03,19:26:00,2026-08-03 19:26:00
IND-USR-098,23.828353,91.285906,841.1,2026-08-03,19:40:00,2026-08-03 19:40:00
IND-USR-098,23.831422,91.279082,724.9,2026-08-03,19:46:00,2026-08-03 19:46:00
IND-USR-098,23.830929,91.281423,652.7,2026-08-03,19:59:00,2026-08-03 19:59:00
IND-USR-098,23.834136,91.280556,688.5,2026-08-03,20:02:00,2026-08-03 20:02:00
IND-USR-098,23.835551,91.285163,102.6,2026-08-03,20:12:00,2026-08-03 20:12:00
IND-USR-098,23.829328,91.287978,804.7,2026-08-03,20:23:00,2026-08-03 20:23:00
IND-USR-098,23.828036,91.287915,782.2,2026-08-03,20:39:00,2026-08-03 20:39:00
IND-USR-098,23.828572,91.284573,825.3,2026-08-03,20:51:00,2026-08-03 20:51:00
IND-USR-098,23.833121,91.282246,601.0,2026-08-03,20:53:00,2026-08-03 20:53:00
IND-USR-098,23.826443,91.287793,203.7,2026-08-03,20:57:00,2026-08-03 20:57:00
IND-USR-098,23.831392,91.287475,330.3,2026-08-03,21:13:00,2026-08-03 21:13:00
IND-USR-098,23.832811,91.28703,508.3,2026-08-03,21:25:00,2026-08-03 21:25:00
IND-USR-098,23.833932,91.28719,31.3,2026-08-03,21:30:00,2026-08-03 21:30:00
IND-USR-098,23.823471,91.279808,534.6,2026-08-03,21:37:00,2026-08-03 21:37:00
IND-USR-098,23.839212,91.2868,501.2,2026-08-03,21:53:00,2026-08-03 21:53:00
IND-USR-098,23.835301,91.285417,453.4,2026-08-03,21:55:00,2026-08-03 21:55:00
IND-USR-098,23.831268,91.284987,572.8,2026-08-03,22:11:00,2026-08-03 22:11:00
IND-USR-098,23.841364,91.287813,682.2,2026-08-03,22:14:00,2026-08-03 22:14:00
IND-USR-098,23.829361,91.280194,115.2,2026-08-03,22:30:00,2026-08-03 22:30:00
IND-USR-098,23.839395,91.286147,109.4,2026-08-03,22:45:00,2026-08-03 22:45:00
IND-USR-098,23.834477,91.290224,529.4,2026-08-03,22:47:00,2026-08-03 22:47:00
IND-USR-098,23.829649,91.28949,114.4,2026-08-03,23:05:00,2026-08-03 23:05:00
IND-USR-098,23.829083,91.282838,927.4,2026-08-03,23:22:00,2026-08-03 23:22:00
IND-USR-098,23.836158,91.286167,132.0,2026-08-03,23:28:00,2026-08-03 23:28:00
IND-USR-099,23.833574,91.288444,605.7,2026-08-04,06:20:00,2026-08-04 06:20:00
IND-USR-099,23.834052,91.280574,246.2,2026-08-04,06:34:00,2026-08-04 06:34:00
IND-USR-099,23.829159,91.285502,738.4,2026-08-04,06:51:00,2026-08-04 06:51:00
IND-USR-099,23.828174,91.288516,196.1,2026-08-04,07:10:00,2026-08-04 07:10:00
IND-USR-099,23.836248,91.292181,797.3,2026-08-04,07:22:00,2026-08-04 07:22:00
IND-USR-099,23.830143,91.287968,430.6,2026-08-04,07:25:00,2026-08-04 07:25:00
IND-USR-099,23.833283,91.289285,536.1,2026-08-04,07:40:00,2026-08-04 07:40:00
IND-USR-099,23.827987,91.294082,855.7,2026-08-04,07:45:00,2026-08-04 07:45:00
IND-USR-099,23.835206,91.290611,181.1,2026-08-04,07:47:00,2026-08-04 07:47:00
IND-USR-099,23.836314,91.288937,524.2,2026-08-04,07:58:00,2026-08-04 07:58:00
IND-USR-099,23.827391,91.286244,354.4,2026-08-04,08:17:00,2026-08-04 08:17:00
IND-USR-099,23.824896,91.28846,447.6,2026-08-04,08:30:00,2026-08-04 08:30:00
IND-USR-099,23.830823,91.286638,39.6,2026-08-04,08:48:00,2026-08-04 08:48:00
IND-USR-099,23.836316,91.284972,622.3,2026-08-04,08:55:00,2026-08-04 08:55:00
IND-USR-099,23.830492,91.286888,192.5,2026-08-04,09:06:00,2026-08-04 09:06:00
IND-USR-099,23.82414,91.285736,210.5,2026-08-04,09:12:00,2026-08-04 09:12:00
IND-USR-099,23.821557,91.284458,916.2,2026-08-04,09:26:00,2026-08-04 09:26:00
IND-USR-099,23.834921,91.288589,922.1,2026-08-04,09:33:00,2026-08-04 09:33:00
IND-USR-099,23.829121,91.286963,377.3,2026-08-04,09:38:00,2026-08-04 09:38:00
IND-USR-099,23.8272,91.286791,752.0,2026-08-04,09:41:00,2026-08-04 09:41:00
IND-USR-099,23.843221,91.294183,576.3,2026-08-04,09:55:00,2026-08-04 09:55:00
IND-USR-099,23.83171,91.287441,528.4,2026-08-04,10:09:00,2026-08-04 10:09:00
IND-USR-099,23.827582,91.283593,254.0,2026-08-04,10:25:00,2026-08-04 10:25:00
IND-USR-099,23.832949,91.2847,28.7,2026-08-04,10:42:00,2026-08-04 10:42:00
IND-USR-099,23.835117,91.293079,651.3,2026-08-04,10:58:00,2026-08-04 10:58:00
IND-USR-099,23.83283,91.287207,72.3,2026-08-04,11:11:00,2026-08-04 11:11:00
IND-USR-099,23.824777,91.28979,241.2,2026-08-04,11:16:00,2026-08-04 11:16:00
IND-USR-099,23.826925,91.285128,665.2,2026-08-04,11:29:00,2026-08-04 11:29:00
IND-USR-099,23.835338,91.290919,94.1,2026-08-04,11:35:00,2026-08-04 11:35:00
IND-USR-099,23.829634,91.285164,701.7,2026-08-04,11:38:00,2026-08-04 11:38:00
IND-USR-099,23.828703,91.282009,851.0,2026-08-04,11:53:00,2026-08-04 11:53:00
IND-USR-099,23.828961,91.280347,375.1,2026-08-04,11:59:00,2026-08-04 11:59:00
IND-USR-099,23.834232,91.288378,461.5,2026-08-04,12:01:00,2026-08-04 12:01:00
IND-USR-099,23.833742,91.282982,214.5,2026-08-04,12:03:00,2026-08-04 12:03:00
IND-USR-099,23.82672,91.287014,53.6,2026-08-04,12:16:00,2026-08-04 12:16:00
IND-USR-099,23.831756,91.286211,730.8,2026-08-04,12:34:00,2026-08-04 12:34:00
IND-USR-099,23.830342,91.293643,275.1,2026-08-04,12:41:00,2026-08-04 12:41:00
IND-USR-099,23.833204,91.294683,670.6,2026-08-04,12:49:00,2026-08-04 12:49:00
IND-USR-099,23.836576,91.293613,592.8,2026-08-04,12:54:00,2026-08-04 12:54:00
IND-USR-099,23.827202,91.289173,553.2,2026-08-04,13:03:00,2026-08-04 13:03:00
IND-USR-099,23.829773,91.280146,519.3,2026-08-04,13:14:00,2026-08-04 13:14:00
IND-USR-099,23.837484,91.285625,483.2,2026-08-04,13:25:00,2026-08-04 13:25:00
IND-USR-099,23.82728,91.285142,32.2,2026-08-04,13:34:00,2026-08-04 13:34:00
IND-USR-099,23.828315,91.284025,868.1,2026-08-04,13:45:00,2026-08-04 13:45:00
IND-USR-099,23.830614,91.293723,574.6,2026-08-04,14:00:00,2026-08-04 14:00:00
IND-USR-099,23.828835,91.293437,775.2,2026-08-04,14:04:00,2026-08-04 14:04:00
IND-USR-099,23.834895,91.288385,816.7,2026-08-04,14:16:00,2026-08-04 14:16:00
IND-USR-099,23.834492,91.286855,148.5,2026-08-04,14:19:00,2026-08-04 14:19:00
IND-USR-099,23.836644,91.289068,866.9,2026-08-04,14:32:00,2026-08-04 14:32:00
IND-USR-099,23.824841,91.287985,457.7,2026-08-04,14:46:00,2026-08-04 14:46:00
IND-USR-099,23.834636,91.285644,727.8,2026-08-04,14:59:00,2026-08-04 14:59:00
IND-USR-099,23.832005,91.284349,939.8,2026-08-04,15:18:00,2026-08-04 15:18:00
IND-USR-099,23.825989,91.280598,390.0,2026-08-04,15:29:00,2026-08-04 15:29:00
IND-USR-099,23.825352,91.289476,227.2,2026-08-04,15:38:00,2026-08-04 15:38:00
IND-USR-099,23.821539,91.284134,228.7,2026-08-04,15:50:00,2026-08-04 15:50:00
IND-USR-099,23.828437,91.285671,95.3,2026-08-04,16:09:00,2026-08-04 16:09:00
IND-USR-099,23.824074,91.288416,316.3,2026-08-04,16:11:00,2026-08-04 16:11:00
IND-USR-099,23.826407,91.29133,837.6,2026-08-04,16:16:00,2026-08-04 16:16:00
IND-USR-099,23.829013,91.286418,867.4,2026-08-04,16:26:00,2026-08-04 16:26:00
IND-USR-099,23.831515,91.287777,254.0,2026-08-04,16:41:00,2026-08-04 16:41:00
IND-USR-099,23.831648,91.285092,471.1,2026-08-04,16:47:00,2026-08-04 16:47:00
IND-USR-099,23.832872,91.288665,750.0,2026-08-04,17:07:00,2026-08-04 17:07:00
IND-USR-099,23.828439,91.288505,310.9,2026-08-04,17:12:00,2026-08-04 17:12:00
IND-USR-099,23.836267,91.289624,528.7,2026-08-04,17:21:00,2026-08-04 17:21:00
IND-USR-099,23.83523,91.287488,709.8,2026-08-04,17:33:00,2026-08-04 17:33:00
IND-USR-099,23.827755,91.283561,138.6,2026-08-04,17:38:00,2026-08-04 17:38:00
IND-USR-099,23.83278,91.290571,861.5,2026-08-04,17:42:00,2026-08-04 17:42:00
IND-USR-099,23.842644,91.290727,319.7,2026-08-04,17:59:00,2026-08-04 17:59:00
IND-USR-099,23.826818,91.283731,135.9,2026-08-04,18:04:00,2026-08-04 18:04:00
IND-USR-099,23.840614,91.285942,359.8,2026-08-04,18:24:00,2026-08-04 18:24:00
IND-USR-099,23.83169,91.282958,477.9,2026-08-04,18:44:00,2026-08-04 18:44:00
IND-USR-099,23.83776,91.288801,330.9,2026-08-04,18:49:00,2026-08-04 18:49:00
IND-USR-099,23.828402,91.282825,155.5,2026-08-04,18:59:00,2026-08-04 18:59:00
IND-USR-099,23.832729,91.286977,726.7,2026-08-04,19:02:00,2026-08-04 19:02:00
IND-USR-099,23.834828,91.288988,161.1,2026-08-04,19:18:00,2026-08-04 19:18:00
IND-USR-099,23.830442,91.284625,27.7,2026-08-04,19:32:00,2026-08-04 19:32:00
IND-USR-099,23.83086,91.284597,749.6,2026-08-04,19:43:00,2026-08-04 19:43:00
IND-USR-099,23.830979,91.286866,722.9,2026-08-04,19:58:00,2026-08-04 19:58:00
IND-USR-099,23.827908,91.289323,735.4,2026-08-04,20:11:00,2026-08-04 20:11:00
IND-USR-099,23.830018,91.283432,736.8,2026-08-04,20:26:00,2026-08-04 20:26:00
IND-USR-099,23.830094,91.287769,142.9,2026-08-04,20:42:00,2026-08-04 20:42:00
IND-USR-099,23.831832,91.288488,70.8,2026-08-04,20:55:00,2026-08-04 20:55:00
IND-USR-099,23.835093,91.29202,35.7,2026-08-04,21:00:00,2026-08-04 21:00:00
IND-USR-099,23.832642,91.282522,67.5,2026-08-04,21:08:00,2026-08-04 21:08:00
IND-USR-099,23.830424,91.282783,446.0,2026-08-04,21:26:00,2026-08-04 21:26:00
IND-USR-099,23.838287,91.29475,371.2,2026-08-04,21:39:00,2026-08-04 21:39:00
IND-USR-099,23.834101,91.290234,719.4,2026-08-04,21:49:00,2026-08-04 21:49:00
IND-USR-099,23.832504,91.288264,509.7,2026-08-04,22:06:00,2026-08-04 22:06:00
IND-USR-099,23.82511,91.286504,462.3,2026-08-04,22:15:00,2026-08-04 22:15:00
IND-USR-099,23.827975,91.287925,213.5,2026-08-04,22:18:00,2026-08-04 22:18:00
IND-USR-099,23.831262,91.294587,309.0,2026-08-04,22:35:00,2026-08-04 22:35:00
IND-USR-099,23.835167,91.287938,508.3,2026-08-04,22:44:00,2026-08-04 22:44:00
IND-USR-099,23.830432,91.293504,845.3,2026-08-04,22:51:00,2026-08-04 22:51:00
IND-USR-099,23.83138,91.288127,782.1,2026-08-04,23:02:00,2026-08-04 23:02:00
IND-USR-099,23.831669,91.285183,483.1,2026-08-04,23:13:00,2026-08-04 23:13:00
IND-USR-099,23.831646,91.278952,673.3,2026-08-04,23:25:00,2026-08-04 23:25:00
IND-USR-099,23.825309,91.288199,370.3,2026-08-04,23:32:00,2026-08-04 23:32:00
IND-USR-099,23.837773,91.288193,538.9,2026-08-04,23:39:00,2026-08-04 23:39:00
IND-USR-099,23.828619,91.281029,254.0,2026-08-04,23:51:00,2026-08-04 23:51:00
IND-USR-099,23.834638,91.284531,654.1,2026-08-05,00:05:00,2026-08-05 00:05:00
IND-USR-099,23.834073,91.288359,932.4,2026-08-05,00:19:00,2026-08-05 00:19:00
IND-USR-099,23.833413,91.286934,184.8,2026-08-05,00:35:00,2026-08-05 00:35:00
IND-USR-099,23.833035,91.286322,793.9,2026-08-05,00:53:00,2026-08-05 00:53:00
IND-USR-099,23.828959,91.282946,431.8,2026-08-05,00:56:00,2026-08-05 00:56:00
IND-USR-099,23.82196,91.286076,245.6,2026-08-05,01:11:00,2026-08-05 01:11:00
IND-USR-099,23.837578,91.28972,428.6,2026-08-05,01:13:00,2026-08-05 01:13:00
IND-USR-099,23.832411,91.283864,652.2,2026-08-05,01:27:00,2026-08-05 01:27:00
IND-USR-099,23.835489,91.286323,459.5,2026-08-05,01:33:00,2026-08-05 01:33:00
IND-USR-099,23.8378,91.282876,818.1,2026-08-05,01:37:00,2026-08-05 01:37:00
IND-USR-099,23.8285,91.283411,896.5,2026-08-05,01:45:00,2026-08-05 01:45:00
IND-USR-099,23.825572,91.283052,693.0,2026-08-05,01:53:00,2026-08-05 01:53:00
IND-USR-099,23.831913,91.283951,457.3,2026-08-05,02:07:00,2026-08-05 02:07:00
IND-USR-099,23.816074,91.291097,346.6,2026-08-05,02:13:00,2026-08-05 02:13:00
IND-USR-099,23.824764,91.289157,214.8,2026-08-05,02:19:00,2026-08-05 02:19:00
IND-USR-099,23.831625,91.295269,415.4,2026-08-05,02:37:00,2026-08-05 02:37:00
IND-USR-099,23.835488,91.284782,795.7,2026-08-05,02:55:00,2026-08-05 02:55:00
IND-USR-099,23.828692,91.292811,392.1,2026-08-05,02:58:00,2026-08-05 02:58:00
IND-USR-099,23.825597,91.287564,759.5,2026-08-05,03:00:00,2026-08-05 03:00:00
IND-USR-100,23.830976,91.285427,565.8,2026-08-09,06:14:00,2026-08-09 06:14:00
IND-USR-100,23.832914,91.287558,175.8,2026-08-09,06:23:00,2026-08-09 06:23:00
IND-USR-100,23.83333,91.287356,743.4,2026-08-09,06:35:00,2026-08-09 06:35:00
IND-USR-100,23.833171,91.287173,254.1,2026-08-09,06:44:00,2026-08-09 06:44:00
IND-USR-100,23.828862,91.286816,750.9,2026-08-09,06:57:00,2026-08-09 06:57:00
IND-USR-100,23.828642,91.283678,897.0,2026-08-09,07:15:00,2026-08-09 07:15:00
IND-USR-100,23.830155,91.286322,455.8,2026-08-09,07:21:00,2026-08-09 07:21:00
IND-USR-100,23.831641,91.290466,403.0,2026-08-09,07:41:00,2026-08-09 07:41:00
IND-USR-100,23.829506,91.287587,909.6,2026-08-09,07:45:00,2026-08-09 07:45:00
IND-USR-100,23.831972,91.284365,570.4,2026-08-09,07:57:00,2026-08-09 07:57:00
IND-USR-100,23.831795,91.290811,413.3,2026-08-09,08:13:00,2026-08-09 08:13:00
IND-USR-100,23.832246,91.287706,739.9,2026-08-09,08:23:00,2026-08-09 08:23:00
IND-USR-100,23.828679,91.294675,190.3,2026-08-09,08:35:00,2026-08-09 08:35:00
IND-USR-100,23.828907,91.280129,396.8,2026-08-09,08:47:00,2026-08-09 08:47:00
IND-USR-100,23.834941,91.286341,702.5,2026-08-09,08:50:00,2026-08-09 08:50:00
IND-USR-100,23.830288,91.284618,569.7,2026-08-09,09:08:00,2026-08-09 09:08:00
IND-USR-100,23.838987,91.288218,479.8,2026-08-09,09:24:00,2026-08-09 09:24:00
IND-USR-100,23.833699,91.28745,333.6,2026-08-09,09:36:00,2026-08-09 09:36:00
IND-USR-100,23.83258,91.292394,420.2,2026-08-09,09:43:00,2026-08-09 09:43:00
IND-USR-100,23.830497,91.280972,561.5,2026-08-09,09:47:00,2026-08-09 09:47:00
IND-USR-100,23.834972,91.288787,236.8,2026-08-09,09:49:00,2026-08-09 09:49:00
IND-USR-100,23.831932,91.288683,254.1,2026-08-09,10:07:00,2026-08-09 10:07:00
IND-USR-100,23.830017,91.286883,458.2,2026-08-09,10:14:00,2026-08-09 10:14:00
IND-USR-100,23.830973,91.284434,714.6,2026-08-09,10:28:00,2026-08-09 10:28:00
IND-USR-100,23.836257,91.281151,438.1,2026-08-09,10:34:00,2026-08-09 10:34:00
IND-USR-100,23.840944,91.290309,179.4,2026-08-09,10:42:00,2026-08-09 10:42:00
IND-USR-100,23.824388,91.285903,174.9,2026-08-09,10:49:00,2026-08-09 10:49:00
IND-USR-100,23.830826,91.288368,463.2,2026-08-09,10:55:00,2026-08-09 10:55:00
IND-USR-100,23.827542,91.286928,725.9,2026-08-09,11:00:00,2026-08-09 11:00:00
IND-USR-100,23.831016,91.28385,790.3,2026-08-09,11:16:00,2026-08-09 11:16:00
IND-USR-100,23.827993,91.290475,410.4,2026-08-09,11:33:00,2026-08-09 11:33:00
IND-USR-100,23.824714,91.288712,920.6,2026-08-09,11:38:00,2026-08-09 11:38:00
IND-USR-100,23.83469,91.285926,407.6,2026-08-09,11:43:00,2026-08-09 11:43:00
IND-USR-100,23.831709,91.291454,742.7,2026-08-09,11:46:00,2026-08-09 11:46:00
IND-USR-100,23.828681,91.284393,589.8,2026-08-09,11:53:00,2026-08-09 11:53:00
IND-USR-100,23.829518,91.291461,359.6,2026-08-09,12:12:00,2026-08-09 12:12:00
IND-USR-100,23.836669,91.281216,262.1,2026-08-09,12:23:00,2026-08-09 12:23:00
IND-USR-100,23.835525,91.290076,389.9,2026-08-09,12:42:00,2026-08-09 12:42:00
IND-USR-100,23.837714,91.28834,228.7,2026-08-09,13:01:00,2026-08-09 13:01:00
IND-USR-100,23.831323,91.291381,175.2,2026-08-09,13:14:00,2026-08-09 13:14:00
IND-USR-100,23.834296,91.29578,795.4,2026-08-09,13:19:00,2026-08-09 13:19:00
IND-USR-100,23.835335,91.287414,17.4,2026-08-09,13:39:00,2026-08-09 13:39:00
IND-USR-100,23.826804,91.284476,815.1,2026-08-09,13:59:00,2026-08-09 13:59:00
IND-USR-100,23.825756,91.28594,185.9,2026-08-09,14:06:00,2026-08-09 14:06:00
IND-USR-100,23.835204,91.286785,712.1,2026-08-09,14:13:00,2026-08-09 14:13:00
IND-USR-100,23.835587,91.28815,757.0,2026-08-09,14:33:00,2026-08-09 14:33:00
IND-USR-100,23.829888,91.287151,99.9,2026-08-09,14:35:00,2026-08-09 14:35:00
IND-USR-100,23.833388,91.287357,183.3,2026-08-09,14:45:00,2026-08-09 14:45:00
IND-USR-100,23.832103,91.283724,262.5,2026-08-09,14:59:00,2026-08-09 14:59:00
IND-USR-100,23.829768,91.295834,66.9,2026-08-09,15:03:00,2026-08-09 15:03:00
IND-USR-100,23.836414,91.280905,33.8,2026-08-09,15:22:00,2026-08-09 15:22:00
IND-USR-100,23.822032,91.287105,433.5,2026-08-09,15:26:00,2026-08-09 15:26:00
IND-USR-100,23.835074,91.28472,876.3,2026-08-09,15:28:00,2026-08-09 15:28:00
IND-USR-100,23.835587,91.287039,386.1,2026-08-09,15:32:00,2026-08-09 15:32:00
IND-USR-100,23.830848,91.289824,428.9,2026-08-09,15:40:00,2026-08-09 15:40:00
IND-USR-100,23.829372,91.285653,844.9,2026-08-09,15:43:00,2026-08-09 15:43:00
IND-USR-100,23.834181,91.286674,894.9,2026-08-09,15:45:00,2026-08-09 15:45:00
IND-USR-100,23.839135,91.289575,558.3,2026-08-09,15:56:00,2026-08-09 15:56:00
IND-USR-100,23.834015,91.286602,183.7,2026-08-09,16:04:00,2026-08-09 16:04:00
IND-USR-100,23.834999,91.28551,182.5,2026-08-09,16:20:00,2026-08-09 16:20:00
IND-USR-100,23.83263,91.283135,364.1,2026-08-09,16:30:00,2026-08-09 16:30:00
IND-USR-100,23.835658,91.287962,811.6,2026-08-09,16:39:00,2026-08-09 16:39:00
IND-USR-100,23.83943,91.296369,160.3,2026-08-09,16:55:00,2026-08-09 16:55:00
IND-USR-100,23.834553,91.287074,745.6,2026-08-09,17:05:00,2026-08-09 17:05:00
IND-USR-100,23.827716,91.290419,930.2,2026-08-09,17:20:00,2026-08-09 17:20:00
IND-USR-100,23.832341,91.288952,15.0,2026-08-09,17:39:00,2026-08-09 17:39:00
IND-USR-100,23.838419,91.283502,910.4,2026-08-09,17:48:00,2026-08-09 17:48:00
IND-USR-100,23.827803,91.285854,706.9,2026-08-09,17:51:00,2026-08-09 17:51:00
IND-USR-100,23.834785,91.289019,254.5,2026-08-09,18:03:00,2026-08-09 18:03:00
IND-USR-100,23.827917,91.289826,838.1,2026-08-09,18:10:00,2026-08-09 18:10:00
IND-USR-100,23.826695,91.283449,315.5,2026-08-09,18:29:00,2026-08-09 18:29:00
IND-USR-100,23.831038,91.284586,703.9,2026-08-09,18:38:00,2026-08-09 18:38:00
IND-USR-100,23.835059,91.287946,129.6,2026-08-09,18:47:00,2026-08-09 18:47:00
IND-USR-100,23.838562,91.285811,941.8,2026-08-09,18:54:00,2026-08-09 18:54:00
IND-USR-100,23.831011,91.291642,179.4,2026-08-09,19:11:00,2026-08-09 19:11:00
IND-USR-100,23.831136,91.292776,160.5,2026-08-09,19:15:00,2026-08-09 19:15:00
IND-USR-100,23.833663,91.277389,120.8,2026-08-09,19:35:00,2026-08-09 19:35:00
IND-USR-100,23.83621,91.290451,218.9,2026-08-09,19:49:00,2026-08-09 19:49:00
IND-USR-100,23.835305,91.279156,290.6,2026-08-09,19:52:00,2026-08-09 19:52:00
IND-USR-100,23.828848,91.284445,778.1,2026-08-09,20:12:00,2026-08-09 20:12:00
IND-USR-100,23.828136,91.293768,127.9,2026-08-09,20:15:00,2026-08-09 20:15:00
IND-USR-100,23.831453,91.286654,685.4,2026-08-09,20:30:00,2026-08-09 20:30:00
IND-USR-100,23.833708,91.289077,381.4,2026-08-09,20:46:00,2026-08-09 20:46:00
IND-USR-100,23.81816,91.284215,784.6,2026-08-09,20:58:00,2026-08-09 20:58:00
IND-USR-100,23.825849,91.288401,821.2,2026-08-09,21:14:00,2026-08-09 21:14:00
IND-USR-100,23.830344,91.286862,615.8,2026-08-09,21:33:00,2026-08-09 21:33:00
IND-USR-100,23.823186,91.285561,928.6,2026-08-09,21:46:00,2026-08-09 21:46:00
IND-USR-100,23.835961,91.292438,469.9,2026-08-09,22:06:00,2026-08-09 22:06:00
IND-USR-100,23.834375,91.281458,361.2,2026-08-09,22:26:00,2026-08-09 22:26:00
IND-USR-100,23.836538,91.289696,689.4,2026-08-09,22:42:00,2026-08-09 22:42:00
IND-USR-100,23.831031,91.2787,817.6,2026-08-09,23:00:00,2026-08-09 23:00:00
IND-USR-100,23.835314,91.284431,293.3,2026-08-09,23:15:00,2026-08-09 23:15:00
IND-USR-100,23.832885,91.287074,403.6,2026-08-09,23:17:00,2026-08-09 23:17:00
IND-USR-100,23.837654,91.286299,944.1,2026-08-09,23:34:00,2026-08-09 23:34:00
IND-USR-100,23.83144,91.293114,805.7,2026-08-09,23:49:00,2026-08-09 23:49:00
IND-USR-100,23.828867,91.290057,169.5,2026-08-09,23:51:00,2026-08-09 23:51:00
IND-USR-100,23.830706,91.28279,19.6,2026-08-10,00:10:00,2026-08-10 00:10:00
IND-USR-100,23.831505,91.289567,541.1,2026-08-10,00:15:00,2026-08-10 00:15:00
IND-USR-100,23.836915,91.292699,569.3,2026-08-10,00:22:00,2026-08-10 00:22:00
IND-USR-100,23.830321,91.282851,185.0,2026-08-10,00:29:00,2026-08-10 00:29:00
IND-USR-100,23.830225,91.282074,859.9,2026-08-10,00:33:00,2026-08-10 00:33:00
IND-USR-100,23.83063,91.285433,839.2,2026-08-10,00:44:00,2026-08-10 00:44:00
IND-USR-100,23.83441,91.277976,592.5,2026-08-10,00:53:00,2026-08-10 00:53:00
IND-USR-100,23.828566,91.283898,253.5,2026-08-10,01:03:00,2026-08-10 01:03:00
IND-USR-100,23.836249,91.282345,869.0,2026-08-10,01:23:00,2026-08-10 01:23:00
IND-USR-100,23.832407,91.286287,221.7,2026-08-10,01:43:00,2026-08-10 01:43:00
IND-USR-100,23.835672,91.289183,337.6,2026-08-10,01:50:00,2026-08-10 01:50:00
IND-USR-100,23.831985,91.284581,242.4,2026-08-10,01:58:00,2026-08-10 01:58:00
IND-USR-100,23.824091,91.287788,16.2,2026-08-10,02:05:00,2026-08-10 02:05:00
IND-USR-100,23.833622,91.280501,240.0,2026-08-10,02:12:00,2026-08-10 02:12:00
IND-USR-100,23.826565,91.287809,48.3,2026-08-10,02:16:00,2026-08-10 02:16:00
IND-USR-100,23.832857,91.282837,861.5,2026-08-10,02:29:00,2026-08-10 02:29:00
IND-USR-100,23.829204,91.279454,333.4,2026-08-10,02:41:00,2026-08-10 02:41:00
IND-USR-101,26.852209,80.941001,940.0,2026-08-01,06:09:00,2026-08-01 06:09:00
IND-USR-101,26.848869,80.94606,318.8,2026-08-01,06:20:00,2026-08-01 06:20:00
IND-USR-101,26.851858,80.943031,222.5,2026-08-01,06:23:00,2026-08-01 06:23:00
IND-USR-101,26.846945,80.939406,556.0,2026-08-01,06:37:00,2026-08-01 06:37:00
IND-USR-101,26.838946,80.948585,770.0,2026-08-01,06:56:00,2026-08-01 06:56:00
IND-USR-101,26.83956,80.945287,663.4,2026-08-01,07:07:00,2026-08-01 07:07:00
IND-USR-101,26.850745,80.949187,596.4,2026-08-01,07:15:00,2026-08-01 07:15:00
IND-USR-101,26.844042,80.939846,191.2,2026-08-01,07:24:00,2026-08-01 07:24:00
IND-USR-101,26.848738,80.951569,286.9,2026-08-01,07:31:00,2026-08-01 07:31:00
IND-USR-101,26.844051,80.942987,380.5,2026-08-01,07:40:00,2026-08-01 07:40:00
IND-USR-101,26.8446,80.948486,566.6,2026-08-01,07:47:00,2026-08-01 07:47:00
IND-USR-101,26.851614,80.941242,16.8,2026-08-01,07:53:00,2026-08-01 07:53:00
IND-USR-101,25.311607,82.98326,35.1,2026-08-01,08:12:00,2026-08-01 08:12:00
IND-USR-101,25.316891,82.974912,711.8,2026-08-01,08:32:00,2026-08-01 08:32:00
IND-USR-101,25.314832,82.97586,949.8,2026-08-01,08:51:00,2026-08-01 08:51:00
IND-USR-101,25.32144,82.975099,125.1,2026-08-01,09:00:00,2026-08-01 09:00:00
IND-USR-101,25.324563,82.972593,717.5,2026-08-01,09:10:00,2026-08-01 09:10:00
IND-USR-101,25.316548,82.974826,162.0,2026-08-01,09:14:00,2026-08-01 09:14:00
IND-USR-101,25.31946,82.974812,64.1,2026-08-01,09:34:00,2026-08-01 09:34:00
IND-USR-101,25.312462,82.97515,716.3,2026-08-01,09:46:00,2026-08-01 09:46:00
IND-USR-101,25.316103,82.971576,304.3,2026-08-01,10:00:00,2026-08-01 10:00:00
IND-USR-101,25.31773,82.970054,904.3,2026-08-01,10:06:00,2026-08-01 10:06:00
IND-USR-101,25.313058,82.963438,144.1,2026-08-01,10:11:00,2026-08-01 10:11:00
IND-USR-101,25.324589,82.976123,387.4,2026-08-01,10:28:00,2026-08-01 10:28:00
IND-USR-101,25.317133,82.971231,462.3,2026-08-01,10:32:00,2026-08-01 10:32:00
IND-USR-101,25.306096,82.970986,562.7,2026-08-01,10:43:00,2026-08-01 10:43:00
IND-USR-101,25.320463,82.977669,160.4,2026-08-01,10:53:00,2026-08-01 10:53:00
IND-USR-101,25.320169,82.974534,370.9,2026-08-01,10:55:00,2026-08-01 10:55:00
IND-USR-101,25.322815,82.972586,612.5,2026-08-01,11:05:00,2026-08-01 11:05:00
IND-USR-101,25.321941,82.972362,201.0,2026-08-01,11:25:00,2026-08-01 11:25:00
IND-USR-101,25.314075,82.969877,331.4,2026-08-01,11:41:00,2026-08-01 11:41:00
IND-USR-101,25.313342,82.976536,560.8,2026-08-01,11:46:00,2026-08-01 11:46:00
IND-USR-101,25.314629,82.969768,381.8,2026-08-01,11:53:00,2026-08-01 11:53:00
IND-USR-101,25.320455,82.975212,670.8,2026-08-01,11:57:00,2026-08-01 11:57:00
IND-USR-101,25.32145,82.97595,462.7,2026-08-01,12:02:00,2026-08-01 12:02:00
IND-USR-101,25.314588,82.974204,689.2,2026-08-01,12:11:00,2026-08-01 12:11:00
IND-USR-101,25.318101,82.970223,897.5,2026-08-01,12:17:00,2026-08-01 12:17:00
IND-USR-101,25.313182,82.971177,455.0,2026-08-01,12:27:00,2026-08-01 12:27:00
IND-USR-101,25.325746,82.972249,637.7,2026-08-01,12:33:00,2026-08-01 12:33:00
IND-USR-101,25.322531,82.972025,601.8,2026-08-01,12:51:00,2026-08-01 12:51:00
IND-USR-101,25.321155,82.97751,246.8,2026-08-01,13:05:00,2026-08-01 13:05:00
IND-USR-101,25.32141,82.975451,853.5,2026-08-01,13:10:00,2026-08-01 13:10:00
IND-USR-101,25.323109,82.975413,669.1,2026-08-01,13:16:00,2026-08-01 13:16:00
IND-USR-101,25.324454,82.96742,123.2,2026-08-01,13:31:00,2026-08-01 13:31:00
IND-USR-101,25.318993,82.975033,34.9,2026-08-01,13:40:00,2026-08-01 13:40:00
IND-USR-101,25.313854,82.976218,567.5,2026-08-01,14:00:00,2026-08-01 14:00:00
IND-USR-101,25.31164,82.971283,858.2,2026-08-01,14:19:00,2026-08-01 14:19:00
IND-USR-101,25.309604,82.980135,832.1,2026-08-01,14:31:00,2026-08-01 14:31:00
IND-USR-101,25.316674,82.982568,67.4,2026-08-01,14:41:00,2026-08-01 14:41:00
IND-USR-101,25.320812,82.975692,672.8,2026-08-01,14:48:00,2026-08-01 14:48:00
IND-USR-101,25.315255,82.969715,342.6,2026-08-01,14:52:00,2026-08-01 14:52:00
IND-USR-101,25.319692,82.973614,818.5,2026-08-01,15:01:00,2026-08-01 15:01:00
IND-USR-101,25.312243,82.967833,19.3,2026-08-01,15:14:00,2026-08-01 15:14:00
IND-USR-101,25.313765,82.981184,264.7,2026-08-01,15:19:00,2026-08-01 15:19:00
IND-USR-101,25.326453,82.97472,104.3,2026-08-01,15:25:00,2026-08-01 15:25:00
IND-USR-101,25.318196,82.972555,291.5,2026-08-01,15:30:00,2026-08-01 15:30:00
IND-USR-101,25.313862,82.979401,496.4,2026-08-01,15:33:00,2026-08-01 15:33:00
IND-USR-101,25.325094,82.970326,466.0,2026-08-01,15:49:00,2026-08-01 15:49:00
IND-USR-101,25.317269,82.972101,443.3,2026-08-01,16:09:00,2026-08-01 16:09:00
IND-USR-101,25.315919,82.978644,255.3,2026-08-01,16:15:00,2026-08-01 16:15:00
IND-USR-101,25.312352,82.975766,361.9,2026-08-01,16:21:00,2026-08-01 16:21:00
IND-USR-101,25.320513,82.973331,818.4,2026-08-01,16:31:00,2026-08-01 16:31:00
IND-USR-101,25.321172,82.974491,922.5,2026-08-01,16:37:00,2026-08-01 16:37:00
IND-USR-101,25.322469,82.967811,522.5,2026-08-01,16:55:00,2026-08-01 16:55:00
IND-USR-101,25.316205,82.973613,600.6,2026-08-01,17:05:00,2026-08-01 17:05:00
IND-USR-101,25.306911,82.969556,668.4,2026-08-01,17:17:00,2026-08-01 17:17:00
IND-USR-101,25.314346,82.977693,753.7,2026-08-01,17:36:00,2026-08-01 17:36:00
IND-USR-101,25.314773,82.970628,179.5,2026-08-01,17:56:00,2026-08-01 17:56:00
IND-USR-101,25.32087,82.967428,294.4,2026-08-01,17:58:00,2026-08-01 17:58:00
IND-USR-101,25.309315,82.972454,464.1,2026-08-01,18:17:00,2026-08-01 18:17:00
IND-USR-101,25.311809,82.968261,415.5,2026-08-01,18:20:00,2026-08-01 18:20:00
IND-USR-101,25.319894,82.977404,789.7,2026-08-01,18:34:00,2026-08-01 18:34:00
IND-USR-101,25.320755,82.978335,913.9,2026-08-01,18:42:00,2026-08-01 18:42:00
IND-USR-101,25.322565,82.965386,722.1,2026-08-01,18:51:00,2026-08-01 18:51:00
IND-USR-101,26.848502,80.944082,564.2,2026-08-01,19:11:00,2026-08-01 19:11:00
IND-USR-101,26.84371,80.948442,414.2,2026-08-01,19:30:00,2026-08-01 19:30:00
IND-USR-101,26.839779,80.939196,346.5,2026-08-01,19:35:00,2026-08-01 19:35:00
IND-USR-101,26.849234,80.948151,166.0,2026-08-01,19:38:00,2026-08-01 19:38:00
IND-USR-101,26.847247,80.94268,683.4,2026-08-01,19:54:00,2026-08-01 19:54:00
IND-USR-101,26.849675,80.948921,912.4,2026-08-01,20:05:00,2026-08-01 20:05:00
IND-USR-101,26.847041,80.941491,63.9,2026-08-01,20:15:00,2026-08-01 20:15:00
IND-USR-101,26.844999,80.949551,323.5,2026-08-01,20:33:00,2026-08-01 20:33:00
IND-USR-101,26.852009,80.944894,748.5,2026-08-01,20:51:00,2026-08-01 20:51:00
IND-USR-101,26.845701,80.945553,701.1,2026-08-01,21:04:00,2026-08-01 21:04:00
IND-USR-101,26.8478,80.943876,190.6,2026-08-01,21:22:00,2026-08-01 21:22:00
IND-USR-101,26.835123,80.950971,171.5,2026-08-01,21:41:00,2026-08-01 21:41:00
IND-USR-101,26.853879,80.94375,667.5,2026-08-01,21:53:00,2026-08-01 21:53:00
IND-USR-102,26.842433,80.945652,751.2,2026-08-08,06:14:00,2026-08-08 06:14:00
IND-USR-102,26.84595,80.950182,705.3,2026-08-08,06:16:00,2026-08-08 06:16:00
IND-USR-102,26.846919,80.94303,384.0,2026-08-08,06:26:00,2026-08-08 06:26:00
IND-USR-102,26.841426,80.949663,629.0,2026-08-08,06:32:00,2026-08-08 06:32:00
IND-USR-102,26.849098,80.950442,350.7,2026-08-08,06:39:00,2026-08-08 06:39:00
IND-USR-102,26.842827,80.953554,820.5,2026-08-08,06:47:00,2026-08-08 06:47:00
IND-USR-102,26.839725,80.949038,702.9,2026-08-08,06:59:00,2026-08-08 06:59:00
IND-USR-102,26.839062,80.943039,748.6,2026-08-08,07:03:00,2026-08-08 07:03:00
IND-USR-102,26.852944,80.949525,168.6,2026-08-08,07:17:00,2026-08-08 07:17:00
IND-USR-102,26.844515,80.944125,172.3,2026-08-08,07:24:00,2026-08-08 07:24:00
IND-USR-102,26.847102,80.948257,18.1,2026-08-08,07:37:00,2026-08-08 07:37:00
IND-USR-102,26.851706,80.944375,511.3,2026-08-08,07:42:00,2026-08-08 07:42:00
IND-USR-102,26.840253,80.946828,695.6,2026-08-08,07:55:00,2026-08-08 07:55:00
IND-USR-102,25.31577,82.968697,167.9,2026-08-08,08:09:00,2026-08-08 08:09:00
IND-USR-102,25.318791,82.973048,430.4,2026-08-08,08:20:00,2026-08-08 08:20:00
IND-USR-102,25.318826,82.970322,396.5,2026-08-08,08:39:00,2026-08-08 08:39:00
IND-USR-102,25.319547,82.968632,724.9,2026-08-08,08:59:00,2026-08-08 08:59:00
IND-USR-102,25.314289,82.972928,617.4,2026-08-08,09:06:00,2026-08-08 09:06:00
IND-USR-102,25.324567,82.977039,810.0,2026-08-08,09:10:00,2026-08-08 09:10:00
IND-USR-102,25.321909,82.979568,755.3,2026-08-08,09:17:00,2026-08-08 09:17:00
IND-USR-102,25.332011,82.974066,876.7,2026-08-08,09:26:00,2026-08-08 09:26:00
IND-USR-102,25.323282,82.977951,280.2,2026-08-08,09:30:00,2026-08-08 09:30:00
IND-USR-102,25.321584,82.980997,174.5,2026-08-08,09:50:00,2026-08-08 09:50:00
IND-USR-102,25.315923,82.971905,750.8,2026-08-08,09:52:00,2026-08-08 09:52:00
IND-USR-102,25.318879,82.973169,380.8,2026-08-08,10:07:00,2026-08-08 10:07:00
IND-USR-102,25.318874,82.980151,47.4,2026-08-08,10:23:00,2026-08-08 10:23:00
IND-USR-102,25.315687,82.972681,384.6,2026-08-08,10:38:00,2026-08-08 10:38:00
IND-USR-102,25.318297,82.972987,873.4,2026-08-08,10:48:00,2026-08-08 10:48:00
IND-USR-102,25.309944,82.971579,788.3,2026-08-08,11:00:00,2026-08-08 11:00:00
IND-USR-102,25.320349,82.97965,915.1,2026-08-08,11:03:00,2026-08-08 11:03:00
IND-USR-102,25.312982,82.969263,414.5,2026-08-08,11:16:00,2026-08-08 11:16:00
IND-USR-102,25.317721,82.965598,72.7,2026-08-08,11:23:00,2026-08-08 11:23:00
IND-USR-102,25.31582,82.966956,618.2,2026-08-08,11:34:00,2026-08-08 11:34:00
IND-USR-102,25.323076,82.970823,684.1,2026-08-08,11:36:00,2026-08-08 11:36:00
IND-USR-102,25.324211,82.978354,56.9,2026-08-08,11:40:00,2026-08-08 11:40:00
IND-USR-102,25.315015,82.969612,550.4,2026-08-08,11:44:00,2026-08-08 11:44:00
IND-USR-102,25.316826,82.973481,358.5,2026-08-08,11:53:00,2026-08-08 11:53:00
IND-USR-102,25.318985,82.970794,516.4,2026-08-08,12:01:00,2026-08-08 12:01:00
IND-USR-102,25.320586,82.974961,136.4,2026-08-08,12:08:00,2026-08-08 12:08:00
IND-USR-102,25.316238,82.971052,796.2,2026-08-08,12:19:00,2026-08-08 12:19:00
IND-USR-102,25.31686,82.970632,91.6,2026-08-08,12:23:00,2026-08-08 12:23:00
IND-USR-102,25.317834,82.974242,218.9,2026-08-08,12:43:00,2026-08-08 12:43:00
IND-USR-102,25.318647,82.980965,663.1,2026-08-08,12:45:00,2026-08-08 12:45:00
IND-USR-102,25.31707,82.977918,917.2,2026-08-08,13:00:00,2026-08-08 13:00:00
IND-USR-102,25.318518,82.972947,145.0,2026-08-08,13:18:00,2026-08-08 13:18:00
IND-USR-102,25.317123,82.973665,629.5,2026-08-08,13:35:00,2026-08-08 13:35:00
IND-USR-102,25.318719,82.970063,386.0,2026-08-08,13:47:00,2026-08-08 13:47:00
IND-USR-102,25.311739,82.976517,114.2,2026-08-08,14:01:00,2026-08-08 14:01:00
IND-USR-102,25.321192,82.976883,791.1,2026-08-08,14:16:00,2026-08-08 14:16:00
IND-USR-102,25.31822,82.976969,455.6,2026-08-08,14:19:00,2026-08-08 14:19:00
IND-USR-102,25.320454,82.977051,828.1,2026-08-08,14:34:00,2026-08-08 14:34:00
IND-USR-102,25.314162,82.969512,274.5,2026-08-08,14:48:00,2026-08-08 14:48:00
IND-USR-102,25.316046,82.97383,680.4,2026-08-08,15:06:00,2026-08-08 15:06:00
IND-USR-102,25.316632,82.966393,19.7,2026-08-08,15:19:00,2026-08-08 15:19:00
IND-USR-102,25.324487,82.972804,316.0,2026-08-08,15:39:00,2026-08-08 15:39:00
IND-USR-102,25.318291,82.978878,173.1,2026-08-08,15:55:00,2026-08-08 15:55:00
IND-USR-102,25.30822,82.971853,408.2,2026-08-08,16:05:00,2026-08-08 16:05:00
IND-USR-102,25.316052,82.972555,786.6,2026-08-08,16:21:00,2026-08-08 16:21:00
IND-USR-102,25.316906,82.979689,815.9,2026-08-08,16:27:00,2026-08-08 16:27:00
IND-USR-102,25.320294,82.977732,203.3,2026-08-08,16:32:00,2026-08-08 16:32:00
IND-USR-102,25.317788,82.968303,749.3,2026-08-08,16:40:00,2026-08-08 16:40:00
IND-USR-102,25.309281,82.967782,21.7,2026-08-08,16:45:00,2026-08-08 16:45:00
IND-USR-102,25.319039,82.974027,276.1,2026-08-08,16:55:00,2026-08-08 16:55:00
IND-USR-102,25.316759,82.972426,917.1,2026-08-08,16:59:00,2026-08-08 16:59:00
IND-USR-102,25.325647,82.970608,139.0,2026-08-08,17:10:00,2026-08-08 17:10:00
IND-USR-102,25.321311,82.973908,682.5,2026-08-08,17:18:00,2026-08-08 17:18:00
IND-USR-102,25.317356,82.978607,338.0,2026-08-08,17:32:00,2026-08-08 17:32:00
IND-USR-102,25.32345,82.972942,119.3,2026-08-08,17:43:00,2026-08-08 17:43:00
IND-USR-102,25.320797,82.975356,442.2,2026-08-08,17:51:00,2026-08-08 17:51:00
IND-USR-102,25.31763,82.974717,451.7,2026-08-08,18:07:00,2026-08-08 18:07:00
IND-USR-102,25.314848,82.972676,502.0,2026-08-08,18:21:00,2026-08-08 18:21:00
IND-USR-102,25.315277,82.977506,904.0,2026-08-08,18:38:00,2026-08-08 18:38:00
IND-USR-102,25.317219,82.968709,406.7,2026-08-08,18:41:00,2026-08-08 18:41:00
IND-USR-102,25.314706,82.961103,752.6,2026-08-08,18:49:00,2026-08-08 18:49:00
IND-USR-102,26.844722,80.946351,179.3,2026-08-08,19:00:00,2026-08-08 19:00:00
IND-USR-102,26.846155,80.954121,779.7,2026-08-08,19:03:00,2026-08-08 19:03:00
IND-USR-102,26.849,80.948322,770.3,2026-08-08,19:18:00,2026-08-08 19:18:00
IND-USR-102,26.840127,80.944741,318.1,2026-08-08,19:35:00,2026-08-08 19:35:00
IND-USR-102,26.844753,80.943056,104.1,2026-08-08,19:47:00,2026-08-08 19:47:00
IND-USR-102,26.8435,80.938968,424.9,2026-08-08,20:06:00,2026-08-08 20:06:00
IND-USR-102,26.841597,80.949696,795.7,2026-08-08,20:10:00,2026-08-08 20:10:00
IND-USR-102,26.846128,80.944174,592.5,2026-08-08,20:27:00,2026-08-08 20:27:00
IND-USR-102,26.846678,80.95087,187.5,2026-08-08,20:47:00,2026-08-08 20:47:00
IND-USR-102,26.846717,80.948361,665.5,2026-08-08,20:58:00,2026-08-08 20:58:00
IND-USR-102,26.843314,80.943725,839.3,2026-08-08,21:01:00,2026-08-08 21:01:00
IND-USR-102,26.848116,80.953771,536.7,2026-08-08,21:12:00,2026-08-08 21:12:00
IND-USR-102,26.852419,80.948531,299.2,2026-08-08,21:28:00,2026-08-08 21:28:00
IND-USR-102,26.847306,80.951804,83.1,2026-08-08,21:38:00,2026-08-08 21:38:00
IND-USR-103,26.849879,80.937025,262.5,2026-08-08,06:09:00,2026-08-08 06:09:00
IND-USR-103,26.842484,80.947553,744.1,2026-08-08,06:24:00,2026-08-08 06:24:00
IND-USR-103,26.839552,80.94261,480.9,2026-08-08,06:32:00,2026-08-08 06:32:00
IND-USR-103,26.843901,80.945175,548.2,2026-08-08,06:46:00,2026-08-08 06:46:00
IND-USR-103,26.84555,80.945044,546.1,2026-08-08,07:02:00,2026-08-08 07:02:00
IND-USR-103,26.850001,80.945139,165.6,2026-08-08,07:04:00,2026-08-08 07:04:00
IND-USR-103,26.845161,80.940803,736.3,2026-08-08,07:15:00,2026-08-08 07:15:00
IND-USR-103,26.850797,80.943514,710.6,2026-08-08,07:28:00,2026-08-08 07:28:00
IND-USR-103,26.842352,80.947052,801.5,2026-08-08,07:42:00,2026-08-08 07:42:00
IND-USR-103,26.843632,80.944096,402.9,2026-08-08,07:48:00,2026-08-08 07:48:00
IND-USR-103,25.318634,82.972594,49.0,2026-08-08,08:08:00,2026-08-08 08:08:00
IND-USR-103,25.326846,82.973601,172.6,2026-08-08,08:24:00,2026-08-08 08:24:00
IND-USR-103,25.320071,82.966133,417.8,2026-08-08,08:42:00,2026-08-08 08:42:00
IND-USR-103,25.314157,82.969552,69.4,2026-08-08,08:52:00,2026-08-08 08:52:00
IND-USR-103,25.313782,82.975562,930.5,2026-08-08,08:54:00,2026-08-08 08:54:00
IND-USR-103,25.321742,82.975279,569.9,2026-08-08,08:56:00,2026-08-08 08:56:00
IND-USR-103,25.316693,82.971377,480.8,2026-08-08,09:05:00,2026-08-08 09:05:00
IND-USR-103,25.322054,82.982185,598.3,2026-08-08,09:17:00,2026-08-08 09:17:00
IND-USR-103,25.31814,82.977657,462.8,2026-08-08,09:29:00,2026-08-08 09:29:00
IND-USR-103,25.318973,82.976922,173.9,2026-08-08,09:39:00,2026-08-08 09:39:00
IND-USR-103,25.312942,82.971947,692.5,2026-08-08,09:53:00,2026-08-08 09:53:00
IND-USR-103,25.319182,82.97875,312.0,2026-08-08,10:02:00,2026-08-08 10:02:00
IND-USR-103,25.314327,82.965767,577.2,2026-08-08,10:22:00,2026-08-08 10:22:00
IND-USR-103,25.315607,82.977941,556.7,2026-08-08,10:25:00,2026-08-08 10:25:00
IND-USR-103,25.311264,82.969192,458.3,2026-08-08,10:34:00,2026-08-08 10:34:00
IND-USR-103,25.318224,82.973436,256.1,2026-08-08,10:38:00,2026-08-08 10:38:00
IND-USR-103,25.319978,82.968985,56.9,2026-08-08,10:53:00,2026-08-08 10:53:00
IND-USR-103,25.3163,82.978681,805.6,2026-08-08,11:10:00,2026-08-08 11:10:00
IND-USR-103,25.312828,82.979808,702.8,2026-08-08,11:25:00,2026-08-08 11:25:00
IND-USR-103,25.31333,82.977298,218.8,2026-08-08,11:36:00,2026-08-08 11:36:00
IND-USR-103,25.316108,82.96932,908.8,2026-08-08,11:54:00,2026-08-08 11:54:00
IND-USR-103,25.315612,82.97608,256.2,2026-08-08,12:12:00,2026-08-08 12:12:00
IND-USR-103,25.317573,82.978374,439.6,2026-08-08,12:20:00,2026-08-08 12:20:00
IND-USR-103,25.323343,82.969168,694.1,2026-08-08,12:34:00,2026-08-08 12:34:00
IND-USR-103,25.312575,82.968681,519.7,2026-08-08,12:38:00,2026-08-08 12:38:00
IND-USR-103,25.314003,82.978317,802.6,2026-08-08,12:54:00,2026-08-08 12:54:00
IND-USR-103,25.319841,82.97172,835.8,2026-08-08,13:07:00,2026-08-08 13:07:00
IND-USR-103,25.317556,82.979517,852.3,2026-08-08,13:17:00,2026-08-08 13:17:00
IND-USR-103,25.325232,82.974938,133.5,2026-08-08,13:33:00,2026-08-08 13:33:00
IND-USR-103,25.306963,82.975089,719.7,2026-08-08,13:47:00,2026-08-08 13:47:00
IND-USR-103,25.321339,82.974799,530.2,2026-08-08,14:01:00,2026-08-08 14:01:00
IND-USR-103,25.320506,82.975328,355.7,2026-08-08,14:05:00,2026-08-08 14:05:00
IND-USR-103,25.312661,82.970355,839.3,2026-08-08,14:16:00,2026-08-08 14:16:00
IND-USR-103,25.316315,82.978162,498.3,2026-08-08,14:20:00,2026-08-08 14:20:00
IND-USR-103,25.314536,82.975724,711.8,2026-08-08,14:38:00,2026-08-08 14:38:00
IND-USR-103,25.318815,82.980245,41.5,2026-08-08,14:58:00,2026-08-08 14:58:00
IND-USR-103,25.317433,82.966881,150.2,2026-08-08,15:01:00,2026-08-08 15:01:00
IND-USR-103,25.320187,82.982452,879.0,2026-08-08,15:18:00,2026-08-08 15:18:00
IND-USR-103,25.32045,82.970749,552.3,2026-08-08,15:25:00,2026-08-08 15:25:00
IND-USR-103,25.313272,82.970088,20.4,2026-08-08,15:30:00,2026-08-08 15:30:00
IND-USR-103,25.325613,82.972591,299.6,2026-08-08,15:48:00,2026-08-08 15:48:00
IND-USR-103,25.314949,82.973266,665.7,2026-08-08,15:51:00,2026-08-08 15:51:00
IND-USR-103,25.316332,82.980171,372.0,2026-08-08,16:10:00,2026-08-08 16:10:00
IND-USR-103,25.313542,82.978623,927.7,2026-08-08,16:21:00,2026-08-08 16:21:00
IND-USR-103,25.318088,82.978728,397.2,2026-08-08,16:34:00,2026-08-08 16:34:00
IND-USR-103,25.32393,82.974239,41.3,2026-08-08,16:49:00,2026-08-08 16:49:00
IND-USR-103,25.31634,82.974165,224.2,2026-08-08,16:52:00,2026-08-08 16:52:00
IND-USR-103,25.317221,82.967272,427.6,2026-08-08,17:01:00,2026-08-08 17:01:00
IND-USR-103,25.32381,82.974883,566.6,2026-08-08,17:16:00,2026-08-08 17:16:00
IND-USR-103,25.312948,82.96563,208.6,2026-08-08,17:25:00,2026-08-08 17:25:00
IND-USR-103,25.30829,82.976982,464.1,2026-08-08,17:39:00,2026-08-08 17:39:00
IND-USR-103,25.315124,82.97208,635.9,2026-08-08,17:55:00,2026-08-08 17:55:00
IND-USR-103,25.319553,82.971836,778.4,2026-08-08,17:57:00,2026-08-08 17:57:00
IND-USR-103,25.319786,82.974281,668.8,2026-08-08,18:14:00,2026-08-08 18:14:00
IND-USR-103,25.317263,82.967609,525.1,2026-08-08,18:19:00,2026-08-08 18:19:00
IND-USR-103,25.314321,82.97631,182.1,2026-08-08,18:25:00,2026-08-08 18:25:00
IND-USR-103,25.314872,82.978721,405.4,2026-08-08,18:32:00,2026-08-08 18:32:00
IND-USR-103,25.326986,82.976526,866.6,2026-08-08,18:49:00,2026-08-08 18:49:00
IND-USR-103,25.323571,82.976783,739.5,2026-08-08,18:59:00,2026-08-08 18:59:00
IND-USR-103,26.844563,80.947001,734.8,2026-08-08,19:01:00,2026-08-08 19:01:00
IND-USR-103,26.854753,80.944106,487.6,2026-08-08,19:17:00,2026-08-08 19:17:00
IND-USR-103,26.842543,80.941663,415.1,2026-08-08,19:35:00,2026-08-08 19:35:00
IND-USR-103,26.84583,80.942186,482.2,2026-08-08,19:43:00,2026-08-08 19:43:00
IND-USR-103,26.853396,80.947065,645.7,2026-08-08,19:55:00,2026-08-08 19:55:00
IND-USR-103,26.850587,80.945005,374.0,2026-08-08,19:58:00,2026-08-08 19:58:00
IND-USR-103,26.842139,80.940962,548.3,2026-08-08,20:06:00,2026-08-08 20:06:00
IND-USR-103,26.843068,80.94759,296.4,2026-08-08,20:14:00,2026-08-08 20:14:00
IND-USR-103,26.84878,80.948613,664.6,2026-08-08,20:21:00,2026-08-08 20:21:00
IND-USR-103,26.840745,80.946198,720.6,2026-08-08,20:39:00,2026-08-08 20:39:00
IND-USR-103,26.842596,80.947806,32.6,2026-08-08,20:53:00,2026-08-08 20:53:00
IND-USR-103,26.848616,80.941511,760.9,2026-08-08,21:05:00,2026-08-08 21:05:00
IND-USR-103,26.850572,80.955555,807.3,2026-08-08,21:17:00,2026-08-08 21:17:00
IND-USR-103,26.850039,80.945549,546.7,2026-08-08,21:28:00,2026-08-08 21:28:00
IND-USR-103,26.845434,80.945364,788.7,2026-08-08,21:34:00,2026-08-08 21:34:00
IND-USR-103,26.843657,80.94721,65.2,2026-08-08,21:50:00,2026-08-08 21:50:00
IND-USR-103,26.842146,80.938641,407.2,2026-08-08,22:09:00,2026-08-08 22:09:00
IND-USR-103,26.847578,80.946285,522.4,2026-08-08,22:13:00,2026-08-08 22:13:00
IND-USR-103,26.844415,80.941069,651.8,2026-08-08,22:27:00,2026-08-08 22:27:00
IND-USR-103,26.847859,80.942239,38.0,2026-08-08,22:43:00,2026-08-08 22:43:00
IND-USR-103,26.846144,80.95326,203.6,2026-08-08,22:57:00,2026-08-08 22:57:00
IND-USR-104,26.849305,80.940723,727.2,2026-08-01,06:14:00,2026-08-01 06:14:00
IND-USR-104,26.841601,80.946807,885.1,2026-08-01,06:34:00,2026-08-01 06:34:00
IND-USR-104,26.841199,80.938193,456.1,2026-08-01,06:36:00,2026-08-01 06:36:00
IND-USR-104,26.848829,80.947484,556.5,2026-08-01,06:56:00,2026-08-01 06:56:00
IND-USR-104,26.848502,80.947252,798.9,2026-08-01,07:14:00,2026-08-01 07:14:00
IND-USR-104,26.846439,80.943551,642.5,2026-08-01,07:18:00,2026-08-01 07:18:00
IND-USR-104,26.848765,80.95232,777.4,2026-08-01,07:38:00,2026-08-01 07:38:00
IND-USR-104,26.844695,80.942117,471.1,2026-08-01,07:45:00,2026-08-01 07:45:00
IND-USR-104,25.31306,82.970433,154.7,2026-08-01,08:04:00,2026-08-01 08:04:00
IND-USR-104,25.31841,82.965341,917.8,2026-08-01,08:16:00,2026-08-01 08:16:00
IND-USR-104,25.319357,82.976476,736.3,2026-08-01,08:24:00,2026-08-01 08:24:00
IND-USR-104,25.310408,82.969983,445.8,2026-08-01,08:33:00,2026-08-01 08:33:00
IND-USR-104,25.317919,82.973326,703.3,2026-08-01,08:49:00,2026-08-01 08:49:00
IND-USR-104,25.319679,82.973335,511.9,2026-08-01,08:51:00,2026-08-01 08:51:00
IND-USR-104,25.322659,82.972615,584.1,2026-08-01,09:02:00,2026-08-01 09:02:00
IND-USR-104,25.313668,82.969646,390.9,2026-08-01,09:09:00,2026-08-01 09:09:00
IND-USR-104,25.320542,82.974018,158.3,2026-08-01,09:20:00,2026-08-01 09:20:00
IND-USR-104,25.320135,82.976352,684.9,2026-08-01,09:28:00,2026-08-01 09:28:00
IND-USR-104,25.309521,82.96934,513.4,2026-08-01,09:48:00,2026-08-01 09:48:00
IND-USR-104,25.313517,82.970636,924.1,2026-08-01,09:57:00,2026-08-01 09:57:00
IND-USR-104,25.315919,82.977897,644.1,2026-08-01,10:01:00,2026-08-01 10:01:00
IND-USR-104,25.322394,82.972728,910.2,2026-08-01,10:10:00,2026-08-01 10:10:00
IND-USR-104,25.316595,82.971078,655.9,2026-08-01,10:21:00,2026-08-01 10:21:00
IND-USR-104,25.317957,82.97471,116.2,2026-08-01,10:23:00,2026-08-01 10:23:00
IND-USR-104,25.320826,82.977094,738.6,2026-08-01,10:36:00,2026-08-01 10:36:00
IND-USR-104,25.308392,82.97329,432.7,2026-08-01,10:51:00,2026-08-01 10:51:00
IND-USR-104,25.323136,82.972148,572.9,2026-08-01,11:05:00,2026-08-01 11:05:00
IND-USR-104,25.322157,82.972674,589.9,2026-08-01,11:09:00,2026-08-01 11:09:00
IND-USR-104,25.3183,82.969352,422.8,2026-08-01,11:28:00,2026-08-01 11:28:00
IND-USR-104,25.313203,82.976802,355.8,2026-08-01,11:30:00,2026-08-01 11:30:00
IND-USR-104,25.321127,82.974006,162.7,2026-08-01,11:48:00,2026-08-01 11:48:00
IND-USR-104,25.31269,82.974075,228.1,2026-08-01,11:58:00,2026-08-01 11:58:00
IND-USR-104,25.322629,82.980871,707.9,2026-08-01,12:16:00,2026-08-01 12:16:00
IND-USR-104,25.316333,82.967261,629.2,2026-08-01,12:26:00,2026-08-01 12:26:00
IND-USR-104,25.320961,82.972796,773.0,2026-08-01,12:35:00,2026-08-01 12:35:00
IND-USR-104,25.321372,82.975024,745.8,2026-08-01,12:41:00,2026-08-01 12:41:00
IND-USR-104,25.314066,82.974133,448.0,2026-08-01,12:45:00,2026-08-01 12:45:00
IND-USR-104,25.322833,82.973303,114.9,2026-08-01,13:04:00,2026-08-01 13:04:00
IND-USR-104,25.313461,82.967545,481.9,2026-08-01,13:21:00,2026-08-01 13:21:00
IND-USR-104,25.314511,82.972259,373.2,2026-08-01,13:23:00,2026-08-01 13:23:00
IND-USR-104,25.32088,82.969417,906.6,2026-08-01,13:37:00,2026-08-01 13:37:00
IND-USR-104,25.323815,82.968551,633.5,2026-08-01,13:47:00,2026-08-01 13:47:00
IND-USR-104,25.326926,82.980802,333.1,2026-08-01,13:52:00,2026-08-01 13:52:00
IND-USR-104,25.318165,82.967309,555.1,2026-08-01,14:10:00,2026-08-01 14:10:00
IND-USR-104,25.317378,82.972353,106.8,2026-08-01,14:13:00,2026-08-01 14:13:00
IND-USR-104,25.312503,82.975064,839.5,2026-08-01,14:23:00,2026-08-01 14:23:00
IND-USR-104,25.314305,82.97104,875.7,2026-08-01,14:43:00,2026-08-01 14:43:00
IND-USR-104,25.316785,82.9716,857.2,2026-08-01,14:49:00,2026-08-01 14:49:00
IND-USR-104,25.325913,82.971757,97.6,2026-08-01,15:07:00,2026-08-01 15:07:00
IND-USR-104,25.319364,82.974482,197.7,2026-08-01,15:09:00,2026-08-01 15:09:00
IND-USR-104,25.319011,82.975616,738.2,2026-08-01,15:25:00,2026-08-01 15:25:00
IND-USR-104,25.321125,82.974966,457.4,2026-08-01,15:30:00,2026-08-01 15:30:00
IND-USR-104,25.3185,82.974134,397.5,2026-08-01,15:36:00,2026-08-01 15:36:00
IND-USR-104,25.317046,82.970253,50.0,2026-08-01,15:47:00,2026-08-01 15:47:00
IND-USR-104,25.317357,82.974865,201.4,2026-08-01,15:50:00,2026-08-01 15:50:00
IND-USR-104,25.319209,82.974621,601.4,2026-08-01,16:08:00,2026-08-01 16:08:00
IND-USR-104,25.316668,82.973672,496.5,2026-08-01,16:11:00,2026-08-01 16:11:00
IND-USR-104,25.315385,82.975153,437.0,2026-08-01,16:15:00,2026-08-01 16:15:00
IND-USR-104,25.316715,82.974622,151.2,2026-08-01,16:29:00,2026-08-01 16:29:00
IND-USR-104,25.321603,82.971063,574.6,2026-08-01,16:36:00,2026-08-01 16:36:00
IND-USR-104,25.319987,82.974033,527.3,2026-08-01,16:51:00,2026-08-01 16:51:00
IND-USR-104,25.325685,82.973035,792.9,2026-08-01,17:02:00,2026-08-01 17:02:00
IND-USR-104,25.320381,82.973961,316.7,2026-08-01,17:20:00,2026-08-01 17:20:00
IND-USR-104,25.312047,82.971817,630.9,2026-08-01,17:22:00,2026-08-01 17:22:00
IND-USR-104,25.321122,82.972169,440.2,2026-08-01,17:24:00,2026-08-01 17:24:00
IND-USR-104,25.308719,82.973774,487.2,2026-08-01,17:42:00,2026-08-01 17:42:00
IND-USR-104,25.313231,82.974427,918.0,2026-08-01,18:02:00,2026-08-01 18:02:00
IND-USR-104,25.323805,82.976978,182.8,2026-08-01,18:22:00,2026-08-01 18:22:00
IND-USR-104,25.323747,82.971654,603.5,2026-08-01,18:38:00,2026-08-01 18:38:00
IND-USR-104,25.317027,82.969722,80.7,2026-08-01,18:42:00,2026-08-01 18:42:00
IND-USR-104,26.843964,80.942492,12.1,2026-08-01,19:01:00,2026-08-01 19:01:00
IND-USR-104,26.841473,80.951663,654.3,2026-08-01,19:21:00,2026-08-01 19:21:00
IND-USR-104,26.838332,80.951681,817.1,2026-08-01,19:35:00,2026-08-01 19:35:00
IND-USR-104,26.851684,80.948199,761.8,2026-08-01,19:42:00,2026-08-01 19:42:00
IND-USR-104,26.842242,80.939871,378.4,2026-08-01,19:56:00,2026-08-01 19:56:00
IND-USR-104,26.844506,80.9487,534.0,2026-08-01,19:58:00,2026-08-01 19:58:00
IND-USR-104,26.846712,80.942026,135.5,2026-08-01,20:16:00,2026-08-01 20:16:00
IND-USR-104,26.851293,80.952938,235.7,2026-08-01,20:18:00,2026-08-01 20:18:00
IND-USR-104,26.845794,80.946637,438.9,2026-08-01,20:23:00,2026-08-01 20:23:00
IND-USR-104,26.840665,80.944542,944.6,2026-08-01,20:30:00,2026-08-01 20:30:00
IND-USR-104,26.848742,80.947619,192.9,2026-08-01,20:45:00,2026-08-01 20:45:00
IND-USR-104,26.844669,80.945103,273.8,2026-08-01,20:55:00,2026-08-01 20:55:00
IND-USR-104,26.844911,80.945086,316.5,2026-08-01,21:03:00,2026-08-01 21:03:00
IND-USR-104,26.848393,80.93833,602.4,2026-08-01,21:17:00,2026-08-01 21:17:00
IND-USR-105,30.316203,78.0336,948.4,2026-08-03,06:12:00,2026-08-03 06:12:00
IND-USR-105,30.314218,78.030283,856.0,2026-08-03,06:29:00,2026-08-03 06:29:00
IND-USR-105,30.314698,78.030284,177.9,2026-08-03,06:33:00,2026-08-03 06:33:00
IND-USR-105,30.316524,78.032716,771.9,2026-08-03,06:44:00,2026-08-03 06:44:00
IND-USR-105,30.308098,78.034812,290.4,2026-08-03,06:50:00,2026-08-03 06:50:00
IND-USR-105,30.31534,78.039932,212.1,2026-08-03,07:03:00,2026-08-03 07:03:00
IND-USR-105,30.311733,78.028731,560.4,2026-08-03,07:05:00,2026-08-03 07:05:00
IND-USR-105,30.315688,78.033853,909.4,2026-08-03,07:11:00,2026-08-03 07:11:00
IND-USR-105,30.308697,78.028884,352.4,2026-08-03,07:27:00,2026-08-03 07:27:00
IND-USR-105,30.318865,78.028408,181.7,2026-08-03,07:29:00,2026-08-03 07:29:00
IND-USR-105,30.32198,78.030384,545.7,2026-08-03,07:39:00,2026-08-03 07:39:00
IND-USR-105,30.312903,78.034641,783.5,2026-08-03,07:53:00,2026-08-03 07:53:00
IND-USR-105,30.32293,78.033866,244.9,2026-08-03,07:56:00,2026-08-03 07:56:00
IND-USR-105,29.950742,78.170907,620.1,2026-08-03,08:10:00,2026-08-03 08:10:00
IND-USR-105,29.942013,78.167954,10.7,2026-08-03,08:26:00,2026-08-03 08:26:00
IND-USR-105,29.939606,78.1659,237.7,2026-08-03,08:37:00,2026-08-03 08:37:00
IND-USR-105,29.945415,78.169172,135.0,2026-08-03,08:49:00,2026-08-03 08:49:00
IND-USR-105,29.950389,78.166479,49.5,2026-08-03,09:00:00,2026-08-03 09:00:00
IND-USR-105,29.946894,78.166233,219.0,2026-08-03,09:13:00,2026-08-03 09:13:00
IND-USR-105,29.945947,78.163955,250.5,2026-08-03,09:28:00,2026-08-03 09:28:00
IND-USR-105,29.95147,78.170452,667.9,2026-08-03,09:32:00,2026-08-03 09:32:00
IND-USR-105,29.945133,78.165151,752.4,2026-08-03,09:48:00,2026-08-03 09:48:00
IND-USR-105,29.946027,78.157753,648.9,2026-08-03,09:58:00,2026-08-03 09:58:00
IND-USR-105,29.944354,78.170599,831.3,2026-08-03,10:07:00,2026-08-03 10:07:00
IND-USR-105,29.942701,78.172658,800.0,2026-08-03,10:17:00,2026-08-03 10:17:00
IND-USR-105,29.950389,78.165806,524.0,2026-08-03,10:35:00,2026-08-03 10:35:00
IND-USR-105,29.947943,78.160531,341.1,2026-08-03,10:40:00,2026-08-03 10:40:00
IND-USR-105,29.944639,78.169966,434.7,2026-08-03,11:00:00,2026-08-03 11:00:00
IND-USR-105,29.943242,78.168445,243.8,2026-08-03,11:17:00,2026-08-03 11:17:00
IND-USR-105,29.940192,78.159407,269.9,2026-08-03,11:30:00,2026-08-03 11:30:00
IND-USR-105,29.953306,78.164153,396.4,2026-08-03,11:44:00,2026-08-03 11:44:00
IND-USR-105,29.943546,78.169651,913.1,2026-08-03,11:52:00,2026-08-03 11:52:00
IND-USR-105,29.950683,78.167883,412.2,2026-08-03,12:01:00,2026-08-03 12:01:00
IND-USR-105,29.94342,78.163052,389.0,2026-08-03,12:15:00,2026-08-03 12:15:00
IND-USR-105,29.946947,78.166978,578.1,2026-08-03,12:31:00,2026-08-03 12:31:00
IND-USR-105,29.943666,78.164883,393.3,2026-08-03,12:49:00,2026-08-03 12:49:00
IND-USR-105,29.94677,78.169347,79.3,2026-08-03,13:09:00,2026-08-03 13:09:00
IND-USR-105,29.948718,78.158173,556.6,2026-08-03,13:22:00,2026-08-03 13:22:00
IND-USR-105,29.944845,78.160485,777.6,2026-08-03,13:42:00,2026-08-03 13:42:00
IND-USR-105,29.947972,78.167893,136.8,2026-08-03,13:49:00,2026-08-03 13:49:00
IND-USR-105,29.946106,78.163127,904.2,2026-08-03,13:52:00,2026-08-03 13:52:00
IND-USR-105,29.945977,78.165036,578.5,2026-08-03,13:59:00,2026-08-03 13:59:00
IND-USR-105,29.94314,78.159325,183.4,2026-08-03,14:13:00,2026-08-03 14:13:00
IND-USR-105,29.937499,78.169269,539.9,2026-08-03,14:28:00,2026-08-03 14:28:00
IND-USR-105,29.947685,78.16565,20.4,2026-08-03,14:34:00,2026-08-03 14:34:00
IND-USR-105,29.950761,78.159178,384.3,2026-08-03,14:49:00,2026-08-03 14:49:00
IND-USR-105,29.938757,78.165737,901.7,2026-08-03,15:05:00,2026-08-03 15:05:00
IND-USR-105,29.946873,78.157275,558.4,2026-08-03,15:25:00,2026-08-03 15:25:00
IND-USR-105,29.947138,78.162599,187.8,2026-08-03,15:32:00,2026-08-03 15:32:00
IND-USR-105,29.942472,78.162866,364.3,2026-08-03,15:45:00,2026-08-03 15:45:00
IND-USR-105,29.935934,78.161835,864.2,2026-08-03,16:05:00,2026-08-03 16:05:00
IND-USR-105,29.942883,78.166428,562.7,2026-08-03,16:11:00,2026-08-03 16:11:00
IND-USR-105,29.945067,78.166755,243.1,2026-08-03,16:30:00,2026-08-03 16:30:00
IND-USR-105,29.935502,78.160844,716.4,2026-08-03,16:42:00,2026-08-03 16:42:00
IND-USR-105,29.947924,78.162965,823.3,2026-08-03,16:59:00,2026-08-03 16:59:00
IND-USR-105,29.949082,78.156982,532.6,2026-08-03,17:13:00,2026-08-03 17:13:00
IND-USR-105,29.948624,78.161643,677.5,2026-08-03,17:29:00,2026-08-03 17:29:00
IND-USR-105,29.942755,78.168164,584.3,2026-08-03,17:45:00,2026-08-03 17:45:00
IND-USR-105,29.950348,78.168339,871.4,2026-08-03,17:58:00,2026-08-03 17:58:00
IND-USR-105,29.953855,78.169267,21.6,2026-08-03,18:13:00,2026-08-03 18:13:00
IND-USR-105,29.942518,78.164767,242.2,2026-08-03,18:18:00,2026-08-03 18:18:00
IND-USR-105,29.944259,78.172316,172.3,2026-08-03,18:36:00,2026-08-03 18:36:00
IND-USR-105,29.950119,78.163444,900.7,2026-08-03,18:54:00,2026-08-03 18:54:00
IND-USR-105,30.320012,78.027271,851.5,2026-08-03,19:04:00,2026-08-03 19:04:00
IND-USR-105,30.317501,78.028448,99.9,2026-08-03,19:13:00,2026-08-03 19:13:00
IND-USR-105,30.309746,78.035338,576.9,2026-08-03,19:21:00,2026-08-03 19:21:00
IND-USR-105,30.320134,78.034029,927.5,2026-08-03,19:29:00,2026-08-03 19:29:00
IND-USR-105,30.315768,78.027135,155.5,2026-08-03,19:33:00,2026-08-03 19:33:00
IND-USR-105,30.311855,78.028323,388.3,2026-08-03,19:39:00,2026-08-03 19:39:00
IND-USR-105,30.315565,78.036505,14.2,2026-08-03,19:41:00,2026-08-03 19:41:00
IND-USR-105,30.320742,78.025606,282.2,2026-08-03,19:45:00,2026-08-03 19:45:00
IND-USR-105,30.313727,78.029319,623.2,2026-08-03,19:48:00,2026-08-03 19:48:00
IND-USR-105,30.306374,78.034464,884.1,2026-08-03,20:04:00,2026-08-03 20:04:00
IND-USR-105,30.315515,78.031747,799.7,2026-08-03,20:10:00,2026-08-03 20:10:00
IND-USR-105,30.321883,78.032553,909.2,2026-08-03,20:14:00,2026-08-03 20:14:00
IND-USR-105,30.314777,78.034488,706.7,2026-08-03,20:25:00,2026-08-03 20:25:00
IND-USR-105,30.320735,78.033386,811.7,2026-08-03,20:34:00,2026-08-03 20:34:00
IND-USR-105,30.319257,78.031618,697.2,2026-08-03,20:45:00,2026-08-03 20:45:00
IND-USR-105,30.316173,78.032652,76.5,2026-08-03,21:05:00,2026-08-03 21:05:00
IND-USR-105,30.313488,78.029928,121.1,2026-08-03,21:16:00,2026-08-03 21:16:00
IND-USR-105,30.322012,78.040232,495.6,2026-08-03,21:24:00,2026-08-03 21:24:00
IND-USR-105,30.322869,78.026907,476.0,2026-08-03,21:44:00,2026-08-03 21:44:00
IND-USR-105,30.310821,78.027437,857.1,2026-08-03,21:50:00,2026-08-03 21:50:00
IND-USR-105,30.317038,78.020965,451.9,2026-08-03,22:09:00,2026-08-03 22:09:00
IND-USR-105,30.314145,78.037828,566.0,2026-08-03,22:12:00,2026-08-03 22:12:00
IND-USR-105,30.32043,78.030164,418.7,2026-08-03,22:31:00,2026-08-03 22:31:00
IND-USR-105,30.314767,78.034469,792.9,2026-08-03,22:43:00,2026-08-03 22:43:00
IND-USR-105,30.320241,78.030067,289.3,2026-08-03,22:57:00,2026-08-03 22:57:00
IND-USR-105,30.315563,78.029936,289.0,2026-08-03,23:03:00,2026-08-03 23:03:00
IND-USR-105,30.311175,78.031321,319.7,2026-08-03,23:05:00,2026-08-03 23:05:00
IND-USR-105,30.315316,78.027157,62.3,2026-08-03,23:11:00,2026-08-03 23:11:00
IND-USR-105,30.319084,78.034133,229.5,2026-08-03,23:18:00,2026-08-03 23:18:00
IND-USR-105,30.319283,78.029128,39.1,2026-08-03,23:27:00,2026-08-03 23:27:00
IND-USR-105,30.308566,78.034069,943.7,2026-08-03,23:44:00,2026-08-03 23:44:00
IND-USR-105,30.313844,78.028637,582.1,2026-08-03,23:59:00,2026-08-03 23:59:00
IND-USR-105,30.311472,78.031099,595.0,2026-08-04,00:04:00,2026-08-04 00:04:00
IND-USR-106,30.322809,78.030178,127.6,2026-08-05,06:14:00,2026-08-05 06:14:00
IND-USR-106,30.312141,78.034808,893.8,2026-08-05,06:34:00,2026-08-05 06:34:00
IND-USR-106,30.317191,78.023723,875.9,2026-08-05,06:53:00,2026-08-05 06:53:00
IND-USR-106,30.319149,78.040714,620.1,2026-08-05,06:56:00,2026-08-05 06:56:00
IND-USR-106,30.306098,78.027257,388.2,2026-08-05,07:09:00,2026-08-05 07:09:00
IND-USR-106,30.305106,78.031899,836.6,2026-08-05,07:15:00,2026-08-05 07:15:00
IND-USR-106,30.320462,78.032622,455.4,2026-08-05,07:19:00,2026-08-05 07:19:00
IND-USR-106,30.322068,78.035522,241.2,2026-08-05,07:32:00,2026-08-05 07:32:00
IND-USR-106,30.323309,78.036841,431.7,2026-08-05,07:34:00,2026-08-05 07:34:00
IND-USR-106,30.314888,78.032467,394.5,2026-08-05,07:49:00,2026-08-05 07:49:00
IND-USR-106,29.942225,78.163277,414.8,2026-08-05,08:07:00,2026-08-05 08:07:00
IND-USR-106,29.945947,78.16386,929.5,2026-08-05,08:19:00,2026-08-05 08:19:00
IND-USR-106,29.951069,78.162879,722.2,2026-08-05,08:25:00,2026-08-05 08:25:00
IND-USR-106,29.941972,78.160722,808.6,2026-08-05,08:36:00,2026-08-05 08:36:00
IND-USR-106,29.94832,78.158587,301.0,2026-08-05,08:38:00,2026-08-05 08:38:00
IND-USR-106,29.944895,78.16951,471.3,2026-08-05,08:49:00,2026-08-05 08:49:00
IND-USR-106,29.94687,78.163902,678.2,2026-08-05,08:54:00,2026-08-05 08:54:00
IND-USR-106,29.945556,78.160082,222.0,2026-08-05,09:06:00,2026-08-05 09:06:00
IND-USR-106,29.942271,78.163419,627.2,2026-08-05,09:10:00,2026-08-05 09:10:00
IND-USR-106,29.946785,78.167993,630.8,2026-08-05,09:27:00,2026-08-05 09:27:00
IND-USR-106,29.94607,78.169611,809.4,2026-08-05,09:39:00,2026-08-05 09:39:00
IND-USR-106,29.952121,78.167381,22.0,2026-08-05,09:44:00,2026-08-05 09:44:00
IND-USR-106,29.9506,78.160237,470.8,2026-08-05,10:01:00,2026-08-05 10:01:00
IND-USR-106,29.941103,78.166272,613.8,2026-08-05,10:09:00,2026-08-05 10:09:00
IND-USR-106,29.940335,78.163039,476.5,2026-08-05,10:13:00,2026-08-05 10:13:00
IND-USR-106,29.948785,78.169853,68.4,2026-08-05,10:26:00,2026-08-05 10:26:00
IND-USR-106,29.944683,78.1616,91.0,2026-08-05,10:41:00,2026-08-05 10:41:00
IND-USR-106,29.946982,78.159906,726.1,2026-08-05,11:01:00,2026-08-05 11:01:00
IND-USR-106,29.945007,78.164168,918.0,2026-08-05,11:08:00,2026-08-05 11:08:00
IND-USR-106,29.945588,78.164554,663.3,2026-08-05,11:14:00,2026-08-05 11:14:00
IND-USR-106,29.942362,78.161292,571.8,2026-08-05,11:34:00,2026-08-05 11:34:00
IND-USR-106,29.942712,78.15772,565.3,2026-08-05,11:38:00,2026-08-05 11:38:00
IND-USR-106,29.947067,78.167779,465.2,2026-08-05,11:56:00,2026-08-05 11:56:00
IND-USR-106,29.948885,78.16315,442.0,2026-08-05,12:04:00,2026-08-05 12:04:00
IND-USR-106,29.942456,78.167177,290.4,2026-08-05,12:12:00,2026-08-05 12:12:00
IND-USR-106,29.948256,78.16507,771.7,2026-08-05,12:19:00,2026-08-05 12:19:00
IND-USR-106,29.952677,78.164094,268.6,2026-08-05,12:30:00,2026-08-05 12:30:00
IND-USR-106,29.944672,78.162601,279.4,2026-08-05,12:46:00,2026-08-05 12:46:00
IND-USR-106,29.939456,78.166845,742.9,2026-08-05,12:48:00,2026-08-05 12:48:00
IND-USR-106,29.945278,78.16624,415.4,2026-08-05,13:05:00,2026-08-05 13:05:00
IND-USR-106,29.953068,78.162637,714.8,2026-08-05,13:21:00,2026-08-05 13:21:00
IND-USR-106,29.936348,78.166124,401.0,2026-08-05,13:40:00,2026-08-05 13:40:00
IND-USR-106,29.946367,78.16127,738.0,2026-08-05,13:46:00,2026-08-05 13:46:00
IND-USR-106,29.947289,78.167344,937.3,2026-08-05,13:58:00,2026-08-05 13:58:00
IND-USR-106,29.941914,78.162995,660.3,2026-08-05,14:00:00,2026-08-05 14:00:00
IND-USR-106,29.951607,78.161314,398.7,2026-08-05,14:17:00,2026-08-05 14:17:00
IND-USR-106,29.945967,78.153702,740.7,2026-08-05,14:21:00,2026-08-05 14:21:00
IND-USR-106,29.939773,78.16483,749.2,2026-08-05,14:25:00,2026-08-05 14:25:00
IND-USR-106,29.950612,78.158752,928.8,2026-08-05,14:28:00,2026-08-05 14:28:00
IND-USR-106,29.945998,78.162697,812.1,2026-08-05,14:47:00,2026-08-05 14:47:00
IND-USR-106,29.949512,78.159329,94.4,2026-08-05,15:00:00,2026-08-05 15:00:00
IND-USR-106,29.94742,78.161585,913.4,2026-08-05,15:09:00,2026-08-05 15:09:00
IND-USR-106,29.946592,78.164476,822.0,2026-08-05,15:16:00,2026-08-05 15:16:00
IND-USR-106,29.944693,78.166111,336.3,2026-08-05,15:36:00,2026-08-05 15:36:00
IND-USR-106,29.945875,78.163669,340.6,2026-08-05,15:46:00,2026-08-05 15:46:00
IND-USR-106,29.944274,78.16451,923.3,2026-08-05,15:54:00,2026-08-05 15:54:00
IND-USR-106,29.946588,78.160243,578.7,2026-08-05,15:57:00,2026-08-05 15:57:00
IND-USR-106,29.944302,78.159979,534.8,2026-08-05,16:01:00,2026-08-05 16:01:00
IND-USR-106,29.945541,78.161831,488.4,2026-08-05,16:14:00,2026-08-05 16:14:00
IND-USR-106,29.948783,78.166891,335.5,2026-08-05,16:27:00,2026-08-05 16:27:00
IND-USR-106,29.942009,78.164191,695.2,2026-08-05,16:31:00,2026-08-05 16:31:00
IND-USR-106,29.948254,78.163499,311.7,2026-08-05,16:36:00,2026-08-05 16:36:00
IND-USR-106,29.942787,78.15983,254.9,2026-08-05,16:52:00,2026-08-05 16:52:00
IND-USR-106,29.949117,78.167811,638.9,2026-08-05,17:06:00,2026-08-05 17:06:00
IND-USR-106,29.944868,78.167265,576.1,2026-08-05,17:15:00,2026-08-05 17:15:00
IND-USR-106,29.933839,78.16951,876.5,2026-08-05,17:20:00,2026-08-05 17:20:00
IND-USR-106,29.945072,78.164767,617.8,2026-08-05,17:23:00,2026-08-05 17:23:00
IND-USR-106,29.944418,78.169783,12.5,2026-08-05,17:40:00,2026-08-05 17:40:00
IND-USR-106,29.941457,78.170098,20.6,2026-08-05,17:51:00,2026-08-05 17:51:00
IND-USR-106,29.947285,78.166691,848.7,2026-08-05,18:00:00,2026-08-05 18:00:00
IND-USR-106,29.944383,78.158967,683.8,2026-08-05,18:02:00,2026-08-05 18:02:00
IND-USR-106,29.949422,78.165446,849.2,2026-08-05,18:14:00,2026-08-05 18:14:00
IND-USR-106,29.951146,78.163425,517.2,2026-08-05,18:19:00,2026-08-05 18:19:00
IND-USR-106,29.944023,78.169752,944.8,2026-08-05,18:21:00,2026-08-05 18:21:00
IND-USR-106,29.953348,78.164237,578.0,2026-08-05,18:30:00,2026-08-05 18:30:00
IND-USR-106,29.942689,78.167442,150.6,2026-08-05,18:49:00,2026-08-05 18:49:00
IND-USR-106,29.944684,78.166597,766.0,2026-08-05,18:53:00,2026-08-05 18:53:00
IND-USR-106,29.944663,78.170456,650.1,2026-08-05,18:55:00,2026-08-05 18:55:00
IND-USR-106,30.313702,78.034122,369.7,2026-08-05,19:15:00,2026-08-05 19:15:00
IND-USR-106,30.314545,78.031074,731.1,2026-08-05,19:22:00,2026-08-05 19:22:00
IND-USR-106,30.314852,78.035154,234.2,2026-08-05,19:25:00,2026-08-05 19:25:00
IND-USR-106,30.320173,78.034431,870.4,2026-08-05,19:38:00,2026-08-05 19:38:00
IND-USR-106,30.316068,78.032761,531.4,2026-08-05,19:57:00,2026-08-05 19:57:00
IND-USR-106,30.320091,78.035917,600.6,2026-08-05,20:07:00,2026-08-05 20:07:00
IND-USR-106,30.305739,78.031111,630.5,2026-08-05,20:09:00,2026-08-05 20:09:00
IND-USR-106,30.315603,78.034877,518.1,2026-08-05,20:28:00,2026-08-05 20:28:00
IND-USR-106,30.316233,78.035077,378.2,2026-08-05,20:34:00,2026-08-05 20:34:00
IND-USR-106,30.312185,78.03324,581.6,2026-08-05,20:41:00,2026-08-05 20:41:00
IND-USR-106,30.320101,78.026302,95.1,2026-08-05,20:53:00,2026-08-05 20:53:00
IND-USR-106,30.326555,78.036964,275.5,2026-08-05,21:07:00,2026-08-05 21:07:00
IND-USR-106,30.316505,78.028886,676.7,2026-08-05,21:22:00,2026-08-05 21:22:00
IND-USR-106,30.3158,78.032535,824.9,2026-08-05,21:30:00,2026-08-05 21:30:00
IND-USR-106,30.318263,78.038203,332.0,2026-08-05,21:39:00,2026-08-05 21:39:00
IND-USR-106,30.314596,78.034451,134.2,2026-08-05,21:54:00,2026-08-05 21:54:00
IND-USR-106,30.31133,78.030546,886.6,2026-08-05,21:57:00,2026-08-05 21:57:00
IND-USR-106,30.318007,78.034965,292.0,2026-08-05,22:13:00,2026-08-05 22:13:00
IND-USR-106,30.313487,78.030437,482.9,2026-08-05,22:15:00,2026-08-05 22:15:00
IND-USR-106,30.322342,78.036848,856.0,2026-08-05,22:33:00,2026-08-05 22:33:00
IND-USR-106,30.317334,78.023253,468.1,2026-08-05,22:48:00,2026-08-05 22:48:00
IND-USR-106,30.326545,78.03212,686.6,2026-08-05,23:06:00,2026-08-05 23:06:00
IND-USR-106,30.31525,78.030111,464.0,2026-08-05,23:25:00,2026-08-05 23:25:00
IND-USR-106,30.318005,78.033746,570.8,2026-08-05,23:28:00,2026-08-05 23:28:00
IND-USR-106,30.320303,78.028496,930.3,2026-08-05,23:31:00,2026-08-05 23:31:00
IND-USR-106,30.31525,78.040322,573.5,2026-08-05,23:36:00,2026-08-05 23:36:00
IND-USR-106,30.317398,78.03151,518.4,2026-08-05,23:40:00,2026-08-05 23:40:00
IND-USR-106,30.312734,78.034224,823.7,2026-08-05,23:51:00,2026-08-05 23:51:00
IND-USR-106,30.320624,78.035698,96.4,2026-08-05,23:55:00,2026-08-05 23:55:00
IND-USR-106,30.315465,78.033645,772.1,2026-08-06,00:01:00,2026-08-06 00:01:00
IND-USR-106,30.323187,78.036484,104.2,2026-08-06,00:15:00,2026-08-06 00:15:00
IND-USR-106,30.313363,78.022016,514.9,2026-08-06,00:27:00,2026-08-06 00:27:00
IND-USR-106,30.317687,78.035394,328.2,2026-08-06,00:46:00,2026-08-06 00:46:00
IND-USR-106,30.312143,78.032165,332.3,2026-08-06,00:49:00,2026-08-06 00:49:00
IND-USR-106,30.315445,78.032617,236.5,2026-08-06,01:03:00,2026-08-06 01:03:00
IND-USR-106,30.314321,78.037362,114.8,2026-08-06,01:08:00,2026-08-06 01:08:00
IND-USR-106,30.317092,78.028684,40.4,2026-08-06,01:22:00,2026-08-06 01:22:00
IND-USR-107,30.32017,78.027143,27.0,2026-08-08,06:06:00,2026-08-08 06:06:00
IND-USR-107,30.321638,78.036164,574.6,2026-08-08,06:15:00,2026-08-08 06:15:00
IND-USR-107,30.322059,78.031567,647.4,2026-08-08,06:32:00,2026-08-08 06:32:00
IND-USR-107,30.314516,78.032536,458.8,2026-08-08,06:49:00,2026-08-08 06:49:00
IND-USR-107,30.316162,78.029589,351.6,2026-08-08,06:59:00,2026-08-08 06:59:00
IND-USR-107,30.314286,78.030735,288.5,2026-08-08,07:09:00,2026-08-08 07:09:00
IND-USR-107,30.31182,78.034912,821.7,2026-08-08,07:12:00,2026-08-08 07:12:00
IND-USR-107,30.316291,78.030966,873.4,2026-08-08,07:18:00,2026-08-08 07:18:00
IND-USR-107,30.312059,78.027559,85.1,2026-08-08,07:26:00,2026-08-08 07:26:00
IND-USR-107,30.324244,78.029691,281.9,2026-08-08,07:30:00,2026-08-08 07:30:00
IND-USR-107,30.318942,78.032851,783.5,2026-08-08,07:34:00,2026-08-08 07:34:00
IND-USR-107,30.305399,78.03937,328.6,2026-08-08,07:54:00,2026-08-08 07:54:00
IND-USR-107,29.948436,78.161129,552.0,2026-08-08,08:03:00,2026-08-08 08:03:00
IND-USR-107,29.945587,78.159603,833.8,2026-08-08,08:18:00,2026-08-08 08:18:00
IND-USR-107,29.953005,78.160569,765.7,2026-08-08,08:35:00,2026-08-08 08:35:00
IND-USR-107,29.943608,78.161282,134.3,2026-08-08,08:50:00,2026-08-08 08:50:00
IND-USR-107,29.946022,78.169681,179.0,2026-08-08,09:05:00,2026-08-08 09:05:00
IND-USR-107,29.952857,78.162604,670.9,2026-08-08,09:17:00,2026-08-08 09:17:00
IND-USR-107,29.947213,78.164528,363.4,2026-08-08,09:37:00,2026-08-08 09:37:00
IND-USR-107,29.941774,78.17389,351.5,2026-08-08,09:39:00,2026-08-08 09:39:00
IND-USR-107,29.951151,78.164956,139.6,2026-08-08,09:41:00,2026-08-08 09:41:00
IND-USR-107,29.952028,78.169048,79.3,2026-08-08,09:55:00,2026-08-08 09:55:00
IND-USR-107,29.946027,78.165504,293.1,2026-08-08,10:14:00,2026-08-08 10:14:00
IND-USR-107,29.951749,78.160415,361.5,2026-08-08,10:20:00,2026-08-08 10:20:00
IND-USR-107,29.952395,78.1633,862.8,2026-08-08,10:39:00,2026-08-08 10:39:00
IND-USR-107,29.951799,78.164179,213.1,2026-08-08,10:41:00,2026-08-08 10:41:00
IND-USR-107,29.94705,78.164063,495.9,2026-08-08,10:55:00,2026-08-08 10:55:00
IND-USR-107,29.943573,78.16312,320.8,2026-08-08,10:58:00,2026-08-08 10:58:00
IND-USR-107,29.951216,78.154943,379.8,2026-08-08,11:01:00,2026-08-08 11:01:00
IND-USR-107,29.940744,78.161298,382.5,2026-08-08,11:04:00,2026-08-08 11:04:00
IND-USR-107,29.941387,78.17024,417.9,2026-08-08,11:13:00,2026-08-08 11:13:00
IND-USR-107,29.950731,78.166568,358.7,2026-08-08,11:15:00,2026-08-08 11:15:00
IND-USR-107,29.943149,78.16954,697.1,2026-08-08,11:21:00,2026-08-08 11:21:00
IND-USR-107,29.939347,78.172768,618.2,2026-08-08,11:25:00,2026-08-08 11:25:00
IND-USR-107,29.942961,78.163152,260.0,2026-08-08,11:40:00,2026-08-08 11:40:00
IND-USR-107,29.943983,78.159908,596.4,2026-08-08,11:42:00,2026-08-08 11:42:00
IND-USR-107,29.9534,78.167356,123.4,2026-08-08,12:02:00,2026-08-08 12:02:00
IND-USR-107,29.950562,78.159305,561.4,2026-08-08,12:10:00,2026-08-08 12:10:00
IND-USR-107,29.946424,78.166284,121.2,2026-08-08,12:30:00,2026-08-08 12:30:00
IND-USR-107,29.946783,78.159559,65.2,2026-08-08,12:37:00,2026-08-08 12:37:00
IND-USR-107,29.950002,78.164686,610.7,2026-08-08,12:46:00,2026-08-08 12:46:00
IND-USR-107,29.94188,78.156779,352.9,2026-08-08,12:52:00,2026-08-08 12:52:00
IND-USR-107,29.948127,78.174002,581.8,2026-08-08,12:54:00,2026-08-08 12:54:00
IND-USR-107,29.941639,78.164882,158.6,2026-08-08,13:06:00,2026-08-08 13:06:00
IND-USR-107,29.950142,78.159121,731.3,2026-08-08,13:14:00,2026-08-08 13:14:00
IND-USR-107,29.94378,78.160759,721.6,2026-08-08,13:30:00,2026-08-08 13:30:00
IND-USR-107,29.949639,78.169502,449.4,2026-08-08,13:50:00,2026-08-08 13:50:00
IND-USR-107,29.946336,78.160833,227.4,2026-08-08,14:03:00,2026-08-08 14:03:00
IND-USR-107,29.943929,78.161678,550.0,2026-08-08,14:08:00,2026-08-08 14:08:00
IND-USR-107,29.941791,78.163792,921.0,2026-08-08,14:15:00,2026-08-08 14:15:00
IND-USR-107,29.947999,78.166161,56.6,2026-08-08,14:18:00,2026-08-08 14:18:00
IND-USR-107,29.945667,78.164428,414.6,2026-08-08,14:37:00,2026-08-08 14:37:00
IND-USR-107,29.945374,78.159011,821.3,2026-08-08,14:43:00,2026-08-08 14:43:00
IND-USR-107,29.946341,78.161865,337.9,2026-08-08,14:59:00,2026-08-08 14:59:00
IND-USR-107,29.940311,78.165683,888.4,2026-08-08,15:16:00,2026-08-08 15:16:00
IND-USR-107,29.943253,78.165111,252.3,2026-08-08,15:28:00,2026-08-08 15:28:00
IND-USR-107,29.949091,78.160399,932.6,2026-08-08,15:38:00,2026-08-08 15:38:00
IND-USR-107,29.946068,78.156958,904.7,2026-08-08,15:58:00,2026-08-08 15:58:00
IND-USR-107,29.95183,78.158764,309.9,2026-08-08,16:01:00,2026-08-08 16:01:00
IND-USR-107,29.943641,78.169554,914.9,2026-08-08,16:20:00,2026-08-08 16:20:00
IND-USR-107,29.944762,78.15941,661.9,2026-08-08,16:31:00,2026-08-08 16:31:00
IND-USR-107,29.948552,78.166962,221.6,2026-08-08,16:43:00,2026-08-08 16:43:00
IND-USR-107,29.943167,78.1621,126.9,2026-08-08,16:47:00,2026-08-08 16:47:00
IND-USR-107,29.943958,78.163372,602.8,2026-08-08,16:49:00,2026-08-08 16:49:00
IND-USR-107,29.938128,78.163474,685.3,2026-08-08,16:54:00,2026-08-08 16:54:00
IND-USR-107,29.952836,78.160616,337.0,2026-08-08,17:08:00,2026-08-08 17:08:00
IND-USR-107,29.943366,78.159466,507.6,2026-08-08,17:21:00,2026-08-08 17:21:00
IND-USR-107,29.948149,78.169013,843.1,2026-08-08,17:32:00,2026-08-08 17:32:00
IND-USR-107,29.950421,78.159208,726.4,2026-08-08,17:43:00,2026-08-08 17:43:00
IND-USR-107,29.947699,78.169935,931.5,2026-08-08,17:57:00,2026-08-08 17:57:00
IND-USR-107,29.947739,78.166114,824.9,2026-08-08,18:04:00,2026-08-08 18:04:00
IND-USR-107,29.943813,78.16508,150.4,2026-08-08,18:17:00,2026-08-08 18:17:00
IND-USR-107,29.950645,78.165513,589.5,2026-08-08,18:34:00,2026-08-08 18:34:00
IND-USR-107,29.940707,78.162376,306.0,2026-08-08,18:37:00,2026-08-08 18:37:00
IND-USR-107,29.950537,78.165499,367.1,2026-08-08,18:52:00,2026-08-08 18:52:00
IND-USR-107,30.316976,78.029984,921.3,2026-08-08,19:01:00,2026-08-08 19:01:00
IND-USR-107,30.321254,78.03885,106.4,2026-08-08,19:16:00,2026-08-08 19:16:00
IND-USR-107,30.321553,78.03797,799.9,2026-08-08,19:31:00,2026-08-08 19:31:00
IND-USR-107,30.315065,78.030199,519.3,2026-08-08,19:42:00,2026-08-08 19:42:00
IND-USR-107,30.315875,78.032354,430.8,2026-08-08,19:44:00,2026-08-08 19:44:00
IND-USR-107,30.322224,78.036864,432.0,2026-08-08,19:55:00,2026-08-08 19:55:00
IND-USR-107,30.318654,78.026475,722.3,2026-08-08,20:01:00,2026-08-08 20:01:00
IND-USR-107,30.309748,78.033162,25.1,2026-08-08,20:15:00,2026-08-08 20:15:00
IND-USR-107,30.320021,78.031882,342.1,2026-08-08,20:23:00,2026-08-08 20:23:00
IND-USR-107,30.32416,78.02787,354.0,2026-08-08,20:27:00,2026-08-08 20:27:00
IND-USR-107,30.311667,78.029543,35.5,2026-08-08,20:40:00,2026-08-08 20:40:00
IND-USR-107,30.313691,78.034305,907.6,2026-08-08,20:53:00,2026-08-08 20:53:00
IND-USR-107,30.314813,78.026009,73.8,2026-08-08,20:55:00,2026-08-08 20:55:00
IND-USR-107,30.320066,78.02516,648.6,2026-08-08,21:04:00,2026-08-08 21:04:00
IND-USR-107,30.312215,78.025709,407.8,2026-08-08,21:08:00,2026-08-08 21:08:00
IND-USR-108,30.317328,78.032944,60.7,2026-08-02,06:15:00,2026-08-02 06:15:00
IND-USR-108,30.324166,78.035855,423.6,2026-08-02,06:33:00,2026-08-02 06:33:00
IND-USR-108,30.322267,78.033354,361.0,2026-08-02,06:36:00,2026-08-02 06:36:00
IND-USR-108,30.312592,78.032712,250.3,2026-08-02,06:43:00,2026-08-02 06:43:00
IND-USR-108,30.31887,78.035015,206.6,2026-08-02,06:47:00,2026-08-02 06:47:00
IND-USR-108,30.31461,78.034155,316.8,2026-08-02,07:07:00,2026-08-02 07:07:00
IND-USR-108,30.312768,78.028027,543.1,2026-08-02,07:23:00,2026-08-02 07:23:00
IND-USR-108,30.312037,78.032299,677.1,2026-08-02,07:26:00,2026-08-02 07:26:00
IND-USR-108,30.311789,78.030501,698.0,2026-08-02,07:36:00,2026-08-02 07:36:00
IND-USR-108,30.320112,78.028083,211.0,2026-08-02,07:49:00,2026-08-02 07:49:00
IND-USR-108,29.943683,78.164487,662.7,2026-08-02,08:01:00,2026-08-02 08:01:00
IND-USR-108,29.946688,78.162203,558.5,2026-08-02,08:17:00,2026-08-02 08:17:00
IND-USR-108,29.948847,78.166562,689.3,2026-08-02,08:29:00,2026-08-02 08:29:00
IND-USR-108,29.950259,78.163874,548.3,2026-08-02,08:34:00,2026-08-02 08:34:00
IND-USR-108,29.943649,78.161469,723.0,2026-08-02,08:38:00,2026-08-02 08:38:00
IND-USR-108,29.946928,78.162691,609.0,2026-08-02,08:56:00,2026-08-02 08:56:00
IND-USR-108,29.943423,78.162407,384.0,2026-08-02,09:15:00,2026-08-02 09:15:00
IND-USR-108,29.942965,78.164996,806.8,2026-08-02,09:26:00,2026-08-02 09:26:00
IND-USR-108,29.94005,78.165412,555.9,2026-08-02,09:40:00,2026-08-02 09:40:00
IND-USR-108,29.948406,78.161876,320.3,2026-08-02,09:55:00,2026-08-02 09:55:00
IND-USR-108,29.953388,78.16427,530.5,2026-08-02,10:00:00,2026-08-02 10:00:00
IND-USR-108,29.939455,78.163075,838.2,2026-08-02,10:08:00,2026-08-02 10:08:00
IND-USR-108,29.945951,78.165996,258.0,2026-08-02,10:25:00,2026-08-02 10:25:00
IND-USR-108,29.94467,78.160154,442.4,2026-08-02,10:44:00,2026-08-02 10:44:00
IND-USR-108,29.94132,78.161586,907.6,2026-08-02,11:03:00,2026-08-02 11:03:00
IND-USR-108,29.943469,78.15966,655.5,2026-08-02,11:16:00,2026-08-02 11:16:00
IND-USR-108,29.942769,78.166838,735.7,2026-08-02,11:19:00,2026-08-02 11:19:00
IND-USR-108,29.952294,78.167222,944.2,2026-08-02,11:28:00,2026-08-02 11:28:00
IND-USR-108,29.950923,78.168096,806.7,2026-08-02,11:45:00,2026-08-02 11:45:00
IND-USR-108,29.949033,78.162849,519.5,2026-08-02,11:49:00,2026-08-02 11:49:00
IND-USR-108,29.946264,78.162518,814.2,2026-08-02,11:58:00,2026-08-02 11:58:00
IND-USR-108,29.944824,78.164473,539.8,2026-08-02,12:03:00,2026-08-02 12:03:00
IND-USR-108,29.948554,78.165893,34.0,2026-08-02,12:10:00,2026-08-02 12:10:00
IND-USR-108,29.945053,78.164422,416.5,2026-08-02,12:23:00,2026-08-02 12:23:00
IND-USR-108,29.947434,78.16687,214.0,2026-08-02,12:32:00,2026-08-02 12:32:00
IND-USR-108,29.939624,78.15989,658.8,2026-08-02,12:38:00,2026-08-02 12:38:00
IND-USR-108,29.950129,78.163957,209.9,2026-08-02,12:55:00,2026-08-02 12:55:00
IND-USR-108,29.944004,78.163146,207.7,2026-08-02,13:01:00,2026-08-02 13:01:00
IND-USR-108,29.944645,78.166432,281.8,2026-08-02,13:15:00,2026-08-02 13:15:00
IND-USR-108,29.941268,78.164299,184.9,2026-08-02,13:18:00,2026-08-02 13:18:00
IND-USR-108,29.946684,78.165785,876.3,2026-08-02,13:37:00,2026-08-02 13:37:00
IND-USR-108,29.946591,78.166264,235.7,2026-08-02,13:49:00,2026-08-02 13:49:00
IND-USR-108,29.943409,78.160433,776.5,2026-08-02,13:56:00,2026-08-02 13:56:00
IND-USR-108,29.955528,78.162995,363.5,2026-08-02,14:12:00,2026-08-02 14:12:00
IND-USR-108,29.944962,78.166911,623.6,2026-08-02,14:32:00,2026-08-02 14:32:00
IND-USR-108,29.952084,78.162022,165.4,2026-08-02,14:42:00,2026-08-02 14:42:00
IND-USR-108,29.941705,78.159231,873.3,2026-08-02,14:59:00,2026-08-02 14:59:00
IND-USR-108,29.952072,78.160048,220.4,2026-08-02,15:06:00,2026-08-02 15:06:00
IND-USR-108,29.94559,78.160291,825.4,2026-08-02,15:25:00,2026-08-02 15:25:00
IND-USR-108,29.939907,78.16303,53.9,2026-08-02,15:31:00,2026-08-02 15:31:00
IND-USR-108,29.941949,78.161433,654.8,2026-08-02,15:40:00,2026-08-02 15:40:00
IND-USR-108,29.953724,78.1659,550.7,2026-08-02,15:42:00,2026-08-02 15:42:00
IND-USR-108,29.949426,78.167499,657.4,2026-08-02,15:52:00,2026-08-02 15:52:00
IND-USR-108,29.945297,78.162441,71.3,2026-08-02,15:54:00,2026-08-02 15:54:00
IND-USR-108,29.946696,78.164874,224.3,2026-08-02,16:02:00,2026-08-02 16:02:00
IND-USR-108,29.943425,78.164719,495.3,2026-08-02,16:09:00,2026-08-02 16:09:00
IND-USR-108,29.942875,78.163514,140.0,2026-08-02,16:20:00,2026-08-02 16:20:00
IND-USR-108,29.944359,78.159125,475.0,2026-08-02,16:31:00,2026-08-02 16:31:00
IND-USR-108,29.936295,78.160444,578.4,2026-08-02,16:35:00,2026-08-02 16:35:00
IND-USR-108,29.952916,78.162961,150.4,2026-08-02,16:53:00,2026-08-02 16:53:00
IND-USR-108,29.948804,78.155702,761.7,2026-08-02,16:55:00,2026-08-02 16:55:00
IND-USR-108,29.941667,78.158782,321.5,2026-08-02,17:12:00,2026-08-02 17:12:00
IND-USR-108,29.944891,78.173888,820.3,2026-08-02,17:24:00,2026-08-02 17:24:00
IND-USR-108,29.947541,78.170982,802.2,2026-08-02,17:36:00,2026-08-02 17:36:00
IND-USR-108,29.944682,78.169659,129.2,2026-08-02,17:48:00,2026-08-02 17:48:00
IND-USR-108,29.953993,78.163763,64.1,2026-08-02,18:02:00,2026-08-02 18:02:00
IND-USR-108,29.943543,78.158929,314.2,2026-08-02,18:18:00,2026-08-02 18:18:00
IND-USR-108,29.944464,78.164528,658.3,2026-08-02,18:38:00,2026-08-02 18:38:00
IND-USR-108,29.953824,78.15902,199.6,2026-08-02,18:42:00,2026-08-02 18:42:00
IND-USR-108,29.945939,78.156943,126.9,2026-08-02,18:51:00,2026-08-02 18:51:00
IND-USR-108,29.943993,78.165446,683.6,2026-08-02,18:53:00,2026-08-02 18:53:00
IND-USR-108,30.31855,78.034556,751.3,2026-08-02,19:07:00,2026-08-02 19:07:00
IND-USR-108,30.31809,78.034522,210.6,2026-08-02,19:16:00,2026-08-02 19:16:00
IND-USR-108,30.316683,78.028009,183.2,2026-08-02,19:22:00,2026-08-02 19:22:00
IND-USR-108,30.309093,78.030013,943.3,2026-08-02,19:37:00,2026-08-02 19:37:00
IND-USR-108,30.315962,78.037216,868.8,2026-08-02,19:43:00,2026-08-02 19:43:00
IND-USR-108,30.316098,78.031414,432.4,2026-08-02,20:00:00,2026-08-02 20:00:00
IND-USR-108,30.318042,78.03112,215.2,2026-08-02,20:16:00,2026-08-02 20:16:00
IND-USR-108,30.319742,78.040117,399.3,2026-08-02,20:20:00,2026-08-02 20:20:00
IND-USR-108,30.325263,78.032588,667.9,2026-08-02,20:38:00,2026-08-02 20:38:00
IND-USR-108,30.317848,78.038515,907.6,2026-08-02,20:41:00,2026-08-02 20:41:00
IND-USR-108,30.3159,78.034917,882.9,2026-08-02,20:55:00,2026-08-02 20:55:00
IND-USR-108,30.311959,78.030957,36.6,2026-08-02,21:12:00,2026-08-02 21:12:00
IND-USR-108,30.321124,78.029327,13.2,2026-08-02,21:28:00,2026-08-02 21:28:00
IND-USR-108,30.315988,78.025903,349.8,2026-08-02,21:47:00,2026-08-02 21:47:00
IND-USR-108,30.324523,78.037252,365.7,2026-08-02,21:56:00,2026-08-02 21:56:00
IND-USR-108,30.317252,78.03423,325.0,2026-08-02,21:59:00,2026-08-02 21:59:00
IND-USR-108,30.318084,78.037737,169.3,2026-08-02,22:11:00,2026-08-02 22:11:00
IND-USR-108,30.314425,78.035129,758.4,2026-08-02,22:29:00,2026-08-02 22:29:00
IND-USR-108,30.32081,78.037061,602.4,2026-08-02,22:35:00,2026-08-02 22:35:00
IND-USR-108,30.307463,78.029803,694.3,2026-08-02,22:39:00,2026-08-02 22:39:00
IND-USR-108,30.312423,78.032798,611.9,2026-08-02,22:42:00,2026-08-02 22:42:00
IND-USR-108,30.308436,78.024018,694.2,2026-08-02,22:53:00,2026-08-02 22:53:00
IND-USR-108,30.32518,78.034671,853.9,2026-08-02,22:59:00,2026-08-02 22:59:00
IND-USR-108,30.316984,78.033655,27.4,2026-08-02,23:09:00,2026-08-02 23:09:00
IND-USR-108,30.317085,78.036189,454.8,2026-08-02,23:24:00,2026-08-02 23:24:00
IND-USR-108,30.31397,78.032946,486.0,2026-08-02,23:37:00,2026-08-02 23:37:00
IND-USR-108,30.31741,78.028013,436.2,2026-08-02,23:52:00,2026-08-02 23:52:00
IND-USR-108,30.321608,78.030417,359.0,2026-08-02,23:58:00,2026-08-02 23:58:00
IND-USR-108,30.32057,78.03266,801.3,2026-08-03,00:00:00,2026-08-03 00:00:00
IND-USR-109,22.579134,88.359734,802.2,2026-08-07,06:02:00,2026-08-07 06:02:00
IND-USR-109,22.568261,88.360277,674.2,2026-08-07,06:11:00,2026-08-07 06:11:00
IND-USR-109,22.573133,88.370066,766.6,2026-08-07,06:19:00,2026-08-07 06:19:00
IND-USR-109,22.578972,88.35466,606.2,2026-08-07,06:32:00,2026-08-07 06:32:00
IND-USR-109,22.573599,88.351048,840.1,2026-08-07,06:46:00,2026-08-07 06:46:00
IND-USR-109,22.57578,88.368373,899.1,2026-08-07,06:56:00,2026-08-07 06:56:00
IND-USR-109,22.572439,88.364236,275.8,2026-08-07,07:00:00,2026-08-07 07:00:00
IND-USR-109,22.572895,88.360762,261.2,2026-08-07,07:16:00,2026-08-07 07:16:00
IND-USR-109,22.574327,88.362974,616.9,2026-08-07,07:33:00,2026-08-07 07:33:00
IND-USR-109,22.576321,88.363445,108.2,2026-08-07,07:41:00,2026-08-07 07:41:00
IND-USR-109,22.569156,88.357757,932.1,2026-08-07,07:49:00,2026-08-07 07:49:00
IND-USR-109,22.546444,88.35855,648.6,2026-08-07,08:09:00,2026-08-07 08:09:00
IND-USR-109,22.552069,88.354654,798.3,2026-08-07,08:29:00,2026-08-07 08:29:00
IND-USR-109,22.561033,88.351049,801.6,2026-08-07,08:39:00,2026-08-07 08:39:00
IND-USR-109,22.55139,88.352771,252.2,2026-08-07,08:43:00,2026-08-07 08:43:00
IND-USR-109,22.554018,88.36085,411.6,2026-08-07,09:01:00,2026-08-07 09:01:00
IND-USR-109,22.560163,88.355784,705.7,2026-08-07,09:21:00,2026-08-07 09:21:00
IND-USR-109,22.559698,88.352587,775.0,2026-08-07,09:33:00,2026-08-07 09:33:00
IND-USR-109,22.555097,88.352094,824.8,2026-08-07,09:35:00,2026-08-07 09:35:00
IND-USR-109,22.548739,88.358115,144.3,2026-08-07,09:43:00,2026-08-07 09:43:00
IND-USR-109,22.556027,88.353372,738.6,2026-08-07,09:58:00,2026-08-07 09:58:00
IND-USR-109,22.55389,88.347275,288.8,2026-08-07,10:13:00,2026-08-07 10:13:00
IND-USR-109,22.54999,88.354645,133.9,2026-08-07,10:19:00,2026-08-07 10:19:00
IND-USR-109,22.551784,88.352429,926.8,2026-08-07,10:28:00,2026-08-07 10:28:00
IND-USR-109,22.553481,88.35057,849.6,2026-08-07,10:38:00,2026-08-07 10:38:00
IND-USR-109,22.550028,88.346851,132.9,2026-08-07,10:43:00,2026-08-07 10:43:00
IND-USR-109,22.553314,88.355774,685.5,2026-08-07,10:50:00,2026-08-07 10:50:00
IND-USR-109,22.547325,88.353204,671.7,2026-08-07,11:10:00,2026-08-07 11:10:00
IND-USR-109,22.555025,88.349342,767.2,2026-08-07,11:29:00,2026-08-07 11:29:00
IND-USR-109,22.559589,88.351757,630.9,2026-08-07,11:33:00,2026-08-07 11:33:00
IND-USR-109,22.553495,88.352655,319.8,2026-08-07,11:38:00,2026-08-07 11:38:00
IND-USR-109,22.546817,88.357335,538.6,2026-08-07,11:49:00,2026-08-07 11:49:00
IND-USR-109,22.550078,88.352354,224.3,2026-08-07,12:01:00,2026-08-07 12:01:00
IND-USR-109,22.556291,88.359144,13.8,2026-08-07,12:03:00,2026-08-07 12:03:00
IND-USR-109,22.54958,88.351514,181.5,2026-08-07,12:07:00,2026-08-07 12:07:00
IND-USR-109,22.55943,88.355155,420.7,2026-08-07,12:23:00,2026-08-07 12:23:00
IND-USR-109,22.556585,88.349095,139.2,2026-08-07,12:30:00,2026-08-07 12:30:00
IND-USR-109,22.552383,88.352629,777.6,2026-08-07,12:38:00,2026-08-07 12:38:00
IND-USR-109,22.550468,88.346602,671.0,2026-08-07,12:56:00,2026-08-07 12:56:00
IND-USR-109,22.551858,88.358717,892.7,2026-08-07,13:07:00,2026-08-07 13:07:00
IND-USR-109,22.554137,88.358797,172.3,2026-08-07,13:18:00,2026-08-07 13:18:00
IND-USR-109,22.554616,88.350241,330.5,2026-08-07,13:25:00,2026-08-07 13:25:00
IND-USR-109,22.55901,88.354149,711.7,2026-08-07,13:41:00,2026-08-07 13:41:00
IND-USR-109,22.557747,88.349027,70.4,2026-08-07,13:58:00,2026-08-07 13:58:00
IND-USR-109,22.558055,88.357576,737.9,2026-08-07,14:16:00,2026-08-07 14:16:00
IND-USR-109,22.555059,88.350072,142.9,2026-08-07,14:34:00,2026-08-07 14:34:00
IND-USR-109,22.553716,88.355745,202.7,2026-08-07,14:40:00,2026-08-07 14:40:00
IND-USR-109,22.554838,88.355704,614.4,2026-08-07,14:58:00,2026-08-07 14:58:00
IND-USR-109,22.557949,88.350706,64.3,2026-08-07,15:15:00,2026-08-07 15:15:00
IND-USR-109,22.54928,88.35315,924.2,2026-08-07,15:34:00,2026-08-07 15:34:00
IND-USR-109,22.552581,88.356443,73.3,2026-08-07,15:45:00,2026-08-07 15:45:00
IND-USR-109,22.549602,88.357382,56.5,2026-08-07,16:03:00,2026-08-07 16:03:00
IND-USR-109,22.559314,88.353301,938.2,2026-08-07,16:07:00,2026-08-07 16:07:00
IND-USR-109,22.554143,88.35023,666.0,2026-08-07,16:15:00,2026-08-07 16:15:00
IND-USR-109,22.551729,88.351667,551.0,2026-08-07,16:25:00,2026-08-07 16:25:00
IND-USR-109,22.559672,88.353013,386.8,2026-08-07,16:38:00,2026-08-07 16:38:00
IND-USR-109,22.548611,88.354321,712.7,2026-08-07,16:54:00,2026-08-07 16:54:00
IND-USR-109,22.557205,88.353198,573.5,2026-08-07,17:14:00,2026-08-07 17:14:00
IND-USR-109,22.559777,88.35641,377.9,2026-08-07,17:24:00,2026-08-07 17:24:00
IND-USR-109,22.549703,88.351094,494.4,2026-08-07,17:36:00,2026-08-07 17:36:00
IND-USR-109,22.554805,88.346635,596.1,2026-08-07,17:52:00,2026-08-07 17:52:00
IND-USR-109,22.555245,88.346254,738.5,2026-08-07,18:12:00,2026-08-07 18:12:00
IND-USR-109,22.557994,88.356929,191.2,2026-08-07,18:26:00,2026-08-07 18:26:00
IND-USR-109,22.555919,88.350596,237.0,2026-08-07,18:45:00,2026-08-07 18:45:00
IND-USR-109,22.554581,88.351246,814.9,2026-08-07,18:47:00,2026-08-07 18:47:00
IND-USR-109,22.568477,88.362545,154.9,2026-08-07,19:03:00,2026-08-07 19:03:00
IND-USR-109,22.575393,88.364075,765.7,2026-08-07,19:17:00,2026-08-07 19:17:00
IND-USR-109,22.578403,88.366963,799.0,2026-08-07,19:20:00,2026-08-07 19:20:00
IND-USR-109,22.575235,88.357464,549.5,2026-08-07,19:23:00,2026-08-07 19:23:00
IND-USR-109,22.571459,88.359643,402.1,2026-08-07,19:29:00,2026-08-07 19:29:00
IND-USR-109,22.571868,88.361127,386.7,2026-08-07,19:43:00,2026-08-07 19:43:00
IND-USR-109,22.57109,88.368145,103.0,2026-08-07,19:45:00,2026-08-07 19:45:00
IND-USR-109,22.574501,88.367928,344.9,2026-08-07,19:57:00,2026-08-07 19:57:00
IND-USR-109,22.566197,88.364132,698.5,2026-08-07,20:09:00,2026-08-07 20:09:00
IND-USR-109,22.576467,88.369925,392.0,2026-08-07,20:27:00,2026-08-07 20:27:00
IND-USR-109,22.566408,88.362494,320.7,2026-08-07,20:37:00,2026-08-07 20:37:00
IND-USR-109,22.576737,88.363131,900.2,2026-08-07,20:55:00,2026-08-07 20:55:00
IND-USR-109,22.568958,88.3577,318.1,2026-08-07,21:07:00,2026-08-07 21:07:00
IND-USR-109,22.568805,88.357144,845.2,2026-08-07,21:20:00,2026-08-07 21:20:00
IND-USR-109,22.572834,88.367485,103.9,2026-08-07,21:33:00,2026-08-07 21:33:00
IND-USR-109,22.567556,88.364931,249.5,2026-08-07,21:40:00,2026-08-07 21:40:00
IND-USR-109,22.575981,88.363889,268.1,2026-08-07,21:55:00,2026-08-07 21:55:00
IND-USR-109,22.566157,88.365445,59.2,2026-08-07,21:57:00,2026-08-07 21:57:00
IND-USR-109,22.572381,88.363274,429.6,2026-08-07,22:15:00,2026-08-07 22:15:00
IND-USR-109,22.570413,88.364247,749.7,2026-08-07,22:33:00,2026-08-07 22:33:00
IND-USR-109,22.574639,88.373463,769.9,2026-08-07,22:48:00,2026-08-07 22:48:00
IND-USR-109,22.573049,88.369945,283.7,2026-08-07,22:54:00,2026-08-07 22:54:00
IND-USR-109,22.574031,88.363502,346.0,2026-08-07,22:57:00,2026-08-07 22:57:00
IND-USR-109,22.573194,88.359013,369.7,2026-08-07,23:12:00,2026-08-07 23:12:00
IND-USR-109,22.573823,88.355932,315.6,2026-08-07,23:22:00,2026-08-07 23:22:00
IND-USR-110,22.569149,88.364339,819.9,2026-08-03,06:10:00,2026-08-03 06:10:00
IND-USR-110,22.577376,88.369622,74.6,2026-08-03,06:20:00,2026-08-03 06:20:00
IND-USR-110,22.571654,88.364523,563.4,2026-08-03,06:38:00,2026-08-03 06:38:00
IND-USR-110,22.576537,88.358582,887.0,2026-08-03,06:55:00,2026-08-03 06:55:00
IND-USR-110,22.574219,88.360588,145.1,2026-08-03,06:57:00,2026-08-03 06:57:00
IND-USR-110,22.571913,88.362064,199.5,2026-08-03,07:05:00,2026-08-03 07:05:00
IND-USR-110,22.574341,88.366101,867.4,2026-08-03,07:20:00,2026-08-03 07:20:00
IND-USR-110,22.576164,88.365293,26.0,2026-08-03,07:35:00,2026-08-03 07:35:00
IND-USR-110,22.573287,88.371316,796.3,2026-08-03,07:44:00,2026-08-03 07:44:00
IND-USR-110,22.547803,88.360082,825.2,2026-08-03,08:01:00,2026-08-03 08:01:00
IND-USR-110,22.552741,88.355584,435.5,2026-08-03,08:05:00,2026-08-03 08:05:00
IND-USR-110,22.552597,88.35049,393.7,2026-08-03,08:14:00,2026-08-03 08:14:00
IND-USR-110,22.555838,88.357469,839.0,2026-08-03,08:17:00,2026-08-03 08:17:00
IND-USR-110,22.555792,88.351132,771.3,2026-08-03,08:28:00,2026-08-03 08:28:00
IND-USR-110,22.568345,88.358094,154.6,2026-08-03,08:38:00,2026-08-03 08:38:00
IND-USR-110,22.557633,88.351888,491.9,2026-08-03,08:46:00,2026-08-03 08:46:00
IND-USR-110,22.551399,88.352181,67.1,2026-08-03,09:01:00,2026-08-03 09:01:00
IND-USR-110,22.558226,88.349338,759.5,2026-08-03,09:04:00,2026-08-03 09:04:00
IND-USR-110,22.549627,88.355458,697.4,2026-08-03,09:16:00,2026-08-03 09:16:00
IND-USR-110,22.555177,88.350219,584.8,2026-08-03,09:35:00,2026-08-03 09:35:00
IND-USR-110,22.549535,88.359052,219.9,2026-08-03,09:54:00,2026-08-03 09:54:00
IND-USR-110,22.555328,88.347846,711.9,2026-08-03,10:04:00,2026-08-03 10:04:00
IND-USR-110,22.548725,88.351854,263.0,2026-08-03,10:12:00,2026-08-03 10:12:00
IND-USR-110,22.556831,88.35568,21.4,2026-08-03,10:32:00,2026-08-03 10:32:00
IND-USR-110,22.558427,88.347339,609.7,2026-08-03,10:47:00,2026-08-03 10:47:00
IND-USR-110,22.554795,88.359004,570.6,2026-08-03,11:04:00,2026-08-03 11:04:00
IND-USR-110,22.559231,88.354736,835.0,2026-08-03,11:24:00,2026-08-03 11:24:00
IND-USR-110,22.563292,88.355737,800.3,2026-08-03,11:30:00,2026-08-03 11:30:00
IND-USR-110,22.558071,88.353478,940.6,2026-08-03,11:42:00,2026-08-03 11:42:00
IND-USR-110,22.550776,88.349799,262.6,2026-08-03,12:01:00,2026-08-03 12:01:00
IND-USR-110,22.554626,88.352454,350.8,2026-08-03,12:09:00,2026-08-03 12:09:00
IND-USR-110,22.546826,88.349197,505.0,2026-08-03,12:19:00,2026-08-03 12:19:00
IND-USR-110,22.552626,88.356209,308.7,2026-08-03,12:30:00,2026-08-03 12:30:00
IND-USR-110,22.553836,88.353012,446.2,2026-08-03,12:33:00,2026-08-03 12:33:00
IND-USR-110,22.549952,88.353393,718.3,2026-08-03,12:46:00,2026-08-03 12:46:00
IND-USR-110,22.559176,88.353922,716.7,2026-08-03,13:00:00,2026-08-03 13:00:00
IND-USR-110,22.547871,88.348294,291.2,2026-08-03,13:17:00,2026-08-03 13:17:00
IND-USR-110,22.556255,88.352403,925.3,2026-08-03,13:35:00,2026-08-03 13:35:00
IND-USR-110,22.553602,88.350849,548.7,2026-08-03,13:37:00,2026-08-03 13:37:00
IND-USR-110,22.555914,88.352096,611.8,2026-08-03,13:54:00,2026-08-03 13:54:00
IND-USR-110,22.553154,88.349895,548.7,2026-08-03,14:03:00,2026-08-03 14:03:00
IND-USR-110,22.557587,88.352415,845.0,2026-08-03,14:05:00,2026-08-03 14:05:00
IND-USR-110,22.556332,88.348526,788.7,2026-08-03,14:25:00,2026-08-03 14:25:00
IND-USR-110,22.560836,88.358409,52.4,2026-08-03,14:44:00,2026-08-03 14:44:00
IND-USR-110,22.546261,88.350092,11.0,2026-08-03,14:59:00,2026-08-03 14:59:00
IND-USR-110,22.555811,88.348021,264.0,2026-08-03,15:09:00,2026-08-03 15:09:00
IND-USR-110,22.553374,88.355007,763.3,2026-08-03,15:12:00,2026-08-03 15:12:00
IND-USR-110,22.553161,88.355455,342.5,2026-08-03,15:16:00,2026-08-03 15:16:00
IND-USR-110,22.551127,88.344323,574.4,2026-08-03,15:34:00,2026-08-03 15:34:00
IND-USR-110,22.557828,88.357203,322.2,2026-08-03,15:40:00,2026-08-03 15:40:00
IND-USR-110,22.563915,88.344471,583.9,2026-08-03,15:50:00,2026-08-03 15:50:00
IND-USR-110,22.556903,88.345425,450.5,2026-08-03,15:52:00,2026-08-03 15:52:00
IND-USR-110,22.560926,88.355251,154.4,2026-08-03,16:03:00,2026-08-03 16:03:00
IND-USR-110,22.550092,88.356421,100.6,2026-08-03,16:12:00,2026-08-03 16:12:00
IND-USR-110,22.551688,88.354502,635.1,2026-08-03,16:28:00,2026-08-03 16:28:00
IND-USR-110,22.554724,88.360277,278.6,2026-08-03,16:45:00,2026-08-03 16:45:00
IND-USR-110,22.56116,88.350911,442.7,2026-08-03,17:00:00,2026-08-03 17:00:00
IND-USR-110,22.558132,88.354719,908.3,2026-08-03,17:13:00,2026-08-03 17:13:00
IND-USR-110,22.548249,88.350515,626.9,2026-08-03,17:18:00,2026-08-03 17:18:00
IND-USR-110,22.563245,88.354731,492.7,2026-08-03,17:22:00,2026-08-03 17:22:00
IND-USR-110,22.557899,88.352452,703.5,2026-08-03,17:37:00,2026-08-03 17:37:00
IND-USR-110,22.55174,88.353409,688.3,2026-08-03,17:55:00,2026-08-03 17:55:00
IND-USR-110,22.552836,88.347327,13.5,2026-08-03,18:03:00,2026-08-03 18:03:00
IND-USR-110,22.549887,88.356132,719.3,2026-08-03,18:21:00,2026-08-03 18:21:00
IND-USR-110,22.552377,88.353403,798.8,2026-08-03,18:27:00,2026-08-03 18:27:00
IND-USR-110,22.55484,88.354552,749.5,2026-08-03,18:39:00,2026-08-03 18:39:00
IND-USR-110,22.558486,88.348905,831.4,2026-08-03,18:57:00,2026-08-03 18:57:00
IND-USR-110,22.574881,88.36692,767.6,2026-08-03,19:15:00,2026-08-03 19:15:00
IND-USR-110,22.576543,88.358248,109.7,2026-08-03,19:25:00,2026-08-03 19:25:00
IND-USR-110,22.573619,88.370764,159.6,2026-08-03,19:40:00,2026-08-03 19:40:00
IND-USR-110,22.572204,88.365834,168.2,2026-08-03,19:49:00,2026-08-03 19:49:00
IND-USR-110,22.575722,88.359798,39.3,2026-08-03,20:04:00,2026-08-03 20:04:00
IND-USR-110,22.579935,88.365898,689.2,2026-08-03,20:17:00,2026-08-03 20:17:00
IND-USR-110,22.574678,88.357252,683.4,2026-08-03,20:31:00,2026-08-03 20:31:00
IND-USR-110,22.575778,88.365926,165.8,2026-08-03,20:41:00,2026-08-03 20:41:00
IND-USR-110,22.579097,88.362655,798.3,2026-08-03,20:56:00,2026-08-03 20:56:00
IND-USR-110,22.568649,88.361171,882.4,2026-08-03,21:07:00,2026-08-03 21:07:00
IND-USR-110,22.57058,88.359425,102.7,2026-08-03,21:15:00,2026-08-03 21:15:00
IND-USR-110,22.577761,88.369211,190.9,2026-08-03,21:31:00,2026-08-03 21:31:00
IND-USR-110,22.571817,88.362329,370.9,2026-08-03,21:33:00,2026-08-03 21:33:00
IND-USR-110,22.565338,88.366684,802.8,2026-08-03,21:40:00,2026-08-03 21:40:00
IND-USR-110,22.579214,88.361351,627.8,2026-08-03,21:48:00,2026-08-03 21:48:00
IND-USR-110,22.572133,88.365637,359.2,2026-08-03,21:52:00,2026-08-03 21:52:00
IND-USR-110,22.579498,88.364699,877.9,2026-08-03,22:10:00,2026-08-03 22:10:00
IND-USR-110,22.573382,88.364617,450.6,2026-08-03,22:14:00,2026-08-03 22:14:00
IND-USR-110,22.5669,88.358113,150.6,2026-08-03,22:32:00,2026-08-03 22:32:00
IND-USR-110,22.569368,88.367952,843.2,2026-08-03,22:38:00,2026-08-03 22:38:00
IND-USR-110,22.571259,88.361782,782.4,2026-08-03,22:51:00,2026-08-03 22:51:00
IND-USR-110,22.570411,88.363349,303.7,2026-08-03,23:11:00,2026-08-03 23:11:00
IND-USR-110,22.579408,88.363295,568.1,2026-08-03,23:30:00,2026-08-03 23:30:00
IND-USR-110,22.569455,88.364001,887.6,2026-08-03,23:32:00,2026-08-03 23:32:00
IND-USR-111,22.57962,88.361889,442.6,2026-08-03,06:06:00,2026-08-03 06:06:00
IND-USR-111,22.567876,88.361896,216.9,2026-08-03,06:12:00,2026-08-03 06:12:00
IND-USR-111,22.573115,88.366653,121.9,2026-08-03,06:29:00,2026-08-03 06:29:00
IND-USR-111,22.576628,88.359717,899.1,2026-08-03,06:47:00,2026-08-03 06:47:00
IND-USR-111,22.568797,88.362607,931.9,2026-08-03,06:49:00,2026-08-03 06:49:00
IND-USR-111,22.575338,88.35886,224.3,2026-08-03,06:56:00,2026-08-03 06:56:00
IND-USR-111,22.570171,88.361529,63.2,2026-08-03,07:16:00,2026-08-03 07:16:00
IND-USR-111,22.576367,88.366013,307.4,2026-08-03,07:31:00,2026-08-03 07:31:00
IND-USR-111,22.576215,88.369255,830.5,2026-08-03,07:41:00,2026-08-03 07:41:00
IND-USR-111,22.552677,88.34855,600.0,2026-08-03,08:00:00,2026-08-03 08:00:00
IND-USR-111,22.549176,88.345948,62.3,2026-08-03,08:16:00,2026-08-03 08:16:00
IND-USR-111,22.552065,88.351763,273.7,2026-08-03,08:35:00,2026-08-03 08:35:00
IND-USR-111,22.55705,88.353368,935.4,2026-08-03,08:51:00,2026-08-03 08:51:00
IND-USR-111,22.551939,88.352836,313.6,2026-08-03,09:11:00,2026-08-03 09:11:00
IND-USR-111,22.549744,88.357402,76.4,2026-08-03,09:21:00,2026-08-03 09:21:00
IND-USR-111,22.550756,88.34874,405.5,2026-08-03,09:37:00,2026-08-03 09:37:00
IND-USR-111,22.557172,88.355597,305.0,2026-08-03,09:49:00,2026-08-03 09:49:00
IND-USR-111,22.547005,88.35672,503.3,2026-08-03,10:09:00,2026-08-03 10:09:00
IND-USR-111,22.550934,88.351804,518.3,2026-08-03,10:28:00,2026-08-03 10:28:00
IND-USR-111,22.554648,88.355646,802.4,2026-08-03,10:31:00,2026-08-03 10:31:00
IND-USR-111,22.555682,88.353101,445.0,2026-08-03,10:39:00,2026-08-03 10:39:00
IND-USR-111,22.552201,88.354949,341.6,2026-08-03,10:43:00,2026-08-03 10:43:00
IND-USR-111,22.553426,88.360521,311.2,2026-08-03,10:47:00,2026-08-03 10:47:00
IND-USR-111,22.556246,88.349606,534.4,2026-08-03,10:50:00,2026-08-03 10:50:00
IND-USR-111,22.55199,88.353493,357.4,2026-08-03,11:01:00,2026-08-03 11:01:00
IND-USR-111,22.559098,88.358944,167.6,2026-08-03,11:15:00,2026-08-03 11:15:00
IND-USR-111,22.552315,88.349565,207.5,2026-08-03,11:34:00,2026-08-03 11:34:00
IND-USR-111,22.549654,88.35431,527.5,2026-08-03,11:44:00,2026-08-03 11:44:00
IND-USR-111,22.563115,88.355456,396.4,2026-08-03,12:00:00,2026-08-03 12:00:00
IND-USR-111,22.547524,88.350396,31.5,2026-08-03,12:18:00,2026-08-03 12:18:00
IND-USR-111,22.551404,88.350012,911.9,2026-08-03,12:24:00,2026-08-03 12:24:00
IND-USR-111,22.552348,88.354778,384.7,2026-08-03,12:41:00,2026-08-03 12:41:00
IND-USR-111,22.556628,88.357667,233.5,2026-08-03,12:47:00,2026-08-03 12:47:00
IND-USR-111,22.555997,88.345483,650.4,2026-08-03,13:01:00,2026-08-03 13:01:00
IND-USR-111,22.549671,88.352668,117.6,2026-08-03,13:08:00,2026-08-03 13:08:00
IND-USR-111,22.554489,88.356746,604.1,2026-08-03,13:10:00,2026-08-03 13:10:00
IND-USR-111,22.554073,88.353503,703.9,2026-08-03,13:22:00,2026-08-03 13:22:00
IND-USR-111,22.554851,88.35228,835.8,2026-08-03,13:41:00,2026-08-03 13:41:00
IND-USR-111,22.554248,88.357803,103.8,2026-08-03,14:00:00,2026-08-03 14:00:00
IND-USR-111,22.553564,88.353179,618.2,2026-08-03,14:20:00,2026-08-03 14:20:00
IND-USR-111,22.553766,88.358491,501.6,2026-08-03,14:39:00,2026-08-03 14:39:00
IND-USR-111,22.549468,88.360403,806.5,2026-08-03,14:53:00,2026-08-03 14:53:00
IND-USR-111,22.549194,88.350683,490.1,2026-08-03,14:58:00,2026-08-03 14:58:00
IND-USR-111,22.556879,88.357421,776.6,2026-08-03,15:04:00,2026-08-03 15:04:00
IND-USR-111,22.548286,88.348929,619.9,2026-08-03,15:06:00,2026-08-03 15:06:00
IND-USR-111,22.555011,88.362678,16.6,2026-08-03,15:23:00,2026-08-03 15:23:00
IND-USR-111,22.558885,88.352308,374.7,2026-08-03,15:37:00,2026-08-03 15:37:00
IND-USR-111,22.544223,88.353627,830.7,2026-08-03,15:40:00,2026-08-03 15:40:00
IND-USR-111,22.555349,88.351769,437.4,2026-08-03,15:43:00,2026-08-03 15:43:00
IND-USR-111,22.550497,88.353937,216.3,2026-08-03,15:49:00,2026-08-03 15:49:00
IND-USR-111,22.550131,88.36079,564.1,2026-08-03,15:55:00,2026-08-03 15:55:00
IND-USR-111,22.559967,88.355932,374.4,2026-08-03,16:01:00,2026-08-03 16:01:00
IND-USR-111,22.554259,88.350659,220.5,2026-08-03,16:10:00,2026-08-03 16:10:00
IND-USR-111,22.553817,88.359857,633.0,2026-08-03,16:28:00,2026-08-03 16:28:00
IND-USR-111,22.557375,88.354115,631.7,2026-08-03,16:43:00,2026-08-03 16:43:00
IND-USR-111,22.557596,88.355482,876.0,2026-08-03,16:59:00,2026-08-03 16:59:00
IND-USR-111,22.555485,88.357222,681.0,2026-08-03,17:08:00,2026-08-03 17:08:00
IND-USR-111,22.555968,88.356734,405.5,2026-08-03,17:11:00,2026-08-03 17:11:00
IND-USR-111,22.554546,88.352283,442.6,2026-08-03,17:23:00,2026-08-03 17:23:00
IND-USR-111,22.551707,88.350631,820.5,2026-08-03,17:38:00,2026-08-03 17:38:00
IND-USR-111,22.547479,88.349652,946.8,2026-08-03,17:47:00,2026-08-03 17:47:00
IND-USR-111,22.550137,88.351271,328.0,2026-08-03,17:55:00,2026-08-03 17:55:00
IND-USR-111,22.560149,88.35267,22.5,2026-08-03,18:11:00,2026-08-03 18:11:00
IND-USR-111,22.554867,88.354393,425.7,2026-08-03,18:28:00,2026-08-03 18:28:00
IND-USR-111,22.56025,88.350998,730.0,2026-08-03,18:33:00,2026-08-03 18:33:00
IND-USR-111,22.55301,88.352875,104.1,2026-08-03,18:41:00,2026-08-03 18:41:00
IND-USR-111,22.558446,88.358676,329.8,2026-08-03,18:53:00,2026-08-03 18:53:00
IND-USR-111,22.555798,88.358232,650.5,2026-08-03,18:56:00,2026-08-03 18:56:00
IND-USR-111,22.573311,88.36321,423.6,2026-08-03,19:08:00,2026-08-03 19:08:00
IND-USR-111,22.577315,88.36585,346.0,2026-08-03,19:11:00,2026-08-03 19:11:00
IND-USR-111,22.569658,88.36789,503.3,2026-08-03,19:15:00,2026-08-03 19:15:00
IND-USR-111,22.571766,88.362577,495.6,2026-08-03,19:24:00,2026-08-03 19:24:00
IND-USR-111,22.576172,88.363545,257.6,2026-08-03,19:34:00,2026-08-03 19:34:00
IND-USR-111,22.574156,88.366548,355.6,2026-08-03,19:45:00,2026-08-03 19:45:00
IND-USR-111,22.569468,88.365439,515.2,2026-08-03,20:03:00,2026-08-03 20:03:00
IND-USR-111,22.577998,88.360074,923.5,2026-08-03,20:08:00,2026-08-03 20:08:00
IND-USR-111,22.5744,88.360582,70.1,2026-08-03,20:19:00,2026-08-03 20:19:00
IND-USR-111,22.576686,88.367948,903.9,2026-08-03,20:36:00,2026-08-03 20:36:00
IND-USR-111,22.571183,88.372739,717.4,2026-08-03,20:41:00,2026-08-03 20:41:00
IND-USR-111,22.577027,88.366728,929.1,2026-08-03,20:50:00,2026-08-03 20:50:00
IND-USR-111,22.575202,88.367836,809.8,2026-08-03,21:02:00,2026-08-03 21:02:00
IND-USR-111,22.568617,88.364678,386.6,2026-08-03,21:10:00,2026-08-03 21:10:00
IND-USR-111,22.574133,88.362299,117.0,2026-08-03,21:26:00,2026-08-03 21:26:00
IND-USR-111,22.574459,88.368827,780.0,2026-08-03,21:40:00,2026-08-03 21:40:00
IND-USR-111,22.570913,88.363682,575.6,2026-08-03,21:59:00,2026-08-03 21:59:00
IND-USR-111,22.569318,88.356752,557.8,2026-08-03,22:02:00,2026-08-03 22:02:00
IND-USR-111,22.575716,88.363797,835.6,2026-08-03,22:18:00,2026-08-03 22:18:00
IND-USR-111,22.57279,88.359953,590.8,2026-08-03,22:34:00,2026-08-03 22:34:00
IND-USR-111,22.571858,88.368286,60.2,2026-08-03,22:53:00,2026-08-03 22:53:00
IND-USR-111,22.572603,88.364017,228.2,2026-08-03,22:59:00,2026-08-03 22:59:00
IND-USR-111,22.57343,88.358954,766.0,2026-08-03,23:10:00,2026-08-03 23:10:00
IND-USR-111,22.5751,88.358879,345.7,2026-08-03,23:20:00,2026-08-03 23:20:00
IND-USR-111,22.568842,88.359703,284.4,2026-08-03,23:38:00,2026-08-03 23:38:00
IND-USR-111,22.571899,88.36249,927.7,2026-08-03,23:53:00,2026-08-03 23:53:00
IND-USR-111,22.572595,88.360279,771.6,2026-08-04,00:13:00,2026-08-04 00:13:00
IND-USR-112,22.576622,88.367236,692.1,2026-08-01,06:15:00,2026-08-01 06:15:00
IND-USR-112,22.571905,88.361987,906.6,2026-08-01,06:30:00,2026-08-01 06:30:00
IND-USR-112,22.570283,88.362659,72.4,2026-08-01,06:32:00,2026-08-01 06:32:00
IND-USR-112,22.566999,88.360062,891.4,2026-08-01,06:40:00,2026-08-01 06:40:00
IND-USR-112,22.57604,88.365107,461.0,2026-08-01,06:52:00,2026-08-01 06:52:00
IND-USR-112,22.579137,88.362703,485.7,2026-08-01,07:09:00,2026-08-01 07:09:00
IND-USR-112,22.571154,88.362268,826.5,2026-08-01,07:17:00,2026-08-01 07:17:00
IND-USR-112,22.571323,88.36126,557.4,2026-08-01,07:30:00,2026-08-01 07:30:00
IND-USR-112,22.573684,88.364016,354.1,2026-08-01,07:47:00,2026-08-01 07:47:00
IND-USR-112,22.57056,88.368905,575.3,2026-08-01,07:54:00,2026-08-01 07:54:00
IND-USR-112,22.561486,88.357966,632.8,2026-08-01,08:00:00,2026-08-01 08:00:00
IND-USR-112,22.556132,88.356347,108.2,2026-08-01,08:09:00,2026-08-01 08:09:00
IND-USR-112,22.561326,88.356341,914.0,2026-08-01,08:23:00,2026-08-01 08:23:00
IND-USR-112,22.551559,88.354869,678.0,2026-08-01,08:31:00,2026-08-01 08:31:00
IND-USR-112,22.556405,88.349321,541.0,2026-08-01,08:37:00,2026-08-01 08:37:00
IND-USR-112,22.55276,88.357702,321.5,2026-08-01,08:41:00,2026-08-01 08:41:00
IND-USR-112,22.546606,88.348298,876.5,2026-08-01,08:54:00,2026-08-01 08:54:00
IND-USR-112,22.553194,88.354715,614.0,2026-08-01,09:05:00,2026-08-01 09:05:00
IND-USR-112,22.548469,88.352793,223.0,2026-08-01,09:14:00,2026-08-01 09:14:00
IND-USR-112,22.558515,88.353575,95.0,2026-08-01,09:25:00,2026-08-01 09:25:00
IND-USR-112,22.557656,88.350932,74.8,2026-08-01,09:38:00,2026-08-01 09:38:00
IND-USR-112,22.55066,88.356695,599.2,2026-08-01,09:51:00,2026-08-01 09:51:00
IND-USR-112,22.555377,88.348558,515.3,2026-08-01,10:01:00,2026-08-01 10:01:00
IND-USR-112,22.550697,88.359558,416.9,2026-08-01,10:21:00,2026-08-01 10:21:00
IND-USR-112,22.550202,88.357037,32.5,2026-08-01,10:35:00,2026-08-01 10:35:00
IND-USR-112,22.551987,88.353287,865.8,2026-08-01,10:51:00,2026-08-01 10:51:00
IND-USR-112,22.555078,88.344896,284.1,2026-08-01,11:02:00,2026-08-01 11:02:00
IND-USR-112,22.548049,88.353645,805.8,2026-08-01,11:16:00,2026-08-01 11:16:00
IND-USR-112,22.551003,88.357286,375.4,2026-08-01,11:26:00,2026-08-01 11:26:00
IND-USR-112,22.547476,88.355561,334.7,2026-08-01,11:31:00,2026-08-01 11:31:00
IND-USR-112,22.548395,88.351892,345.3,2026-08-01,11:51:00,2026-08-01 11:51:00
IND-USR-112,22.549642,88.36091,621.3,2026-08-01,12:02:00,2026-08-01 12:02:00
IND-USR-112,22.548542,88.352812,261.7,2026-08-01,12:19:00,2026-08-01 12:19:00
IND-USR-112,22.546993,88.359698,409.2,2026-08-01,12:24:00,2026-08-01 12:24:00
IND-USR-112,22.555505,88.353848,12.8,2026-08-01,12:40:00,2026-08-01 12:40:00
IND-USR-112,22.559797,88.35389,901.4,2026-08-01,12:42:00,2026-08-01 12:42:00
IND-USR-112,22.554778,88.353827,82.3,2026-08-01,12:49:00,2026-08-01 12:49:00
IND-USR-112,22.556155,88.35133,390.2,2026-08-01,12:54:00,2026-08-01 12:54:00
IND-USR-112,22.553043,88.356541,77.5,2026-08-01,13:13:00,2026-08-01 13:13:00
IND-USR-112,22.555009,88.352843,847.8,2026-08-01,13:24:00,2026-08-01 13:24:00
IND-USR-112,22.548298,88.359292,224.3,2026-08-01,13:29:00,2026-08-01 13:29:00
IND-USR-112,22.551254,88.357249,797.5,2026-08-01,13:40:00,2026-08-01 13:40:00
IND-USR-112,22.554603,88.348126,373.4,2026-08-01,13:57:00,2026-08-01 13:57:00
IND-USR-112,22.558909,88.354318,672.9,2026-08-01,14:00:00,2026-08-01 14:00:00
IND-USR-112,22.559241,88.35257,778.3,2026-08-01,14:10:00,2026-08-01 14:10:00
IND-USR-112,22.556716,88.34625,662.4,2026-08-01,14:18:00,2026-08-01 14:18:00
IND-USR-112,22.551899,88.348208,280.5,2026-08-01,14:34:00,2026-08-01 14:34:00
IND-USR-112,22.552401,88.355187,566.0,2026-08-01,14:40:00,2026-08-01 14:40:00
IND-USR-112,22.551482,88.356755,513.9,2026-08-01,14:46:00,2026-08-01 14:46:00
IND-USR-112,22.550474,88.356841,634.6,2026-08-01,14:57:00,2026-08-01 14:57:00
IND-USR-112,22.559139,88.357354,922.8,2026-08-01,15:06:00,2026-08-01 15:06:00
IND-USR-112,22.552523,88.344798,773.2,2026-08-01,15:08:00,2026-08-01 15:08:00
IND-USR-112,22.556229,88.352799,914.0,2026-08-01,15:23:00,2026-08-01 15:23:00
IND-USR-112,22.549986,88.351075,921.1,2026-08-01,15:36:00,2026-08-01 15:36:00
IND-USR-112,22.559638,88.348751,550.6,2026-08-01,15:38:00,2026-08-01 15:38:00
IND-USR-112,22.555773,88.354172,371.4,2026-08-01,15:58:00,2026-08-01 15:58:00
IND-USR-112,22.55247,88.355878,119.6,2026-08-01,16:05:00,2026-08-01 16:05:00
IND-USR-112,22.560429,88.352116,400.7,2026-08-01,16:13:00,2026-08-01 16:13:00
IND-USR-112,22.552927,88.355788,442.1,2026-08-01,16:29:00,2026-08-01 16:29:00
IND-USR-112,22.557573,88.352789,940.6,2026-08-01,16:43:00,2026-08-01 16:43:00
IND-USR-112,22.552679,88.344429,419.4,2026-08-01,16:58:00,2026-08-01 16:58:00
IND-USR-112,22.550788,88.348743,11.4,2026-08-01,17:02:00,2026-08-01 17:02:00
IND-USR-112,22.556638,88.352324,711.8,2026-08-01,17:14:00,2026-08-01 17:14:00
IND-USR-112,22.552768,88.353264,271.2,2026-08-01,17:23:00,2026-08-01 17:23:00
IND-USR-112,22.550419,88.359513,136.4,2026-08-01,17:26:00,2026-08-01 17:26:00
IND-USR-112,22.559093,88.359772,135.6,2026-08-01,17:32:00,2026-08-01 17:32:00
IND-USR-112,22.556634,88.353182,262.5,2026-08-01,17:41:00,2026-08-01 17:41:00
IND-USR-112,22.560359,88.350576,521.6,2026-08-01,18:01:00,2026-08-01 18:01:00
IND-USR-112,22.550415,88.350894,855.7,2026-08-01,18:05:00,2026-08-01 18:05:00
IND-USR-112,22.555991,88.350252,691.7,2026-08-01,18:13:00,2026-08-01 18:13:00
IND-USR-112,22.553279,88.346893,530.5,2026-08-01,18:28:00,2026-08-01 18:28:00
IND-USR-112,22.555824,88.347232,468.9,2026-08-01,18:43:00,2026-08-01 18:43:00
IND-USR-112,22.550171,88.358169,98.2,2026-08-01,18:45:00,2026-08-01 18:45:00
IND-USR-112,22.577321,88.365397,587.4,2026-08-01,19:01:00,2026-08-01 19:01:00
IND-USR-112,22.573703,88.361776,150.7,2026-08-01,19:13:00,2026-08-01 19:13:00
IND-USR-112,22.569508,88.362451,269.5,2026-08-01,19:24:00,2026-08-01 19:24:00
IND-USR-112,22.566545,88.36491,123.1,2026-08-01,19:38:00,2026-08-01 19:38:00
IND-USR-112,22.572795,88.360166,35.3,2026-08-01,19:49:00,2026-08-01 19:49:00
IND-USR-112,22.578875,88.366328,208.6,2026-08-01,19:56:00,2026-08-01 19:56:00
IND-USR-112,22.575367,88.361951,68.9,2026-08-01,20:09:00,2026-08-01 20:09:00
IND-USR-112,22.572595,88.366409,810.4,2026-08-01,20:20:00,2026-08-01 20:20:00
IND-USR-112,22.573211,88.370308,418.2,2026-08-01,20:33:00,2026-08-01 20:33:00
IND-USR-112,22.571785,88.361882,141.7,2026-08-01,20:44:00,2026-08-01 20:44:00
IND-USR-112,22.575137,88.358841,774.7,2026-08-01,20:58:00,2026-08-01 20:58:00
IND-USR-112,22.576297,88.358697,526.6,2026-08-01,21:03:00,2026-08-01 21:03:00
IND-USR-112,22.575154,88.361307,470.2,2026-08-01,21:12:00,2026-08-01 21:12:00
IND-USR-112,22.574506,88.367529,366.8,2026-08-01,21:18:00,2026-08-01 21:18:00
IND-USR-112,22.573214,88.359102,543.6,2026-08-01,21:22:00,2026-08-01 21:22:00
IND-USR-112,22.569013,88.360985,701.0,2026-08-01,21:35:00,2026-08-01 21:35:00
IND-USR-112,22.56502,88.36841,850.0,2026-08-01,21:49:00,2026-08-01 21:49:00
IND-USR-112,22.57304,88.359358,344.7,2026-08-01,22:01:00,2026-08-01 22:01:00
IND-USR-112,22.578423,88.361095,611.0,2026-08-01,22:08:00,2026-08-01 22:08:00
IND-USR-112,22.573602,88.360599,654.2,2026-08-01,22:25:00,2026-08-01 22:25:00
IND-USR-112,22.564527,88.358442,809.8,2026-08-01,22:39:00,2026-08-01 22:39:00
