User_ID,Date_Only,Total_Distance_KM,Average_Speed_KMPH,Maximum_Speed_KMPH,Average_Acceleration_MPS2,GPS_Record_Count,Stop_Count,Anomaly_Count,Average_Altitude_M,Average_Direction_Value,Direction_Changes,Dominant_Direction,ML_Anomaly,ML_Anomaly_Label,ML_Anomaly_Score,Rule_Based_Anomaly,ML_Anomaly_Binary,Both_Anomaly,Anomaly_Agreement,ML_Risk_Score,Direction_Risk_Score,Rule_Risk_Score,Trajectory_Risk_Score,Risk_Level
0,2008-10-23,14.938621492739667,8.072698887482543,218.0986178725935,-0.0045401969525221,908,155,7,398.0936123348018,3.049559471365639,366,North,1,Normal,0.16278887669337677,1,0,0,Rule-Based Only,5.550898711844595,6.1522945032778615,100,29.313522981741762,Low Risk
0,2008-10-24,1.446415738046534,3.46193284881715,104.12748249655932,0.0029490933829793,244,139,2,107.41803278688523,2.7172131147540983,153,North,1,Normal,0.14279528214641235,1,0,0,Rule-Based Only,10.346732499165386,2.5718608169440245,100,30.816331453818698,Low Risk
0,2008-10-26,30.70903840728849,10.55034306877399,131.93031481507114,0.0019506748473624,745,96,16,105.25369127516778,2.8496644295302014,322,East,1,Normal,0.16813575248814178,1,0,0,Rule-Based Only,4.26835156741253,5.412674399058665,100,28.48734438347093,Low Risk
0,2008-10-27,9.498046992611982,6.967158908802705,19.37491778353481,0.0039017629297523,50,7,4,507.78,3.6,27,West,1,Normal,0.09866292530393361,1,0,0,Rule-Based Only,20.932695296504992,0.45385779122541603,100,35.579812096058845,Low Risk
0,2008-10-28,10.743220480956554,3.69116685349567,71.27399146672484,0.0027001183040529,1477,493,4,96.35003385240351,2.828706838185511,789,South,1,Normal,0.15410367234092548,1,0,0,Rule-Based Only,7.634205762281683,13.262733232476046,100,32.13278618925985,Low Risk
0,2008-10-29,7.899332436540768,14.624767868546924,403.7129358568723,-0.0515017808501409,203,58,5,164.41379310344828,3.3201970443349755,89,South,1,Normal,0.11072820704590391,1,0,0,Rule-Based Only,18.038614109864593,1.4960497562615565,100,34.39331949399769,Low Risk
0,2008-11-03,8.426148576926149,8.44409477030774,208.8607416342612,0.0023128423902056,367,21,4,223.56403269754767,4.247956403269755,117,West,1,Normal,0.12039790436260439,1,0,0,Rule-Based Only,15.719158196338617,1.9667170953101363,100,33.35125837199684,Low Risk
0,2008-11-04,10.700635804430537,4.01299819500983,62.67070033063711,0.0022745488239009,1871,605,0,111.7076429716729,3.024585783003741,976,South,1,Normal,0.14788548678865165,0,0,0,Normal,9.125752682340263,16.406118675407633,0,8.66440601002204,Normal
0,2008-11-10,8.54878522398607,14.82084808972411,254.18836173041532,0.0058388685046829,272,16,13,341.4742647058824,2.919117647058824,103,North,1,Normal,0.14032866919454495,1,0,0,Rule-Based Only,10.93839527931338,1.7313834257858465,100,30.902043496103154,Low Risk
0,2008-11-11,14.752873051371663,5.3293607160217125,138.85883358246076,-0.0011821418970977,1477,366,6,192.52268111035883,3.226811103588355,835,North,1,Normal,0.17585580988114546,1,0,0,Rule-Based Only,2.416552882666069,14.03597243234157,100,29.717269549418425,Low Risk
0,2008-11-12,13.062102964009595,8.131746263229102,351.1447906237896,0.001049456210968,708,138,15,233.48305084745763,3.446327683615819,394,North,1,Normal,0.16190059327881412,1,0,0,Rule-Based Only,5.763969933343534,6.622961842326442,100,29.537725427253378,Low Risk
0,2008-11-13,20.96494539653209,11.430169832585912,330.4340844482605,0.0722492797392118,494,72,19,301.4757085020243,3.1072874493927127,275,North,1,Normal,0.13745725925129654,1,0,0,Rule-Based Only,11.627156111725597,4.622625651369979,100,31.96923446870529,Low Risk
0,2008-11-14,12.044158703445955,9.256970134297529,335.967361049898,0.0040411323617145,642,116,10,205.57009345794395,2.8146417445482865,290,North,1,Normal,0.16482944907453229,1,0,0,Rule-Based Only,5.061429649739148,4.874768868717432,100,28.74940704204893,Low Risk
0,2008-11-15,7.413333913692724,11.722305070484726,575.7535821146976,-0.2277209866941034,281,33,7,208.44483985765123,3.782918149466192,135,South,1,Normal,0.04698070196913495,1,0,0,Rule-Based Only,33.329633340370556,2.26928895612708,100,42.23213890921704,Low Risk
0,2008-11-16,0.8255291859022293,4.13091485906017,13.25098664177947,0.0612233879766222,12,2,1,491.4166666666667,3.1666666666666665,9,North-West,1,Normal,0.07437268532256142,1,0,0,Rule-Based Only,26.759159033736363,0.15128593040847202,100,38.4174009994703,Low Risk
0,2008-11-17,4.670775604323247,6.461816345576417,74.10928886489246,0.001756012206676,395,71,1,599.1544303797468,2.881012658227848,205,North,1,Normal,0.13689231553849973,1,0,0,Rule-Based Only,11.762668319868117,3.4459573037485294,100,31.74282348587119,Low Risk
0,2008-11-18,7.0330145011601966,9.71058705106679,257.85544070108426,0.0045858299422893,293,36,10,106.67576791808874,3.2832764505119454,135,South,1,Normal,0.15157965138544777,1,0,0,Rule-Based Only,8.239638914872224,2.26928895612708,100,29.687141696467883,Low Risk
0,2008-11-19,10.501141543136338,11.460166448186282,187.33189204278588,0.000970710257595,500,24,10,340.468,4.022,173,South,1,Normal,0.12901564053453585,1,0,0,Rule-Based Only,13.652034638016769,2.908051773407295,100,32.55303026236021,Low Risk
0,2008-11-20,4.015361588730538,8.208600679755847,61.912993535327416,0.0060507454388517,55,11,2,78.10909090909091,3.4909090909090907,36,North,1,Normal,0.13154174040682237,1,0,0,Rule-Based Only,13.046102818743291,0.6051437216338881,100,31.67433733978012,Low Risk
0,2008-11-21,0.61810234428165,3.3167151934904964,47.5307589690668,0.0250394386533855,50,27,1,238.32,2.84,36,North,1,Normal,0.11011403114508833,1,0,0,Rule-Based Only,18.185935569723682,0.6051437216338881,100,34.24425371527031,Low Risk
0,2008-11-22,12.721730975712529,14.45752710957023,248.30083823172612,0.0012071635172152,307,30,21,288.9413680781759,3.713355048859935,160,South,1,Normal,0.14030722664647544,1,0,0,Rule-Based Only,10.943538671427113,2.689527651706169,100,31.1441512486401,Low Risk
0,2008-11-23,3.611000797373,6.349271348446499,15.835764927417191,0.0222821951532315,21,3,2,76.71428571428571,5.285714285714286,11,North-West,1,Normal,0.04518757571548371,1,0,0,Rule-Based Only,33.759747867900494,0.18490502605479914,100,41.92610019046395,Low Risk
0,2008-12-01,2.461875662736788,7.44415427869229,25.50218162535139,0.0042354919045857,183,30,1,274.08743169398906,3.202185792349727,77,North,1,Normal,0.14836865257769644,1,0,0,Rule-Based Only,9.009856423139073,1.294335182383594,100,29.828512007165433,Low Risk
0,2008-12-02,4.222279736184951,15.976914842294462,247.48035863634635,-0.0160478605310084,98,5,10,439.3163265306122,3.5816326530612246,47,South,1,Normal,0.09068304626600576,1,0,0,Rule-Based Only,22.846817012784257,0.7900487476886872,100,36.620920693314304,Low Risk
0,2008-12-03,9.029720974395673,9.010993559519628,290.6303267138956,-0.0034326651746097,446,95,8,185.542600896861,2.881165919282511,209,North,1,Normal,0.16973187710851917,1,0,0,Rule-Based Only,3.8854915286536333,3.5131954950411832,100,27.821044638087113,Low Risk
0,2008-12-04,0.0380684660157581,5.481859106269179,6.583257196157135,0.0202482546557835,5,0,0,202.6,1.0,2,North,1,Normal,0.054529179065837374,0,0,0,Normal,31.51899136610491,0.03361909564632712,0,15.767900456964037,Normal
0,2008-12-10,3.954392900036086,8.68055618977681,40.14874996550997,0.0068584189850582,132,22,3,165.61363636363637,2.022727272727273,68,North-East,1,Normal,0.11490150559314577,1,0,0,Rule-Based Only,17.037571194323526,1.1430492519751219,100,33.80454791015555,Low Risk
0,2008-12-11,3.284051053878491,9.750075744579672,110.45547807714114,-0.0012217477135172,126,6,4,416.436507936508,2.7777777777777777,34,South,1,Normal,0.1223237375174831,1,0,0,Rule-Based Only,15.257211461787467,0.5715246259875609,100,32.77148688739062,Low Risk
0,2008-12-12,10.443545423304457,10.24672588342096,165.27459091779377,0.0054084516740376,434,55,11,203.7442396313364,3.1474654377880182,168,South,1,Normal,0.17073909298528062,1,0,0,Rule-Based Only,3.643892154336429,2.8240040342914776,100,27.527947085741083,Low Risk
0,2008-12-14,3.164166076540363,11.835228404521374,142.4069904472718,0.0100243466809753,146,2,4,363.5068493150685,3.164383561643836,79,South,1,Normal,0.1362779905855931,1,0,0,Rule-Based Only,11.910025532630604,1.3279542780299212,100,31.287001335822783,Low Risk
0,2009-03-30,21.599947852849603,10.076820417326685,470.2299622901819,0.0011783558667227,1328,312,25,134.9359939759036,3.2379518072289155,584,North,1,Normal,0.16024146453753135,1,0,0,Rule-Based Only,6.161942676877388,9.816775928727516,100,30.53516532062057,Low Risk
0,2009-03-31,13.4949915123926,6.177407097750808,65.3275735978857,0.0046819886378658,1450,582,4,142.6793103448276,2.9827586206896552,659,North,1,Normal,0.17321631144855776,1,0,0,Rule-Based Only,3.0496854459402556,11.077492015464783,100,29.294215726836324,Low Risk
0,2009-04-01,11.32873670103358,7.453826127141461,125.32529965382258,0.0008286113953978,718,185,5,152.90389972144845,3.0376044568245124,313,South,1,Normal,0.18239749150498197,1,0,0,Rule-Based Only,0.8474094410604726,5.2613884686501935,100,26.739051837692784,Low Risk
0,2009-04-02,13.55111554617668,8.029562217364322,207.198747933094,3.9184222284092665e-05,1007,288,12,140.8679245283019,3.176762661370407,474,North,1,Normal,0.17895624951132028,1,0,0,Rule-Based Only,1.6728550398888036,7.967725668179526,100,27.828358936989282,Low Risk
0,2009-04-03,111.2633744995471,8.83865459407636,752.4807857965533,0.0030183486911064,8488,4209,18,148.39738454288408,2.9204759660697457,4404,North,-1,Anomaly,-0.1152165822836726,1,1,1,Both Methods,72.2356546765585,74.0292486132123,100,79.62513949158233,High Risk
0,2009-04-04,57.559954954565896,5.867904675739472,130.5824655897,0.0030066372870676,5698,2584,6,153.24008424008423,3.004387504387505,2827,North,1,Normal,0.029116211303038486,1,0,0,Rule-Based Only,37.6147621464236,47.52059169608337,100,55.68752899723265,Medium Risk
0,2009-04-05,45.51705023700766,6.897079861303125,221.0121555031004,0.0030845232477611,4004,1244,25,170.86788211788212,3.105144855144855,1802,North,1,Normal,0.1316736657936704,1,0,0,Rule-Based Only,13.014458072413909,30.29080517734073,100,39.07993033054214,Low Risk
0,2009-04-06,88.55723794317056,27.79001352167936,236.0716509976245,-0.0008594578537022,2238,523,11,138.9490616621984,2.966041108132261,723,North,1,Normal,0.13574817212184348,1,0,0,Rule-Based Only,12.037112299526282,12.153303076147251,100,34.05688191879995,Low Risk
0,2009-04-09,1.7533217206256364,9.19854826827575,28.024409675425563,0.0026751397498453,133,15,0,83.32330827067669,2.556390977443609,41,North,1,Normal,0.13256219577549017,0,0,0,Normal,12.80132770719373,0.6891914607497058,0,6.572961718784291,Normal
0,2009-04-10,81.62663412868808,31.018450598341,84.27376268525153,0.000934162200093,1886,239,1,174.6251325556734,3.044538706256628,413,North,1,Normal,0.1286695925178018,1,0,0,Rule-Based Only,13.735040661110324,6.942343250966548,100,33.6031061432968,Low Risk
0,2009-04-11,84.79354915314194,27.05653560270116,105.8423461389553,0.0003847178362758,2239,393,2,160.44216167932112,2.829834747655203,549,North,1,Normal,0.14215941531717186,1,0,0,Rule-Based Only,10.49925692976464,9.228441754916792,100,32.55673890361152,Low Risk
0,2009-04-12,81.48060725835859,30.970610544031665,106.49405011363795,0.0002177533040782,1883,247,3,172.98353690918748,2.8481147105682423,442,North,1,Normal,0.13074188788328617,1,0,0,Rule-Based Only,13.237962253935804,7.429820137838291,100,33.47643616142747,Low Risk
0,2009-04-13,128.98977502155708,32.50575302943246,93.40349314318794,0.0009082302120305,2841,487,4,215.63287574797607,3.217177050334389,681,South,1,Normal,0.10165730503499543,1,0,0,Rule-Based Only,20.214437883984086,11.447302067574382,100,37.96904445888564,Low Risk
0,2009-04-14,93.97115952525928,24.715680779652214,142.90084224473802,0.0043662718722968,2312,496,5,122.1522491349481,2.3533737024221453,626,East,1,Normal,0.12080750017985975,1,0,0,Rule-Based Only,15.620909056849253,10.522776937300387,100,35.44114876274973,Low Risk
0,2009-04-15,54.92134091873281,22.05791963124685,80.13040782715072,0.0010567265543368,1285,244,2,124.2070038910506,4.0552529182879375,410,West,1,Normal,0.12063106612140495,1,0,0,Rule-Based Only,15.663230032038783,6.891914607497059,100,34.554593667893656,Low Risk
0,2009-04-16,16.824073958398706,6.391504621813002,47.11832041431273,0.001404763367471,1819,610,3,141.05497526113248,2.842221000549753,830,North,1,Normal,0.17220059547250777,1,0,0,Rule-Based Only,3.293323726431527,13.951924693225754,100,30.1346430365222,Low Risk
0,2009-04-17,10.641060957931968,7.693928626454559,85.3188059765137,-0.000790808284751,898,214,3,124.38084632516704,2.943207126948775,344,North,1,Normal,0.17786653127819524,1,0,0,Rule-Based Only,1.9342441317204189,5.782484451168264,100,27.412743178652274,Low Risk
0,2009-04-18,2.603877265652924,9.555156110640134,138.66609105008556,0.0018006012909784,178,25,3,48.342696629213485,2.904494382022472,50,North,1,Normal,0.14727927652915446,1,0,0,Rule-Based Only,9.271163435663684,0.8404773911581778,100,29.845701065621384,Low Risk
0,2009-04-19,118.39652924402463,19.99209278865742,536.9427236350413,0.0002704929184956,3129,745,16,99.96644295302012,3.0795781399808244,1157,North,1,Normal,0.11223171939609256,1,0,0,Rule-Based Only,17.677968838612777,19.448646831400236,100,38.70114612715644,Low Risk
0,2009-04-20,14.979314704938528,9.120133874835458,217.8690231057772,0.0078220374047989,1055,202,9,102.34976303317536,3.104265402843602,401,North,1,Normal,0.17488997028128067,1,0,0,Rule-Based Only,2.6482273909833953,6.740628677088586,100,28.00927086476384,Low Risk
0,2009-04-21,6.961221226781213,8.06120726998572,62.77396865762242,0.0001973331171681,507,96,2,131.1499013806706,2.826429980276134,200,North,1,Normal,0.17574594991348746,1,0,0,Rule-Based Only,2.442904829712439,3.361909564632711,100,27.061929806014398,Low Risk
0,2009-04-22,21.652059997762425,10.405313571481926,76.74873001732423,0.0039132884496325,1198,198,8,115.12353923205342,2.86644407345576,381,North,1,Normal,0.1753418066948827,1,0,0,Rule-Based Only,2.5398460624731882,6.404437720625316,100,27.87103246139292,Low Risk
0,2009-04-23,5.864204985156988,6.6763487623893045,35.687027793772714,0.001874674184958,501,111,1,107.5748502994012,2.9620758483033933,188,North,1,Normal,0.1667101274719776,1,0,0,Rule-Based Only,4.610314119694452,3.1601949907547486,100,28.095205807535912,Low Risk
0,2009-04-24,19.370242770497345,9.20248927257514,166.42476337433675,0.0004770896512285,1385,257,5,105.52924187725633,3.2093862815884475,545,North,1,Normal,0.17472681505166648,1,0,0,Rule-Based Only,2.6873631932486566,9.161203563624138,100,28.633982487530364,Low Risk
0,2009-04-25,94.60612745159406,13.925549182754814,305.6263112227584,0.0011855298667818,3321,1125,13,188.1749473050286,2.9250225835591688,1481,East,1,Normal,0.1261063031039924,1,0,0,Rule-Based Only,14.349893080396543,24.894940326105228,100,38.39868162172458,Low Risk
0,2009-04-26,65.25103808421542,15.944012282241031,270.56987740962154,-0.0032289029833845,2231,586,18,64.68579112505603,3.6723442402510087,906,West,1,Normal,0.13285166104334212,1,0,0,Rule-Based Only,12.731894103918473,15.229450327786182,100,35.17330963390578,Low Risk
0,2009-04-27,19.11979094066997,8.462855725759644,241.36034882858095,0.0030501589655263,1394,323,9,114.47058823529412,3.0645624103299856,571,North,1,Normal,0.1745614738658941,1,0,0,Rule-Based Only,2.7270233375663913,9.59825180702639,100,28.763074620539793,Low Risk
0,2009-04-28,6.1371253982758365,9.095707467860256,90.7298285229611,0.0004400502274766,460,88,2,179.68478260869566,2.6891304347826086,173,South,1,Normal,0.17005006606800405,1,0,0,Rule-Based Only,3.8091680161874018,2.908051773407295,100,27.631596951445523,Low Risk
0,2009-04-29,100.14301416388864,21.556610680285207,245.0913934255149,-1.816028899489562e-05,2958,649,25,118.1288032454361,3.1203515889114266,1055,East,1,Normal,0.13594061187299517,1,0,0,Rule-Based Only,11.990952062634964,17.73407295343755,100,35.42899426967687,Low Risk
0,2009-04-30,32.67437945091668,5.798455311076524,71.57570340871229,0.0015893668945289,3670,1254,6,184.1228882833788,2.939782016348774,1689,North,1,Normal,0.13610312402270885,1,0,0,Rule-Based Only,11.951970514988975,28.391326273323248,100,38.0738168258253,Low Risk
0,2009-05-01,22.133329720295688,5.389381498928694,354.87335455576704,-0.0011402758509068,2505,824,8,137.67864271457086,2.7449101796407187,1099,North,1,Normal,0.14599153749449545,1,0,0,Rule-Based Only,9.58005148264107,18.47369305765675,100,34.408449005734724,Low Risk
0,2009-05-02,37.61838801745351,9.170893666982757,113.57790684492127,0.0019685309860428,2321,808,3,166.707453683757,3.4954760878931497,1113,North,1,Normal,0.15658693828246212,1,0,0,Rule-Based Only,7.038548454269875,18.709026727181037,100,33.19653090893019,Low Risk
0,2009-05-03,84.27815056632753,25.49418234997264,157.2268712308816,0.0008651414322682,2359,440,8,121.456125476897,3.337855023314964,781,West,1,Normal,0.1354665699897345,1,0,0,Rule-Based Only,12.104659784125788,13.128256849890738,100,34.334394104535576,Low Risk
0,2009-05-04,12.138546838780176,10.345072907772463,368.6767756582792,0.0016732535704198,801,129,3,152.167290886392,3.2459425717852683,338,North,1,Normal,0.17019530166890567,1,0,0,Rule-Based Only,3.7743305686093915,5.681627164229282,100,28.307572075362017,Low Risk
0,2009-05-05,11.711117348020794,8.771148752581848,660.8139287657008,0.0029826411262467,817,194,7,102.9155446756426,3.0966952264381886,366,North,1,Normal,0.14846852947942923,1,0,0,Rule-Based Only,8.985899099268273,6.1522945032778615,100,31.0310231754536,Low Risk
0,2009-05-06,3.1424075897587147,11.033109831081742,50.81445544811376,0.0053133634320312,195,15,0,379.5794871794872,3.3846153846153846,70,North,1,Normal,0.12853064305131162,0,0,0,Normal,13.768370262976484,1.176668347621449,0,7.178352218393604,Normal
0,2009-05-07,16.360674718301983,8.792976903852042,181.71402760232976,0.0047519519245655,1246,263,4,177.75040128410916,2.92776886035313,516,North,1,Normal,0.18315834466805625,1,0,0,Rule-Based Only,0.6649047244578473,8.673726676752395,100,27.500884031417023,Low Risk
0,2009-05-08,5.2309590506118,6.725222360399079,34.36519548382104,0.0033283180307857,488,119,1,226.29098360655735,2.5594262295081966,185,North,1,Normal,0.1624401199693919,1,0,0,Rule-Based Only,5.63455446851772,3.109766347285258,100,28.594718821080175,Low Risk
0,2009-05-09,7.633502608571534,6.414582202492457,81.87958416292986,0.006291403465534,713,158,4,153.88639551192145,3.1753155680224405,303,North,1,Normal,0.1762761809268193,1,0,0,Rule-Based Only,2.3157191051620627,5.093292990418558,100,27.43118280018567,Low Risk
0,2009-05-10,8.265626116168384,6.258284016531843,49.59713473252647,0.0011115786537425,905,187,0,286.1867403314917,2.853038674033149,425,North,1,Normal,0.16796040900831383,0,0,0,Normal,4.310410947128869,7.144057824844512,0,3.9412199297755626,Normal
0,2009-05-11,8.403059308749354,8.76617735808021,28.425844144916592,0.0030635019875979,662,108,0,165.00453172205437,3.152567975830816,243,North,1,Normal,0.17145141269247882,0,0,0,Normal,3.4730290856105364,4.084720121028744,0,2.7576945730624542,Normal
0,2009-05-12,18.854194858947032,9.348567854286795,222.8498046078348,-0.0040641289310912,1184,222,10,157.3589527027027,2.904560810810811,480,North,1,Normal,0.1798336661576811,1,0,0,Rule-Based Only,1.4623904139161923,8.068582955118506,100,27.74834094573772,Low Risk
0,2009-05-13,16.111590709542995,8.780733427920547,144.87675460838133,-0.0004826542385282,645,181,11,180.53798449612404,3.096124031007752,284,North,1,Normal,0.17824865320553196,1,0,0,Rule-Based Only,1.8425851133436648,4.773911581778449,100,27.114770452116446,Low Risk
0,2009-05-14,7.97021054749472,8.13160010589722,243.80324598247608,0.0031629122690538,680,179,7,150.3220588235294,2.889705882352941,295,North,1,Normal,0.17925721978387443,1,0,0,Rule-Based Only,1.60066174824713,4.958816607833249,100,27.040035026081874,Low Risk
0,2009-05-15,9.573009535692073,6.244754207723711,194.09612801576716,0.0002399347949899,978,344,3,170.9314928425358,3.2065439672801634,478,North,1,Normal,0.1748593541003194,1,0,0,Rule-Based Only,2.6555712487748475,8.03496385947218,100,28.33652658925547,Low Risk
0,2009-05-16,1.9763941597546448,4.398558981886371,11.487072908663563,0.0007839288447672,317,22,0,162.4826498422713,2.9747634069400632,133,North,1,Normal,0.1446054218113781,0,0,0,Normal,9.912536989967654,2.235669860480753,0,5.515185960104015,Normal
0,2009-05-17,17.04314815756342,8.312095040038036,150.45937784307472,0.0013423976724195,1385,244,4,151.73646209386283,3.2657039711191334,570,North,1,Normal,0.18098020234098056,1,0,0,Rule-Based Only,1.1873724848821046,9.581442259203229,100,27.98904680724186,Low Risk
0,2009-05-18,12.875629830672192,7.104884779133762,45.32715410474832,-8.116404696655269e-05,1247,157,0,240.12750601443463,3.073777064955894,505,South,1,Normal,0.17357841451028821,0,0,0,Normal,2.9628283230822308,8.488821650697597,0,3.6036195742155144,Normal
0,2009-05-19,7.589262322866039,9.032737099917483,94.68141426130472,-0.0004835080834045,569,68,5,224.41652021089632,3.161687170474517,220,North,1,Normal,0.17783799778980836,1,0,0,Rule-Based Only,1.9410884171416571,3.6981005210959825,100,26.895069338844824,Low Risk
0,2009-05-20,6.110363718805425,11.944327206608154,26.04066499236781,0.0044042524185319,358,32,0,195.47206703910612,3.039106145251397,92,North,1,Normal,0.15596518121382824,0,0,0,Normal,7.187688397577999,1.5464783997310474,0,3.980463798721761,Normal
0,2009-05-21,20.925903090695797,12.635937497720798,121.92926474763634,0.004009389414557,1080,382,7,242.1305555555556,2.982407407407408,518,East,1,Normal,0.17273106296884633,1,0,0,Rule-Based Only,3.1660812770540487,8.707345772398723,100,28.759877081626705,Low Risk
0,2009-05-22,1141.5619370658612,11.108670171500169,137.59138220468563,0.001380342501039,3072,1201,11,124.22493489583331,2.7529296875,1559,North,1,Normal,0.012842549664483283,1,0,0,Rule-Based Only,41.51830115969517,26.206085056311984,100,52.31067184392558,Medium Risk
0,2009-05-23,1144.0799714309014,10.808062598918475,277.3658332536952,-0.001518260306803,3675,1384,10,194.458231292517,3.4280272108843537,1997,North,-1,Anomaly,-0.0017160560156620486,1,1,1,Both Methods,45.01045225104168,33.56866700285762,100,55.897392876235244,Medium Risk
0,2009-05-24,7.551373712885646,7.330428248676363,51.48838564582813,-0.0008239918626004,640,124,1,172.396875,3.2203125,294,North,1,Normal,0.17280901815319483,1,0,0,Rule-Based Only,3.1473822829278473,4.942007060010085,100,27.809192906466446,Low Risk
0,2009-05-25,15.831877278752216,7.253976763929858,292.29859252186486,0.0049216127899101,1372,256,7,234.40233236151605,2.7973760932944605,624,North,1,Normal,0.17320394479607065,1,0,0,Rule-Based Only,3.0526518164793,10.489157841654059,100,29.148615368653164,Low Risk
0,2009-05-26,11.43790691575638,7.463169594365907,170.44392597107026,0.0035768623881416,961,211,5,244.4901144640999,3.054110301768991,462,North,1,Normal,0.18119572388754096,1,0,0,Rule-Based Only,1.1356756520558657,7.766011094301563,100,27.509340599603323,Low Risk
0,2009-05-27,32.76718535404818,7.10354748274458,204.72757792854904,0.0025044999727494,1773,572,4,145.25775521714607,3.3513818386914838,862,North,1,Normal,0.1689005038818529,1,0,0,Rule-Based Only,4.08491178802492,14.489830223566985,100,30.664913449904205,Low Risk
0,2009-05-28,42.637759576873925,5.490197690915288,98.662393214488,0.001735608036942,3330,1087,5,147.84804804804804,3.2246246246246244,1687,North,1,Normal,0.13418120281605378,1,0,0,Rule-Based Only,12.412978896338,28.35770717767692,100,38.295916242588234,Low Risk
0,2009-05-30,53.30821190504049,11.328085606894916,368.4985135976517,-0.0018750702250573,2075,361,12,203.62313253012047,3.087710843373494,895,North,1,Normal,0.1590561412619665,1,0,0,Rule-Based Only,6.446264408044773,15.044545301731382,100,31.984268529455235,Low Risk
0,2009-05-31,10.200902006628985,9.873260749685471,58.50507949503513,0.002089508513345,704,95,1,324.4019886363636,2.914772727272727,295,North,1,Normal,0.17214463894305537,1,0,0,Rule-Based Only,3.306745935926605,4.958816607833249,100,27.893077119921614,Low Risk
0,2009-06-01,1.8298402269662084,9.291672435740509,116.12392290095814,-0.0089468774227156,108,28,4,454.9074074074074,3.0277777777777777,71,North,1,Normal,0.13214355057755395,1,0,0,Rule-Based Only,12.901747508167785,1.1934778954446124,100,31.749243227945048,Low Risk
0,2009-06-02,18.43552997461437,6.473675408812354,211.65255536970025,0.0015932002417234,1727,526,8,240.0266357845976,3.090909090909091,777,North,1,Normal,0.1741253272454788,1,0,0,Rule-Based Only,2.8316411787204747,13.061018658598083,100,29.68107525400976,Low Risk
0,2009-06-03,12.899185167282589,8.116392976006908,93.25717361221103,0.0015569603552361,1072,196,2,162.2042910447761,3.049440298507463,431,North,1,Normal,0.18297692772184704,1,0,0,Rule-Based Only,0.7084209375219355,7.2449151117834925,100,27.165439246706843,Low Risk
0,2009-06-04,73.58230890994295,35.31681028952749,114.5351019158784,0.0015180091745139,1468,218,2,126.70572207084469,2.423024523160763,416,North,1,Normal,0.11280382921521043,1,0,0,Rule-Based Only,17.540737707205242,6.992771894436039,100,35.51856182721163,Low Risk
0,2009-06-05,46.12603055876966,19.597775935706437,118.42352654703352,0.0021302942927381,1636,244,7,139.8771393643032,3.438264058679706,509,South,1,Normal,0.16208548740288753,1,0,0,Rule-Based Only,5.719619654796801,8.556059841990251,100,29.998824787895963,Low Risk
0,2009-06-06,9.99501421788937,4.918146422429297,130.40253502422476,0.0016055699022355,1350,206,3,170.39037037037036,3.0148148148148146,570,South,1,Normal,0.18053785220984525,1,0,0,Rule-Based Only,1.2934783529260563,9.581442259203229,100,28.042099741263836,Low Risk
0,2009-06-07,8.601120764034876,7.900841267275083,42.34912027714461,0.0117943042916375,755,194,1,234.1456953642384,2.858278145695364,341,North,1,Normal,0.17221046910980353,1,0,0,Rule-Based Only,3.290955351738544,5.732055807698773,100,28.078491627793966,Low Risk
0,2009-06-08,9.802306339660763,7.734222576664552,74.89575383616581,0.00029362247054,875,181,2,123.30057142857144,3.081142857142857,327,North,1,Normal,0.17687837061320955,1,0,0,Rule-Based Only,2.1712727607299676,5.4967221381744835,100,27.459816914908608,Low Risk
0,2009-06-09,38.10699458782936,7.068382704796696,68.12233526618797,0.00300897687512,3716,1583,4,143.5984930032293,2.957481162540366,1707,North,1,Normal,0.121054454997017,1,0,0,Rule-Based Only,15.561672372155943,28.693898134140188,100,39.95431071961302,Low Risk
0,2009-06-10,12.261555147727073,10.619606836626568,241.43298985736695,0.013020144174884,727,119,7,289.29436038514444,3.114167812929849,237,North,1,Normal,0.16896705434870085,1,0,0,Rule-Based Only,4.0689484265232325,3.983862834089763,100,28.03043992178406,Low Risk
0,2009-06-11,60.68895973021795,12.86440582354853,235.6866650461445,0.0012880425598706,2013,433,11,248.70988574267264,2.702434177844014,833,North,1,Normal,0.1592561767080612,1,0,0,Rule-Based Only,6.39828220310462,14.002353336695242,100,31.69972943572612,Low Risk
0,2009-06-12,6.625572810593352,5.441067219508131,33.06800623994128,0.0015149129349764,827,172,0,200.8101571946796,2.671100362756953,362,North,1,Normal,0.16721153571362823,0,0,0,Normal,4.490042070518869,6.085056311985207,0,3.7662851132557362,Normal
0,2009-06-13,75.2581595086262,10.499694345138517,397.0933061771237,-0.0009443350499017,4662,1577,5,500.6342771342771,3.4064779064779063,2252,West,1,Normal,0.05408604620159779,1,0,0,Rule-Based Only,31.625284987174417,37.85510169776433,100,50.27641791802829,Medium Risk
0,2009-06-14,33.74876705890417,16.63969689300459,188.0774622265156,0.0044221619591708,1387,221,5,159.03460706560924,2.8320115356885363,451,North,1,Normal,0.17248330645560234,1,0,0,Rule-Based Only,3.2255102633953134,7.581106068246764,100,28.50803164875935,Low Risk
0,2009-06-15,10.491347671543643,9.952165577805903,35.6755746060041,0.0021554526360753,736,81,0,200.2649456521739,3.032608695652174,225,South,1,Normal,0.17412799832799286,0,0,0,Normal,2.8310004701305527,3.7821482602118004,0,2.3610373001182263,Normal
0,2009-06-16,47.49341832252438,13.248520819601092,455.7101897333154,0.0006493793607135,2463,496,7,163.3625659764515,2.7957775071051563,856,North,1,Normal,0.14880226376628758,1,0,0,Rule-Based Only,8.90584675224568,14.388972936628006,100,33.05016661027984,Low Risk
0,2009-06-17,15.720870511215471,9.491064767741657,520.6016253016048,-0.0009472842663303,1145,225,4,192.1344978165939,2.527510917030568,397,North,1,Normal,0.15135266847807233,1,0,0,Rule-Based Only,8.294084967270576,6.673390485795933,100,30.815390105084273,Low Risk
0,2009-06-18,9.053315906729386,11.218088723616532,82.37441688765117,0.002316509469035,540,82,3,155.30925925925925,3.2185185185185183,179,South,1,Normal,0.17317587008145663,1,0,0,Rule-Based Only,3.0593860565179813,3.008909060346277,100,27.28192029334556,Low Risk
0,2009-06-19,17.07877859594953,7.068679226150297,180.61404469434004,0.0044498680316896,1597,587,7,216.86850344395745,2.9204758922980587,801,North,1,Normal,0.17490071651741423,1,0,0,Rule-Based Only,2.645649707305015,13.464447806354011,100,29.68893680524101,Low Risk
0,2009-06-20,14.551136650551324,10.187003063641956,427.73259268516847,-0.011886223430184,682,161,19,304.7697947214076,3.4134897360703813,325,South,1,Normal,0.14618152979966698,1,0,0,Rule-Based Only,9.534478310976901,5.4631030425281555,100,31.13301491612049,Low Risk
0,2009-06-21,15.040919076434989,5.219052216661875,104.56506509475824,0.0024477496199245,1864,586,7,206.23015021459227,3.601931330472103,1156,North-West,1,Normal,0.15406249984517345,1,0,0,Rule-Based Only,7.644081747601485,19.43183728357707,100,33.68000019469501,Low Risk
0,2009-06-22,8.256673971403005,6.749668985786927,47.240189603389446,0.0011677723878549,779,236,2,144.05648267008985,2.934531450577664,360,North,1,Normal,0.17600847348268622,1,0,0,Rule-Based Only,2.379933691622485,6.051437216338881,100,27.702826149895962,Low Risk
0,2009-06-23,27.643654913472915,7.958507854935998,217.06435638955364,0.0017957099112881,1964,771,12,171.67311608961305,2.69908350305499,885,North,1,Normal,0.16635200534626043,1,0,0,Rule-Based Only,4.696216341351855,14.87644982349975,100,31.067220626550867,Low Risk
0,2009-06-24,9.583212526063988,8.46513531973308,106.51416059397752,0.0025009492735846,727,158,6,176.36313617606604,3.220082530949106,346,South,1,Normal,0.18144811149030876,1,0,0,Rule-Based Only,1.075135813158388,5.81610354681459,100,26.991593793282842,Low Risk
0,2009-06-25,1150.6896186451006,25.799880459680825,215.7806483936036,-0.005441523293465,2003,421,10,130.9640539191213,2.380928607089366,647,East,1,Normal,0.0033921564342439536,1,0,0,Rule-Based Only,43.785152928174725,10.875777441586822,100,49.61152082448407,Low Risk
0,2009-06-26,8.498933569009383,8.903609307080243,103.82502468887056,0.0005308199083196,610,205,3,351.872131147541,3.926229508196721,360,West,1,Normal,0.1451865560881575,1,0,0,Rule-Based Only,9.773141175323003,6.051437216338881,100,31.399429891746223,Low Risk
0,2009-06-27,15.727431688812525,3.57683483739589,152.49261970794825,0.0063334928412643,2096,972,12,150.36068702290078,3.427480916030534,1192,North,1,Normal,0.14104250180225503,1,0,0,Rule-Based Only,10.767169313391856,20.03698100521096,100,35.39282990799867,Low Risk
0,2009-06-28,158.56884449904817,16.45020314493406,499.6560656030032,0.0006296197243155,5848,2246,27,77.15663474692202,3.222469220246238,2617,North,-1,Anomaly,-0.017660143639359638,1,1,1,Both Methods,48.83493683554785,43.990586653219026,100,60.41511508107868,Medium Risk
0,2009-06-29,1160.0071095793762,19.8871661756153,256.23807110277863,-0.0017390455828235,2905,634,13,122.7487091222031,3.746643717728055,1192,North,-1,Anomaly,-0.003896510891162941,1,1,1,Both Methods,45.53347471901721,20.03698100521096,100,52.77598261081134,Medium Risk
0,2009-06-30,12.706236507103611,9.490881515988024,162.0690873461901,0.0041616170953537,802,123,7,192.8640897755611,2.7768079800498757,282,North,1,Normal,0.18129667205485472,1,0,0,Rule-Based Only,1.1114613653034637,4.740292486132123,100,26.74080380418476,Low Risk
0,2009-07-01,4.216281281748518,5.862987130960652,59.37866855821592,0.0023735943349823,280,57,2,134.95357142857142,3.2071428571428573,128,North,1,Normal,0.15925337316830018,1,0,0,Rule-Based Only,6.3989546840173634,2.1516221213649356,100,28.737382872349915,Low Risk
0,2009-07-02,55.64596208150386,6.204004981111112,644.6998720341929,0.0006975423765518,5757,2241,19,191.57738405419488,3.0323084940072955,3138,North,1,Normal,0.020276310825667998,1,0,0,Rule-Based Only,39.73517592626407,52.748361069087245,100,58.05467823040385,Medium Risk
0,2009-07-03,19.81831225665701,6.910329899118662,184.8935993316465,0.0013862387185269,1788,599,10,146.05648769574944,2.7695749440715884,914,North,1,Normal,0.17152193126419824,1,0,0,Rule-Based Only,3.45611390069513,15.363926710371492,100,30.569038627940436,Low Risk
0,2009-07-04,6.990281490323191,9.573034261801393,64.4292232288451,-0.0004469492438432,436,77,2,192.64449541284404,2.7522935779816518,193,North,1,Normal,0.1734386769690271,1,0,0,Rule-Based Only,2.9963469592715875,3.2442427298705665,100,27.309234162103436,Low Risk
0,2009-07-05,51.41415413177831,17.716888387891277,217.03652776300103,0.0016117394551384,2312,869,6,166.28806228373702,2.9290657439446366,935,North,1,Normal,0.15037492443446215,1,0,0,Rule-Based Only,8.528614976803517,15.716927214657925,100,33.19353929206624,Low Risk
1,2008-10-23,14.748278545574683,11.451959710598455,756.3298069374582,0.0852862314726994,1288,285,30,136.4114906832298,2.563664596273292,417,North,1,Normal,0.1113418965707823,1,0,0,Rule-Based Only,17.891409316278164,7.009581442259203,100,35.698100018703876,Low Risk
1,2008-10-24,19.26790637056617,9.29445886552386,220.83525858257025,0.1544284552221121,1889,526,64,283.0291159343568,3.244044467972472,883,West,1,Normal,0.10722488764707111,1,0,0,Rule-Based Only,18.878950123543014,14.842830727853421,100,38.15018274373486,Low Risk
1,2008-10-25,50.38723796028019,9.568170613738816,143.31531923169342,0.0200496260899267,7319,2074,55,781.0340210411258,3.380106571936057,2799,West,-1,Anomaly,-0.06777721675075055,1,1,1,Both Methods,60.85644462318712,47.0499243570348,100,67.19070340085226,Medium Risk
1,2008-10-26,51.550360392165416,23.04189046565822,149.83954523472758,0.0265906683433406,5388,2140,78,130.31291759465478,3.160913140311804,1891,North,1,Normal,0.011132397971777896,1,0,0,Rule-Based Only,41.928512702699855,31.78685493360229,100,53.9109700847505,Medium Risk
1,2008-10-27,25.60938141789744,12.044479205650978,549.1530835002328,0.2341091622834285,2546,621,138,505.245483110762,3.0903377847604085,1146,South,1,Normal,0.002739818600121291,1,0,0,Rule-Based Only,43.94162823421758,19.263741805345436,100,51.786749568445146,Medium Risk
1,2008-10-28,15.453033604318382,14.50065719206574,479.3078858026191,0.269891524731945,1196,105,81,528.5560200668897,3.205685618729097,417,North,1,Normal,0.01866701801573306,1,0,0,Rule-Based Only,40.12119459906697,7.009581442259203,100,46.81299266009828,Low Risk
1,2008-10-29,11.45500268594676,12.351031972987808,154.15913091695188,0.2223052221726076,1140,224,61,372.5982456140351,2.812280701754386,382,North,1,Normal,0.07142933908386068,1,0,0,Rule-Based Only,27.465175118347208,6.421247268448478,100,40.33789937628572,Low Risk
1,2008-10-30,20.39196017249904,11.92305077212166,147.16486828174524,0.0686230157134488,2038,314,49,255.06967615309128,2.9524043179587838,676,North,1,Normal,0.14388658107349894,1,0,0,Rule-Based Only,10.084964248624193,11.363254328458565,100,32.883295706426736,Low Risk
1,2008-10-31,15.956585006194093,14.946803483754802,862.5094723931878,0.0880632981829418,1133,224,80,373.2241835834069,3.079435127978817,516,South,1,Normal,0.0897094932894762,1,0,0,Rule-Based Only,23.080341717289986,8.673726676752395,100,38.708602527833094,Low Risk
1,2008-11-01,62.94269976123635,24.76036354408025,2376.687211224076,-0.0120898899210081,3712,979,68,138.0905172413793,3.205280172413793,1150,South,-1,Anomaly,-0.0002374953511422584,1,1,1,Both Methods,44.655792103520376,19.33097999663809,100,52.160641050919715,Medium Risk
1,2008-11-02,15.900478479477698,5.172715455667072,1148.811899160543,0.0689440546242313,1947,615,29,102.66204417051874,3.0503338469440164,902,North,1,Normal,0.09070589622810693,1,0,0,Rule-Based Only,22.84133602636001,15.162212136493528,100,40.21122104730339,Low Risk
1,2008-11-03,12.37259839897053,12.811288140561336,40.18596082298529,0.0324592894652498,1153,126,3,180.6721595836947,2.795316565481353,189,North,1,Normal,0.16015635305716225,1,0,0,Rule-Based Only,6.182358241086426,3.177004538577912,100,28.885430255187693,Low Risk
1,2008-11-04,24.44558864515206,14.36442200853512,399.8721400805576,0.1462334502028354,2484,545,90,359.32487922705315,3.028180354267311,1017,North,1,Normal,0.07730107619588639,1,0,0,Rule-Based Only,26.05673027037495,17.095310136157337,100,42.302192669226805,Low Risk
1,2008-11-05,23.97758467494247,5.31034270682977,251.65270347466523,0.0272134396261004,6173,4127,58,147.51320265673093,2.420541065932286,3085,North,-1,Anomaly,-0.06810593281063093,1,1,1,Both Methods,60.93529325556817,51.857455034459576,100,68.43201038639899,Medium Risk
1,2008-11-06,16.1961558579513,12.42739792248894,122.82523239930462,0.0932618050984249,1438,175,32,252.2642559109875,2.6397774687065367,387,North,1,Normal,0.1450675930589242,1,0,0,Rule-Based Only,9.801676660210374,6.505295007564296,100,31.527162081996263,Low Risk
1,2008-11-07,21.74834511734597,10.85045908846731,258.25874393929126,0.1867169276483936,2463,641,113,504.8343483556639,2.987007714169712,1025,North,1,Normal,0.03308181944673133,1,0,0,Rule-Based Only,36.663537619081964,17.229786518742646,100,47.639215439226646,Low Risk
1,2008-11-08,32.01092623972922,15.876054994810218,123.65240924315728,0.0391535416933312,3812,932,51,161.5813221406086,3.163431269674712,1303,North,1,Normal,0.11999165666293349,1,0,0,Rule-Based Only,15.816604227842685,21.902840813582113,100,38.38401231731687,Low Risk
1,2008-11-09,24.80946713494962,17.803177191631057,185.8547414582688,0.0760164675085216,2472,503,61,124.0177993527508,2.692556634304207,716,North,1,Normal,0.12321921493230792,1,0,0,Rule-Based Only,15.042414626145344,12.035636241385108,100,35.53011637341895,Low Risk
1,2008-11-10,3.2114207036850884,17.666254695371325,56.84747137338004,0.0231334746160313,384,88,3,123.86979166666669,2.497395833333333,128,East,1,Normal,0.13789964189575243,1,0,0,Rule-Based Only,11.521042444759793,2.1516221213649356,100,31.29842675272113,Low Risk
1,2008-11-11,10.51082673384907,18.87537919500063,133.24425135247387,0.101023613560014,776,197,17,254.8131443298969,2.956185567010309,277,South,1,Normal,0.13546249339248723,1,0,0,Rule-Based Only,12.105637631444328,4.656244747016306,100,32.21688000247624,Low Risk
1,2008-11-12,19.12587832536426,13.735852582712154,244.1141397460864,0.1703842533726679,1645,179,57,249.53130699088143,2.914285714285714,501,North,1,Normal,0.10577910810484176,1,0,0,Rule-Based Only,19.22574711201618,8.421583459404943,100,36.71826942085933,Low Risk
1,2008-11-13,15.18314562549195,13.135125613173184,214.09696054294724,0.1166976107259867,1394,164,46,222.46843615494976,3.1814921090387376,405,South,1,Normal,0.13559506296134533,1,0,0,Rule-Based Only,12.073838366134293,6.80786686838124,100,32.73888590016246,Low Risk
1,2008-11-14,13.26200740168817,15.282507898428191,149.4296866849545,0.0778622398741372,1489,405,31,173.95634654130288,2.768300873069174,427,North,1,Normal,0.15210899139791573,1,0,0,Rule-Based Only,8.11266691337387,7.177676920490839,100,30.850752686809646,Low Risk
1,2008-11-15,42.85929028346648,18.564145199619382,199.85995699559703,0.0302241251882714,5663,2387,56,123.74977926893872,2.903937842133145,2168,North,1,Normal,0.012529136414896502,1,0,0,Rule-Based Only,41.5934791297311,36.44309968061859,100,54.907514485020194,Medium Risk
1,2008-11-16,27.61138635668637,15.10393847646265,560.5242171516165,-0.0074904863923476,2826,856,73,121.7271762208068,3.067940552016985,1088,North,1,Normal,0.11481405328266092,1,0,0,Rule-Based Only,17.05854824997089,18.28878803160195,100,38.10147113288593,Low Risk
1,2008-11-17,32.90935417880902,9.989122539923802,342.3140744477656,0.0865305677111554,4077,1127,116,203.49766985528572,3.2087319107186656,1956,North,1,Normal,0.05405615773724465,1,0,0,Rule-Based Only,31.632454288665414,32.87947554210792,100,49.036096029859685,Low Risk
1,2008-11-18,16.46208743966654,19.19120031101866,467.75427522797,0.0222700041734,1689,377,21,159.50503256364712,2.8413262285375964,458,North,1,Normal,0.14543295885800278,1,0,0,Rule-Based Only,9.714036909397352,7.6987729030089085,100,31.781711680450904,Low Risk
1,2008-11-19,21.86759736290479,19.064959187907885,200.73422501377584,0.0556462436040852,2523,737,55,146.935790725327,2.810939357907253,785,North,1,Normal,0.13002019077073224,1,0,0,Rule-Based Only,13.411074666937273,13.195495041183392,100,35.00441109376449,Low Risk
1,2008-11-20,10.791606651392248,18.307987911341424,83.77590520286257,0.05734728055994,756,150,16,137.6904761904762,2.871693121693122,239,North,1,Normal,0.15426533766184958,1,0,0,Rule-Based Only,7.595427342197958,4.01748192973609,100,29.802084153533002,Low Risk
1,2008-11-21,8.093702809361963,23.0341741137358,78.29482187982899,0.0359703672364839,804,110,14,95.35074626865672,3.3296019900497518,182,South,1,Normal,0.13172458070261384,1,0,0,Rule-Based Only,13.002245188931868,3.059337703815767,100,32.265957020419876,Low Risk
1,2008-12-01,6.5418036545384,10.036786717684484,146.21728649722886,0.1060681535488856,721,67,12,347.0513176144244,2.7461858529819696,200,North,1,Normal,0.12842803585129303,1,0,0,Rule-Based Only,13.792982499436299,3.361909564632711,100,32.73696864087633,Low Risk
1,2008-12-02,11.860281847796603,15.021627551979403,103.51844832098254,0.0837879145974141,973,35,16,209.89208633093529,2.8581706063720453,124,South,1,Normal,0.13611004435723062,1,0,0,Rule-Based Only,11.950310544639917,2.0843839300722813,100,31.49625125483803,Low Risk
1,2008-12-03,11.88749650050328,13.470006770333969,49.31923771254624,0.0478429067001165,1056,50,5,191.82007575757572,2.774621212121212,140,North,1,Normal,0.14632597758967592,1,0,0,Rule-Based Only,9.499829834426004,2.353336695242898,100,30.338249091023727,Low Risk
1,2008-12-04,17.707643095584046,13.973856811612054,167.75688226954202,0.1717072435695006,1498,140,66,220.79639519359145,3.0447263017356474,390,South,1,Normal,0.10596107573220626,1,0,0,Rule-Based Only,19.182098807882404,6.555723651033787,100,36.229980316699645,Low Risk
1,2008-12-05,18.724206534661413,13.032768157400712,692.2005569468831,-0.0280504279770628,1356,154,25,165.18657817109144,2.8045722713864305,388,North,1,Normal,0.1311183882762233,1,0,0,Rule-Based Only,13.14765166465452,6.52210455538746,100,33.20435197117413,Low Risk
1,2008-12-06,53.50883685488856,24.23444564043599,966.1496501196478,0.1450893304384389,3075,413,183,216.68552845528453,2.84,934,South,1,Normal,0.013041764460669292,1,0,0,Rule-Based Only,41.470515802828054,15.700117666834762,100,49.66028731812272,Low Risk
1,2008-12-07,27.079052469329667,17.042875722152154,237.71560737670256,0.1264749384999635,2564,321,80,200.146255850234,2.9742589703588145,830,North,1,Normal,0.10641144557408727,1,0,0,Rule-Based Only,19.074069263749667,13.951924693225754,100,38.02501580518127,Low Risk
1,2008-12-08,12.149416541384172,13.115026664936249,118.8644910003732,0.0315872885785932,1137,125,5,155.14423922603342,2.8100263852242744,193,North,1,Normal,0.16820219090883864,1,0,0,Rule-Based Only,4.252415082254455,3.2442427298705665,100,27.93726822359487,Low Risk
1,2008-12-09,76.5946743007829,25.781450514869885,502.2860403547578,0.0670678228708888,6959,1384,138,152.51616611582125,3.4160080471332086,1849,West,-1,Anomaly,-0.02523736672164023,1,1,1,Both Methods,50.652474066619966,31.080853925029416,100,58.09645051456734,Medium Risk
1,2008-12-10,18.69511741717671,14.416485998630169,190.9969910032929,0.1023602208272522,2312,659,70,210.7902249134948,3.1189446366782008,893,North,1,Normal,0.12485058419258754,1,0,0,Rule-Based Only,14.65110050803278,15.010926206085056,100,36.07828180553766,Low Risk
1,2008-12-11,16.21440764858017,17.93843507772181,129.70090224155524,0.0531567996354416,1786,348,11,153.79451287793952,2.90929451287794,555,North,1,Normal,0.15937991453091205,1,0,0,Rule-Based Only,6.368601395573803,9.329299041855773,100,30.516625458250846,Low Risk
1,2008-12-12,23.48418773368913,17.61011851837159,215.91178467332324,0.0668434957151613,2533,478,52,183.7883932096329,3.12751677852349,819,North,1,Normal,0.13902958350244393,1,0,0,Rule-Based Only,11.25000503213539,13.767019667170954,100,34.066757432860435,Low Risk
1,2008-12-13,24.83206574324238,6.255911587101664,142.33754491701998,0.0242151400131893,6795,4425,27,171.2840323767476,2.600147167034584,3639,North,-1,Anomaly,-0.0770753036127989,1,1,1,Both Methods,63.08676288965539,61.16994452849218,100,71.83586757695073,Medium Risk
1,2008-12-14,11.623885352355874,7.115189332444067,266.806196904951,0.0776823220198079,1688,854,18,135.65995260663507,2.311018957345972,728,North,1,Normal,0.11735426515685005,1,0,0,Rule-Based Only,16.449231405789945,12.237350815263069,100,36.28395340671074,Low Risk
1,2008-12-15,5.798315648077579,12.609197510586515,39.2475541115716,0.0283385929353105,537,40,2,177.12662942271882,3.398510242085661,83,South,1,Normal,0.14258205343920266,1,0,0,Rule-Based Only,10.39787935202673,1.3951924693225752,100,30.54773779334401,Low Risk
2,2008-10-23,8.016661665844982,3.187940612844383,165.8429448566243,0.0563247064721451,1932,867,6,461.4518633540373,3.296066252587992,1368,North,1,Normal,0.09514875480315005,1,0,0,Rule-Based Only,21.7756341478694,22.995461422087747,100,41.636682429456634,Low Risk
2,2008-10-24,50.24975500394981,17.87736827302932,1545.4377044953285,0.0390466599257131,4756,1437,112,228.92724978973928,3.047518923465097,2105,North,1,Normal,0.0028573783273684317,1,0,0,Rule-Based Only,43.91342935729049,35.384098167759284,100,55.80273922058506,Medium Risk
2,2008-10-25,41.72319404131797,15.394242559637352,487.225105580138,0.1455265088763707,3623,784,223,183.39414849572177,3.243996687827767,1873,North,1,Normal,0.011510280622639923,1,0,0,Rule-Based Only,41.83787055326597,31.48428307278534,100,53.79000604482932,Medium Risk
2,2008-10-26,62.17053481428968,12.509244420811193,540.0960849970129,0.0382377651773625,6234,1742,78,290.8195380173244,3.07507218479307,2734,North,-1,Anomaly,-0.0006871072633237718,1,1,1,Both Methods,44.763639844183366,45.957303748529164,100,58.87114585922397,Medium Risk
2,2008-10-27,36.367185260588855,10.47971798717125,3839.268291752906,0.0550382627385163,2678,880,37,164.32897684839432,3.2083644510828977,1384,North,1,Normal,0.012514006291495905,1,0,0,Rule-Based Only,41.59710836992803,23.26441418725836,100,51.61465773177861,Medium Risk
2,2008-10-28,22.53154006758728,9.968351007226444,808.1945112057027,-0.0194470959164556,2591,846,45,168.6896950984176,3.0822076418371287,1373,North,1,Normal,0.10739043657435832,1,0,0,Rule-Based Only,18.839240148577098,23.079509161203564,100,40.189497364589435,Low Risk
2,2008-10-29,18.77502812079045,12.539052510205348,255.5297552428911,0.0844134719101907,1699,378,31,217.59152442613305,3.1383166568569747,721,North,1,Normal,0.14960752791318016,1,0,0,Rule-Based Only,8.712689239007428,12.119683980500923,100,32.38626561462895,Low Risk
2,2008-10-30,26.71431855014427,8.670830718427096,633.977308594017,0.0556164916446744,2769,851,34,253.8082340195016,3.4528710725893825,1505,West,1,Normal,0.10665990174558682,1,0,0,Rule-Based Only,19.014472451423252,25.298369473861154,100,40.83182859417691,Low Risk
2,2008-10-31,24.23479240105998,11.42138064417992,397.2150077530305,0.0740994389010909,2570,775,53,231.768093385214,3.3634241245136187,1387,West,1,Normal,0.11364225031076486,1,0,0,Rule-Based Only,17.339626886006112,23.31484283072785,100,39.49852415068502,Low Risk
2,2008-11-01,123.1429929592468,25.44719646498127,1556.0426072539428,0.0016124574678473,9921,2271,197,179.57786513456304,3.392702348553573,3681,West,-1,Anomaly,-0.14034616263012212,1,1,1,Both Methods,78.26344973880222,61.87594553706506,100,79.60071125366737,High Risk
2,2008-11-02,15.686307077779098,6.982113045308669,283.0254529402385,0.0732386292124554,2346,712,58,181.45609548167093,3.1798806479113386,1208,North,1,Normal,0.12603601733020686,1,0,0,Rule-Based Only,14.366752424417792,20.305933770381575,100,37.259859654804295,Low Risk
2,2008-11-03,21.80570430195906,5.43403947156098,88.73145651004464,0.002607267811222,2235,962,7,201.3946308724832,3.1217002237136464,1342,North,1,Normal,0.15218429247691134,1,0,0,Rule-Based Only,8.094604555551188,22.558413178685495,100,34.68690557244697,Low Risk
2,2008-11-04,28.40919908047513,5.882139912752916,285.3445909444718,0.0062567334096732,2468,936,10,206.8679092382496,3.3448136142625606,1452,North,1,Normal,0.14459038064857926,1,0,0,Rule-Based Only,9.916144891317344,24.407463439233485,100,36.05993830546704,Low Risk
2,2008-11-05,6.962832010544713,5.1897054962477664,30.47354522599756,-0.0003870539162133,240,17,3,215.1375,3.4,96,East,1,Normal,0.1473243287260283,1,0,0,Rule-Based Only,9.26035683220611,1.6137165910237017,100,30.033607563858983,Low Risk
2,2008-11-06,35.885060337747646,8.893246189912919,831.3103712690639,0.0003181910983813,1867,429,24,188.8944831280129,3.2458489555436527,950,North,1,Normal,0.13983197735751102,1,0,0,Rule-Based Only,11.05753601152831,15.969070432005378,100,34.5210356137655,Low Risk
2,2008-11-07,18.397197727854277,8.907549324582753,84.31365891957311,-4.492088479765333e-05,1146,211,5,216.08813263525303,3.3830715532286213,515,West,1,Normal,0.175544495626823,1,0,0,Rule-Based Only,2.4912273698298044,8.656917128929232,100,28.40984296714721,Low Risk
2,2008-11-08,16.08920387958732,5.061369802389326,180.7209865462625,0.004778984566231,2159,1095,8,262.2200092635479,3.006947660954145,1357,North,1,Normal,0.14658887157331224,1,0,0,Rule-Based Only,9.43676984557583,22.810556396032947,100,35.42102402179615,Low Risk
2,2008-11-09,69.26234214667546,10.151047299335058,573.0309598712868,-0.0001190174113057,4579,1387,20,202.37169687704736,3.454247652325835,2343,West,1,Normal,0.07100020047033345,1,0,0,Rule-Based Only,27.568111959312127,39.38477054967222,100,48.630248617074116,Low Risk
2,2008-11-10,36.19581901696803,5.281635305468548,133.04672194435062,0.0030296477921175,2723,963,4,205.0591259640103,3.437017994858612,1525,West,1,Normal,0.14059527764961344,1,0,0,Rule-Based Only,10.874444305725342,25.634560430324427,100,36.84586226044378,Low Risk
2,2008-11-11,36.21520169258714,5.778182699384139,203.4882146142413,0.0033574849647336,3440,1127,15,252.04883720930232,3.125581395348837,1944,North,1,Normal,0.1255172028918941,1,0,0,Rule-Based Only,14.49119967209832,32.677760968229954,100,40.41504007810665,Low Risk
2,2008-11-12,36.4585674436297,8.18921621891999,151.38348629915996,-0.0008606235125293,2603,671,14,250.9619669611986,3.311179408374952,1419,North,1,Normal,0.15522528246225348,1,0,0,Rule-Based Only,7.365166810659926,23.852748361069086,100,34.64577049559723,Low Risk
2,2008-11-13,31.4422023488552,5.600583837590087,260.9765825058153,0.0027617537889562,3269,1157,13,239.1755888650964,3.1988375650045886,1999,North,1,Normal,0.12678285715553012,1,0,0,Rule-Based Only,14.187609066299336,33.60228609850395,100,40.49437605777565,Low Risk
2,2008-11-14,59.44627562101711,7.7938824725329745,324.151436293783,-0.0016949519393109,4616,1348,21,244.97140381282492,3.313258232235702,2467,North,1,Normal,0.07504637786041007,1,0,0,Rule-Based Only,26.5975614066718,41.469154479744496,100,48.666069323272026,Low Risk
2,2008-11-15,53.206860564979735,7.566910056112513,543.795217848193,-0.00023615985622,3158,668,31,282.38473717542746,3.046231792273591,1735,North,1,Normal,0.11831217170653657,1,0,0,Rule-Based Only,16.21945978641998,29.16456547318877,100,40.40087126150718,Low Risk
2,2008-11-16,44.98964953550286,7.732825109302039,398.3208585810532,-0.0018891554085024,3446,967,31,180.9094602437609,3.731282646546721,1900,West,1,Normal,0.09521476977086668,1,0,0,Rule-Based Only,21.759799235747888,31.938140864010755,100,43.864434833876636,Low Risk
2,2008-11-17,37.97572644250374,6.725627009968082,438.4217870670566,-0.0039427029614273,2141,718,8,325.3423633815974,3.37739374124241,1130,North,1,Normal,0.13201600243903772,1,0,0,Rule-Based Only,12.932342290450139,18.99478904017482,100,36.214868405268774,Low Risk
2,2008-11-18,16.6861619581072,9.113223720903594,113.25294530332928,0.0037592065576099,1006,239,3,185.4771371769384,3.2604373757455267,467,North,1,Normal,0.18296120235826868,1,0,0,Rule-Based Only,0.7121929570949959,7.850058833417381,100,27.318611186901844,Low Risk
2,2008-11-19,26.699928593092743,6.815960375172316,159.4259767105635,0.0024404070216217,2223,622,6,198.6140350877193,3.2496626180836707,1198,North,1,Normal,0.16842222896924636,1,0,0,Rule-Based Only,4.199634879969116,20.13783829214994,100,32.13427701302204,Low Risk
2,2008-11-20,22.903030024934488,7.847956488091666,67.6009907545234,0.0033020672376468,1708,355,2,226.16334894613584,3.290983606557377,799,North,1,Normal,0.17375739857033223,1,0,0,Rule-Based Only,2.919895682804133,13.430828710707681,100,29.817655019078988,Low Risk
2,2008-11-21,18.821104339429475,8.513255348807936,170.8627554846842,0.0003845952441947,1143,275,8,183.51268591426071,3.3123359580052494,503,West,1,Normal,0.1780462517276819,1,0,0,Rule-Based Only,1.8911348548019526,8.455202555051269,100,28.059368066163795,Low Risk
2,2008-11-22,32.14750995782927,6.11221723849937,81.56303567423683,0.0024179997465459,3683,1598,2,221.08498506652185,3.428998099375509,2057,North,1,Normal,0.10157773017681959,1,0,0,Rule-Based Only,20.233525386862294,34.57723987224743,100,43.761072661493,Low Risk
2,2008-11-23,12.560819523973713,4.601236291051989,427.8282376718285,0.0015107050476498,1758,471,14,216.2104664391354,3.3879408418657566,1062,North,1,Normal,0.14596396955021096,1,0,0,Rule-Based Only,9.58666416443453,17.851739788199698,100,34.25626702926719,Low Risk
2,2008-12-01,35.54200212702224,6.31129519536867,163.0894282004493,0.0019820147830978,2230,684,13,157.73632286995516,3.194170403587444,1099,North,1,Normal,0.1686713757932627,1,0,0,Rule-Based Only,4.139872401850712,18.47369305765675,100,31.68835946533954,Low Risk
2,2008-12-02,22.769882385887243,7.233330681189823,362.020437559216,0.0001705070590977,1743,383,11,197.69133677567413,3.3006310958118186,841,West,1,Normal,0.16339344436020714,1,0,0,Rule-Based Only,5.405881964781122,14.136829719280552,100,31.2371484122107,Low Risk
2,2008-12-03,26.129165598143537,6.427789809172515,114.34329012637716,0.002686637852954,2403,666,4,254.6575114440283,3.1806075738660007,1348,North,1,Normal,0.1594929705433787,1,0,0,Rule-Based Only,6.341482818012692,22.659270465624477,100,33.835559025412465,Low Risk
2,2008-12-04,21.503425398696432,8.233928136058111,63.45180983113861,0.000894387031592,1482,251,2,151.3792172739541,3.421727395411606,667,West,1,Normal,0.17010880433464304,1,0,0,Rule-Based Only,3.7950785555306785,11.211968398050093,100,29.700531377277862,Low Risk
2,2008-12-05,19.045588250871244,8.793516791247374,67.9293977219067,0.002110614166973,1186,206,3,223.27065767284992,3.1315345699831365,547,North,1,Normal,0.1780169390768429,1,0,0,Rule-Based Only,1.898166036761724,9.194822659270466,100,28.24778868319848,Low Risk
2,2008-12-06,50.77681917989886,8.46270079898805,650.3210717458754,-0.0158313376884827,3657,888,30,173.0306261963358,3.012852064533771,2049,North,1,Normal,0.09628873335994265,1,0,0,Rule-Based Only,21.502189186952293,34.44276348966213,100,44.36178546589168,Low Risk
2,2008-12-07,27.635314491722085,7.367905053523398,88.19310181310362,0.0022940102190658,2588,900,3,196.4111282843895,3.595826893353941,1400,West,1,Normal,0.14588353534030124,1,0,0,Rule-Based Only,9.605957798735023,23.53336695242898,100,35.68632063747476,Low Risk
2,2008-12-08,27.753891119428,9.00465026242964,80.86360943847342,0.0012745294662656,979,174,3,191.02042900919307,3.5822267620020427,382,West,1,Normal,0.17281836630302277,1,0,0,Rule-Based Only,3.1451399561322075,6.421247268448478,100,28.177881795178223,Low Risk
2,2008-12-09,22.87222050985908,8.763192762571002,133.17261819114248,0.0012718047000892,1511,359,4,135.9887491727333,3.1508934480476505,628,West,1,Normal,0.17906492866921775,1,0,0,Rule-Based Only,1.6467863319234615,10.556396032946713,100,28.462492174198406,Low Risk
2,2008-12-10,26.823249182982387,5.785411347595905,1252.7174016191766,0.0007401772276998,2448,986,5,208.31127450980392,3.147467320261438,1421,North,1,Normal,0.09171181784147175,1,0,0,Rule-Based Only,22.600047105078787,23.886367456715416,100,42.27161541671825,Low Risk
2,2008-12-11,37.657956568732345,6.930729728749254,230.48395576675517,-0.0038717814684421,3015,689,19,284.4248756218905,3.4938640132669985,1799,West,1,Normal,0.12514787755614692,1,0,0,Rule-Based Only,14.579789191082984,30.24037653387124,100,39.8499887290093,Low Risk
2,2008-12-12,23.89223630162144,8.426377384192426,232.7737818578067,0.0002508861567419,1620,258,6,184.32283950617284,3.130864197530864,741,North,1,Normal,0.1786302797843966,1,0,0,Rule-Based Only,1.7510449134681705,12.455874936964195,100,28.989491190975134,Low Risk
2,2008-12-13,87.03670354395688,10.028076265364172,444.4062670982175,0.0035525407757945,3557,1107,24,184.4742760753444,3.072533033455159,1728,East,1,Normal,0.12483006037737249,1,0,0,Rule-Based Only,14.656023525063155,29.046898638426626,100,39.58973642213823,Low Risk
2,2008-12-14,59.28517891378117,9.431727395360957,481.9129892501267,-0.0054165389413302,3418,980,50,198.4549444119368,3.703920421299005,2064,West,1,Normal,0.08148743656032909,1,0,0,Rule-Based Only,25.052554236168877,34.69490670700958,100,46.20000379483683,Low Risk
2,2008-12-22,26.82097210162272,10.246828790221045,47.19734893082309,0.0019446633656834,763,138,2,147.34338138925295,3.4429882044560944,382,West,1,Normal,0.16722749864307718,1,0,0,Rule-Based Only,4.4862130663737645,6.421247268448478,100,28.848418350299003,Low Risk
2,2008-12-23,12.438175497490672,14.28212062907135,66.23564709982445,0.0093038195463468,144,10,6,456.0625,2.4166666666666665,55,North,1,Normal,0.10941533154888933,1,0,0,Rule-Based Only,18.353531602681517,0.9245251302739956,100,34.407897083909255,Low Risk
2,2008-12-24,22.897230918416103,5.725429631999406,90.88216020621186,0.000116135261469,245,24,6,105.18367346938776,2.5428571428571427,123,North,1,Normal,0.14335119030677412,1,0,0,Rule-Based Only,10.213387635546797,2.0675743822491177,100,30.623587413335677,Low Risk
2,2008-12-25,15.30956500447638,6.9089102783296354,67.34588407176388,0.0110994101431027,35,1,2,148.62857142857143,2.1714285714285717,22,East,1,Normal,0.11122663265077243,1,0,0,Rule-Based Only,17.919057501337832,0.3698100521095983,100,34.05198126369631,Low Risk
2,2008-12-26,9.062436653751028,15.88975120310567,56.14431156144419,0.0002565766554819,374,44,2,197.98128342245988,3.216577540106952,126,North,1,Normal,0.15505777775538582,1,0,0,Rule-Based Only,7.4053459155649595,2.118003025718608,100,29.23217371421213,Low Risk
2,2008-12-27,14.823249280443877,14.347701042999876,69.5338928990702,0.002112996666004,577,35,4,208.6048526863085,4.934142114384748,205,West,1,Normal,0.09390787221331026,1,0,0,Rule-Based Only,22.073282809118023,3.4459573037485294,100,36.89813073049615,Low Risk
2,2008-12-28,1.5126142671661764,5.440215487291287,34.232776535854185,0.0096455218606298,42,1,1,299.8809523809524,3.8333333333333335,27,West,1,Normal,0.10803462038166722,1,0,0,Rule-Based Only,18.68472073681849,0.45385779122541603,100,34.455824816215596,Low Risk
2,2008-12-31,20.90593649572811,10.176468399857727,66.49541962358413,0.0018393724773766,511,149,1,148.43835616438355,3.307240704500978,251,North,1,Normal,0.1697645394555935,1,0,0,Rule-Based Only,3.877656860039927,4.219196503614053,100,27.993627555923478,Low Risk
2,2009-01-01,4.935431963882549,2.6185020481106283,37.570629218749495,0.0061362383746161,557,230,1,134.4847396768402,2.723518850987433,377,East,1,Normal,0.1451437855371725,1,0,0,Rule-Based Only,9.783400483774736,6.337199529332661,100,31.476000124220533,Low Risk
2,2009-01-08,15.73517124708869,10.443118313979197,51.824952452230455,0.0089329903483449,431,54,5,260.1461716937355,3.503480278422274,205,West,1,Normal,0.1616313501028238,1,0,0,Rule-Based Only,5.828552893520444,3.4459573037485294,100,28.775765772697355,Low Risk
2,2009-01-09,53.7069349160797,10.728070685331057,115.61033701858968,0.003757905033349,2471,453,10,161.38162687171186,3.2217725617159045,1045,South,1,Normal,0.1673185969348015,1,0,0,Rule-Based Only,4.46436145462919,17.56597747520592,100,31.623675096116074,Low Risk
2,2009-01-10,5.332461303393295,14.042286699424446,336.984102149637,-0.0053334546080995,260,40,7,152.08846153846153,3.3807692307692307,125,North,1,Normal,0.13848330739671771,1,0,0,Rule-Based Only,11.381039469134393,2.1011934778954444,100,31.21581810404106,Low Risk
2,2009-01-19,19.08618299091348,21.353902646601465,1942.4940927341584,-0.1679664569262386,1184,95,41,220.66385135135133,3.3614864864864864,317,West,1,Normal,0.007999147491790204,1,0,0,Rule-Based Only,42.68008083522186,5.328626659942848,100,47.67219708259664,Low Risk
2,2009-01-20,20.12666818762312,15.95115677427234,407.7027520221365,-0.0321267792074444,1510,127,53,146.2092715231788,3.943046357615894,511,West,1,Normal,0.11026782551607384,1,0,0,Rule-Based Only,18.14904514269519,8.589678937636577,100,36.22194230575674,Low Risk
2,2009-01-21,26.240852225573345,15.694342328457788,231.4475497297032,0.0716055788138566,2283,214,54,190.8528252299606,3.354796320630749,722,West,1,Normal,0.13990188699225858,1,0,0,Rule-Based Only,11.040766891418661,12.136493528324088,100,33.554506827790355,Low Risk
2,2009-01-22,28.09952882987993,23.03439483006772,477.8558449685664,0.0264829153059041,1976,77,81,145.7687246963563,3.664473684210526,487,South,1,Normal,0.10128275515768226,1,0,0,Rule-Based Only,20.30428060598367,8.186249789880652,100,37.198702750462004,Low Risk
2,2009-01-23,35.11481470286446,20.46918719794083,211.07196500345307,0.0333997420268585,2660,214,71,76.46052631578948,2.820676691729324,658,North,1,Normal,0.12962888230313063,1,0,0,Rule-Based Only,13.504937247064136,11.060682467641621,100,34.51763924044247,Low Risk
2,2009-01-24,577.3523253234197,37.484196101290216,598.2179222482042,0.0275602116540605,2442,223,143,2273.992628992629,4.005733005733005,718,West,-1,Anomaly,-0.12039399640244564,1,1,1,Both Methods,73.47755330081232,12.069255337031434,100,64.75609048466401,Medium Risk
2,2009-01-25,7.38065307638647,5.471929475188613,266.54574306092303,0.157600792553859,1168,501,44,2472.369006849315,3.323630136986301,809,North,-1,Anomaly,-0.03135499400843589,1,1,1,Both Methods,52.11990022509955,13.598924188939318,100,54.4596811597846,Medium Risk
2,2009-01-26,8.409307846008618,4.6967840702004064,715.6723341330907,0.0949864876133745,1238,678,42,2379.084814216478,3.118739903069467,883,North,-1,Anomaly,-0.022709073927279166,1,1,1,Both Methods,50.046016234390024,14.842830727853421,100,53.73371579915837,Medium Risk
2,2009-01-27,40.06493435990792,6.2097583756378185,985.7869246074372,0.0365889928091803,3610,1407,128,2156.45567867036,3.2537396121883657,2273,North,-1,Anomaly,-0.08052069261150174,1,1,1,Both Methods,63.913203224415064,38.20810220205077,100,66.50862716272023,Medium Risk
2,2009-01-28,27.76937109984707,12.602642786395316,348.5701580504805,0.0406495807799639,5238,2110,102,2402.2676594119894,2.768423062237495,2788,East,-1,Anomaly,-0.11451578730173084,1,1,1,Both Methods,72.06755602653905,46.86501933098,100,72.75003284601452,Medium Risk
2,2009-01-29,71.64790158511086,40.5202416952803,1212.1468505713124,-0.0568994673049074,4758,278,161,2507.6719209752,3.728877679697352,1023,South-West,-1,Anomaly,-0.1256600800996761,1,1,1,Both Methods,74.7407209649716,17.196167423096316,100,66.66940233825989,Medium Risk
2,2009-01-30,36.79655331901259,49.95542636951713,380.1767713194354,0.0183847284878097,1870,84,131,2732.2930481283424,2.036363636363636,473,North-East,-1,Anomaly,-0.10525140292092061,1,1,1,Both Methods,69.84532192411936,7.950916120356362,100,61.91038999214877,Medium Risk
2,2009-01-31,611.2634969926895,68.83643283027358,2536.983751994352,-0.2366737715564133,4687,213,305,2775.982504800512,2.337102624279923,781,East,-1,Anomaly,-0.23096476870464333,1,1,1,Both Methods,100.0,13.128256849890738,100,78.28206421247269,High Risk
2,2009-02-01,18.7360216107594,18.60340427700765,736.9222714243509,-0.0077755277702775,1636,104,41,153.2872860635697,3.243276283618582,428,West,1,Normal,0.12829633982813293,1,0,0,Rule-Based Only,13.82457222863899,7.194486468314003,100,33.710907731397995,Low Risk
2,2009-02-02,16.645238142408562,18.626307681767987,144.61452908845845,0.0812634707161374,1681,110,59,179.1653777513385,3.415823914336704,498,West,1,Normal,0.14131501250579148,1,0,0,Rule-Based Only,10.701802576242276,8.371154815935451,100,32.443689992105,Low Risk
2,2009-02-03,16.74977819350563,16.07122141443845,69.61067207263018,0.0409162907754532,1808,124,26,147.02267699115043,3.547013274336283,479,West,1,Normal,0.14891783883740045,1,0,0,Rule-Based Only,8.878123931833715,8.051773407295345,100,31.452005317740692,Low Risk
2,2009-02-04,17.848885614578307,16.442629485301527,137.0273533995805,0.0828374809109609,1810,107,51,131.04972375690608,3.503867403314917,528,West,1,Normal,0.13277065435190522,1,0,0,Rule-Based Only,12.751325058511437,8.87544125063036,100,33.59452284191331,Low Risk
2,2009-02-05,23.031649747436585,23.25432247520645,392.1134017362773,0.0346958302310275,1966,122,66,151.71210579857578,3.212614445574771,440,West,1,Normal,0.1262054466646772,1,0,0,Rule-Based Only,14.32611166195222,7.396201042191965,100,34.0121060915241,Low Risk
2,2009-02-06,16.87944637862465,17.834440839755818,196.55573412194727,0.1715109133740964,1371,89,75,164.67833698030634,3.658643326039387,507,West,1,Normal,0.08921323451696755,1,0,0,Rule-Based Only,23.199378570961336,8.522440746343923,100,38.73029947206665,Low Risk
2,2009-02-07,79.76325095081533,18.09126380248348,820.4103826728608,-8.73181575252337e-05,2812,140,197,139.1817211948791,3.4228307254623043,988,South,1,Normal,0.05534421503069559,1,0,0,Rule-Based Only,31.323489901424956,16.607833249285594,100,44.81370326303387,Low Risk
2,2009-02-08,66.23729583941537,23.894650386141723,837.7606951529519,0.0323725439546958,5993,365,167,163.51893876188888,2.640413816118805,1271,North,1,Normal,0.009369294442840626,1,0,0,Rule-Based Only,42.35142572390572,21.36493528324088,100,51.51694668276308,Medium Risk
2,2009-02-09,45.22710236449971,16.19532036552925,766.9610768183792,-0.0412498967940013,1473,80,47,214.5790902919213,3.758316361167685,444,South,1,Normal,0.09457108232849831,1,0,0,Rule-Based Only,21.914199585186452,7.4634392334846185,100,37.82295960096438,Low Risk
2,2009-02-10,25.650193820349976,19.491243458217117,70.66480179179547,0.0551398201355335,1425,77,21,164.42666666666668,3.3810526315789478,289,West,1,Normal,0.14845908268625363,1,0,0,Rule-Based Only,8.988165087497004,4.857959320894268,100,30.708572373972068,Low Risk
2,2009-02-11,16.262726454976374,18.30438910944396,192.4957261751935,0.0655227456880544,1615,148,41,206.03219814241487,3.421052631578948,445,West,1,Normal,0.15262880105614507,1,0,0,Rule-Based Only,7.987980943772148,7.4802487813077825,100,30.86405266721302,Low Risk
2,2009-02-12,15.437807627562783,20.040864351906915,213.83522799133476,0.0618900594238326,1359,79,44,261.168506254599,3.368653421633554,279,West,1,Normal,0.14360865957258273,1,0,0,Rule-Based Only,10.151628865693725,4.689863842662632,100,31.24828039351252,Low Risk
2,2009-02-13,16.966523090468225,18.27226448598084,187.84370247370987,0.0769755733482885,1693,62,97,358.85646780862373,3.503839338452451,366,West,1,Normal,0.10628122993868466,1,0,0,Rule-Based Only,19.105303894542764,6.1522945032778615,100,36.09072557309085,Low Risk
2,2009-02-14,58.772454666904686,16.511847335817343,1577.3542244783291,0.0112522124209426,5970,829,288,216.10485762144052,3.519597989949749,2364,South,-1,Anomaly,-0.05572903305900445,1,1,1,Both Methods,57.966464720423915,39.737771053958646,100,63.91767512370162,Medium Risk
2,2009-02-15,13.273265096942245,16.933698631559324,238.81311210037796,0.0307330768604369,1711,89,65,87.14319111630626,3.255406195207481,582,South,1,Normal,0.14153550278112254,1,0,0,Rule-Based Only,10.64891390183586,9.78315683308119,100,32.770246159188225,Low Risk
2,2009-02-16,22.470549905497247,13.803665693427048,507.9508115248835,0.0228583460890585,2439,300,38,189.44485444854448,3.4317343173431736,896,West,1,Normal,0.13668164390041015,1,0,0,Rule-Based Only,11.813201812362772,15.061354849554547,100,34.67193961857002,Low Risk
2,2009-02-17,16.959193115984835,15.491193431575192,180.3292013122607,0.0796019709771942,1770,178,24,154.08870056497176,3.389830508474576,465,West,1,Normal,0.14884298722334877,1,0,0,Rule-Based Only,8.896078477168789,7.816439737771054,100,31.402149173027155,Low Risk
2,2009-02-18,42.44885573916029,7.805942875910256,185.27514589673729,0.0919877646756902,666,44,35,111.9054054054054,4.498498498498498,346,West,1,Normal,0.07604512070235164,1,0,0,Rule-Based Only,26.357994446614814,5.81610354681459,100,39.63302311001105,Low Risk
2,2009-02-19,21.006325273117668,16.594024288702293,773.5033787495425,-0.0604552740729841,1831,130,36,157.3746586564719,3.460950300382305,425,West,1,Normal,0.09825847220680789,1,0,0,Rule-Based Only,21.02971085936568,7.144057824844512,100,37.30086988589397,Low Risk
2,2009-02-20,14.333230631488147,19.86935775812391,68.39940665223294,0.040832985428398,1342,60,14,320.2645305514158,3.3852459016393444,243,West,1,Normal,0.1433994044632132,1,0,0,Rule-Based Only,10.20182257755112,4.084720121028744,100,31.122091319032744,Low Risk
2,2009-02-21,36.858240207644585,23.5257712327372,882.7143565903025,0.0287342688240824,1806,88,96,208.499446290144,3.737541528239203,497,South,1,Normal,0.07721072392055706,1,0,0,Rule-Based Only,26.07840293627642,8.354345268112288,100,40.127787785166284,Low Risk
2,2009-02-22,11.12453238606335,16.39042684121669,232.74897914971788,0.0555284647822169,1486,148,45,148.85262449528938,3.236877523553163,495,West,1,Normal,0.15438397465376424,1,0,0,Rule-Based Only,7.5669700633972905,8.32072617246596,100,30.863666574815134,Low Risk
2,2009-02-23,15.11970869985072,19.086823694391867,89.61878118912857,0.0333393207011371,1410,124,15,143.1113475177305,3.3453900709219857,307,West,1,Normal,0.15631283614666763,1,0,0,Rule-Based Only,7.104296925908236,5.160531181711212,100,29.84228125838192,Low Risk
2,2009-02-24,43.287976669941415,11.802604128514515,510.39629266053686,0.0511032101573828,817,48,64,140.26193390452875,4.17625458996328,364,West,1,Normal,0.09221499324711657,1,0,0,Rule-Based Only,22.479351168904234,6.118675407631534,100,37.76934443636,Low Risk
2,2009-02-25,44.295011637364006,11.360844318778572,324.77236799953647,0.1109390882273956,871,53,65,148.58668197474168,4.3180252583237655,447,North-West,1,Normal,0.06717922488473616,1,0,0,Rule-Based Only,28.48464369005674,7.51386787695411,100,41.1207888142669,Low Risk
2,2009-02-26,16.96397743715406,17.322763358039552,87.39344951507726,0.0460731682159951,1706,92,21,189.7491207502931,3.4495896834701054,451,West,1,Normal,0.1538541727885353,1,0,0,Rule-Based Only,7.694052848830505,7.581106068246764,100,30.742302941476943,Low Risk
2,2009-02-27,14.577694851266946,17.91296642766977,164.75401186869198,0.0135425419501637,1252,36,24,132.1094249201278,3.3282747603833864,288,West,1,Normal,0.1560306675502139,1,0,0,Rule-Based Only,7.171980287467612,4.841149773071105,100,29.796277587001583,Low Risk
2,2009-02-28,20.35989722105148,22.30360636579793,4017.653900001843,0.0283465172540122,1677,83,53,181.33273703041144,3.413237924865832,442,West,1,Normal,0.008262432268824504,1,0,0,Rule-Based Only,42.616927107340544,7.429820137838291,100,48.16591858812984,Low Risk
2,2009-03-01,17.03549720554516,16.785183645075747,206.3154105905788,0.0503022377154889,1748,80,36,144.07494279176203,3.494851258581236,474,West,1,Normal,0.14975106756592144,1,0,0,Rule-Based Only,8.678258595992244,7.967725668179526,100,31.331060715041005,Low Risk
2,2009-03-02,15.2833382312248,20.073547247854226,164.2650733131031,0.0500438155169178,1418,83,23,174.3286318758815,3.39703808180536,290,West,1,Normal,0.15337487376126657,1,0,0,Rule-Based Only,7.809021593635543,4.874768868717432,100,30.123203013997127,Low Risk
2,2009-03-03,16.172761515813907,21.2332737386841,167.6737529414669,0.0782539100798095,1349,98,42,241.4225352112676,3.2824314306894,364,North,1,Normal,0.1417527101643038,1,0,0,Rule-Based Only,10.596812689886734,6.118675407631534,100,31.82807519685125,Low Risk
2,2009-03-04,16.368480516271767,20.640171580062376,125.00801596777954,0.0750057805268016,1436,105,38,197.02924791086352,3.482590529247911,365,West,1,Normal,0.14454361869815507,1,0,0,Rule-Based Only,9.927361610816112,6.135484955454698,100,31.497552044271732,Low Risk
2,2009-03-05,14.25305082053865,20.039612061293965,68.18691750002093,0.0334939344543814,1308,65,10,168.88837920489297,3.4503058103975537,246,West,1,Normal,0.15254971447801563,1,0,0,Rule-Based Only,8.006951323641852,4.135148764498235,100,30.037262852945485,Low Risk
2,2009-03-06,43.07445640740902,7.174126787324293,94.15315840320577,0.0877005412109524,821,60,30,82.98172959805116,4.317904993909866,377,West,1,Normal,0.08394835671869605,1,0,0,Rule-Based Only,24.46225697793089,6.337199529332661,100,38.81542837129861,Low Risk
2,2009-03-07,37.62768251733116,17.10710992982049,1252.6935007880973,-0.0203010038044583,3416,399,142,165.13524590163934,3.4675058548009368,1218,South,1,Normal,0.03017503162301255,1,0,0,Rule-Based Only,37.360784491064756,20.474029248613213,100,48.79889955768568,Low Risk
2,2009-03-08,16.342654734565293,21.25162806214701,431.27898023049465,0.082849199916918,1404,44,35,114.42592592592592,3.4074074074074074,287,West,1,Normal,0.11613217838434547,1,0,0,Rule-Based Only,16.742371542289565,4.824340225247941,100,34.577270827456765,Low Risk
2,2009-03-09,21.357619004021107,18.625843446247146,786.4076081479959,-0.3224345403306707,1249,75,94,137.24099279423538,4.2033626901521215,503,West,-1,Anomaly,-0.006753341920690659,1,1,1,Both Methods,46.2187385290786,8.455202555051269,100,50.223169903302114,Medium Risk
2,2009-03-10,20.249394936861048,17.627365463130857,481.4077525414658,0.0630219430416676,1873,105,83,561.5371062466631,3.231179925253604,564,North,1,Normal,0.08518222972712158,1,0,0,Rule-Based Only,24.166289694550684,9.480584972264246,100,39.4532910903414,Low Risk
2,2009-03-11,13.153345663232232,21.96263106561821,136.63766427917622,0.0402095134031592,934,47,33,215.33618843683084,3.6423982869379015,169,West,1,Normal,0.1304175950324642,1,0,0,Rule-Based Only,13.31574989773869,2.840813582114641,100,32.36807834439801,Low Risk
2,2009-03-12,11.918206544695272,22.68919354387576,579.1885829340669,0.0477718846153314,537,21,46,616.4841713221601,3.480446927374301,147,West,1,Normal,0.07038780236742453,1,0,0,Rule-Based Only,27.71500698143148,2.4710035300050426,100,39.475254373217005,Low Risk
2,2009-03-14,22.398005424250453,20.89158203911164,219.19943625126,0.0689599291508617,1642,114,69,91.00730816077952,1.902557856272838,368,North,1,Normal,0.08705269597138143,1,0,0,Rule-Based Only,23.71762373850196,6.18591359892419,100,38.40529026898203,Low Risk
2,2009-03-15,27.622347998429227,19.160563147243806,356.6427903782498,0.1060019457110276,1921,95,161,401.9609578344612,3.512233211868818,751,South,1,Normal,0.05545703943116653,1,0,0,Rule-Based Only,31.296426880288774,12.623970415195831,100,43.804206043943346,Low Risk
2,2009-03-17,15.765103184999251,21.020888542820508,152.1057741485629,0.0467607637583955,1236,84,30,208.76375404530745,3.313106796116505,332,North,1,Normal,0.15217458157938413,1,0,0,Rule-Based Only,8.096933894097932,5.580769877290301,100,30.44365941637154,Low Risk
2,2009-03-18,15.384179903526745,21.702596678693496,485.450794123753,-0.0357782970747234,974,34,54,214.6457905544148,3.7217659137577,257,West,1,Normal,0.10082914898830947,1,0,0,Rule-Based Only,20.413086443178436,4.320053790553034,100,36.28655666922747,Low Risk
2,2009-03-19,13.713790549488126,22.90335981937586,138.17658953321612,0.0449967293275348,1151,51,27,205.19461337966985,3.206776715899218,173,North,1,Normal,0.14288946147491716,1,0,0,Rule-Based Only,10.32414184371073,2.908051773407295,100,30.88908386520719,Low Risk
2,2009-03-21,26.60952261459671,25.000541665174254,1544.16502036561,-0.1057862549890679,2056,60,150,214.41877431906616,3.4080739299610894,478,West,1,Normal,0.0035139898504336076,1,0,0,Rule-Based Only,43.75592892783728,8.03496385947218,100,48.88670542878669,Low Risk
2,2009-03-22,30.507660389352264,6.210365604275411,225.8291585187306,0.0704764717685522,2747,597,72,380.42227884965416,3.379322897706589,1546,South,1,Normal,0.09615927602367436,1,0,0,Rule-Based Only,21.533241925659866,25.98756093461086,100,42.263511196482646,Low Risk
3,2008-10-23,2.4192408575003874,11.011578630939963,56.12584069650299,-0.0064114433753771,154,45,0,88.8051948051948,2.772727272727273,73,North,1,Normal,0.1412656073265406,0,0,0,Normal,10.713653323108405,1.2270969910909395,0,5.663600909326937,Normal
3,2008-10-24,13.22943787371425,6.544584722006698,86.38826274261237,0.0033130429642462,1361,251,3,130.42468772961058,2.9213813372520208,537,North,1,Normal,0.18048263151169797,1,0,0,Rule-Based Only,1.3067240596603862,9.02672718103883,100,27.9100438250899,Low Risk
3,2008-10-25,24.07039554578653,8.265350752635051,139.6373820515536,0.0005684626856499,1752,448,6,122.42237442922377,2.834474885844749,664,North,1,Normal,0.17500134489403119,1,0,0,Rule-Based Only,2.6215121282714295,11.161539754580602,100,29.101141002780864,Low Risk
3,2008-10-26,20.984595501702,8.707622688692966,150.3194655317744,-0.0023427953181188,1475,272,3,166.7342372881356,3.017627118644068,558,South,1,Normal,0.18180223719822447,1,0,0,Rule-Based Only,0.9901922062951138,9.379727685325264,100,27.840028024478872,Low Risk
3,2008-10-27,53.92445383791828,10.924527164893234,125.974963737319,0.0002799862047473,1847,293,6,196.0005414185165,2.946399566865187,695,East,1,Normal,0.17173757700826525,1,0,0,Rule-Based Only,3.4043872767977006,11.682635737098671,100,29.622852572673516,Low Risk
3,2008-10-28,22.096304761323445,7.675556546949776,340.697532745344,0.000193313936716,1681,458,19,139.78703152885188,2.956573468173706,774,North,1,Normal,0.16854602237926813,1,0,0,Rule-Based Only,4.169940738826285,13.010590015128592,100,30.337617873195292,Low Risk
3,2008-10-29,31.088288858023,8.68638416466937,207.1035441642016,0.0068892961305786,2052,507,14,152.71393762183237,3.1223196881091617,892,North,1,Normal,0.17409821535692727,1,0,0,Rule-Based Only,2.8381444671035667,14.994116658261895,100,30.167601398117256,Low Risk
3,2008-10-30,7.0720874868000845,8.141193322255573,121.7595317814542,0.0015173286340274,584,128,2,29.24828767123288,3.1455479452054798,233,South,1,Normal,0.1666649755810281,1,0,0,Rule-Based Only,4.621144636621681,3.916624642797109,100,28.289728479010115,Low Risk
3,2008-10-31,40.435429252826985,9.657111814546957,517.0591174248798,0.0027182945807967,2695,856,11,177.0983302411874,2.8448979591836734,1169,North,1,Normal,0.14518247494721553,1,0,0,Rule-Based Only,9.774120112530833,19.650361405278197,100,34.79965040758496,Low Risk
3,2008-11-01,15.34450643015798,8.09782657019074,234.59854541540065,0.0081877592953543,771,170,10,127.3242542153048,2.858625162127108,322,North,1,Normal,0.17583459352249298,1,0,0,Rule-Based Only,2.4216420190607533,5.412674399058665,100,27.563989609295042,Low Risk
3,2008-11-02,26.403847921692773,7.1905665115528095,181.87995942104035,-0.0006610111722636,2485,776,11,112.29818913480884,2.7943661971830984,1034,North,1,Normal,0.15641029577451038,1,0,0,Rule-Based Only,7.08091942993021,17.381072449151116,100,32.885727827252886,Low Risk
3,2008-11-03,9.044711060946726,8.85676018371108,133.55117690343545,-0.0084288554901442,671,134,6,160.1162444113264,2.9046199701937407,257,North,1,Normal,0.17821762015792902,1,0,0,Rule-Based Only,1.8500289643164396,4.320053790553034,100,27.005027929796476,Low Risk
3,2008-11-04,14.971578884116676,6.853199826763289,147.86855779932833,-0.0007909622336712,990,285,6,110.61616161616162,3.087878787878788,454,North,1,Normal,0.17491982131850736,1,0,0,Rule-Based Only,2.6410670670815555,7.631534711716255,100,28.228417211469843,Low Risk
3,2008-11-05,11.26229215642762,9.121817525202353,81.54265696749974,-0.003063722298543,786,152,4,119.73409669211196,2.807888040712468,249,North,1,Normal,0.17504321757539731,1,0,0,Rule-Based Only,2.6114681904697656,4.185577407967726,100,27.352128447226814,Low Risk
3,2008-11-06,47.50895861157151,9.94359512011943,244.55632552173037,0.0011703137057666,3131,975,17,173.44809964867454,2.915681890769722,1405,North,1,Normal,0.15173388905558904,1,0,0,Rule-Based Only,8.20264215433456,23.6174146915448,100,35.00567475005348,Low Risk
3,2008-11-07,65.81948656240313,6.574482855747947,839.0757929437331,-0.0004072530726281,6415,2340,41,150.8871395167576,3.1192517537022604,3416,North,-1,Anomaly,-0.020520365140222596,1,1,1,Both Methods,49.521013912925746,57.42141536392671,100,64.11586079744455,Medium Risk
3,2008-11-08,23.48502762542336,7.860889762226693,107.72645945382584,0.002414261290496,1782,673,3,162.52244668911337,3.016835016835017,822,North,1,Normal,0.17479394982935992,1,0,0,Rule-Based Only,2.671259673973513,13.817448310640442,100,29.78999191464687,Low Risk
3,2008-11-09,16.46666073588306,3.567738207597788,234.341662997398,0.002685004663661,3062,1986,12,159.60646636185498,3.268125408229915,1847,West,1,Normal,0.08859886174392151,1,0,0,Rule-Based Only,23.346747254269538,31.04723482938309,100,44.43518233448054,Low Risk
3,2008-11-10,42.92617902525375,10.65762564170263,120.5744784002944,0.0016184603179353,2827,992,6,157.58012026883625,2.852493809692253,1175,North,1,Normal,0.15859023280637236,1,0,0,Rule-Based Only,6.558021176338149,19.75121869221718,100,33.216815261223374,Low Risk
3,2008-11-11,9.597213930749325,9.29263476601055,97.6044481377767,0.0018898746034889,700,105,4,88.01142857142857,2.875714285714286,230,North,1,Normal,0.17306261444089144,1,0,0,Rule-Based Only,3.086552518574184,3.866195999327618,100,27.509825259118994,Low Risk
3,2008-11-12,15.474237578421569,8.537988522973858,233.24859260594823,0.0085669875915738,1254,260,9,141.96810207336523,2.898724082934609,452,North,1,Normal,0.17935864193271994,1,0,0,Rule-Based Only,1.5763337682496654,7.597915616069928,100,27.687645788142316,Low Risk
3,2008-11-13,18.080893113582174,9.222508972000602,60.50324121584619,0.002709333959699,1382,247,0,153.41316931982635,3.1121562952243127,517,North,1,Normal,0.17671635843985772,0,0,0,Normal,2.210134379789653,8.690536224575558,0,3.277701246038716,Normal
3,2008-11-14,41.78271042070197,9.589540148980488,84.3628977983017,0.0036854806850338,3021,920,6,184.9668983780205,3.0195299569678915,1307,North,1,Normal,0.15662337143583155,1,0,0,Rule-Based Only,7.029809287958519,21.97007900487477,100,34.00742439519795,Low Risk
3,2008-11-15,20.212410492745743,7.788329243306421,454.6831466996731,0.0147610374686722,1520,305,8,110.26118421052632,3.1605263157894736,543,North,1,Normal,0.15523136635517143,1,0,0,Rule-Based Only,7.363707476314326,9.127584467977812,100,30.963749855151615,Low Risk
3,2008-11-16,19.68875158962238,7.973733402369882,151.07291744981697,-0.0018557877637574,1567,373,16,131.73516273133376,3.1474154435226547,658,North,1,Normal,0.17795099526164182,1,0,0,Rule-Based Only,1.9139838816351575,11.060682467641621,100,28.722162557727984,Low Risk
3,2008-11-17,63.02779690048517,24.77816225930315,347.17774044058206,-6.430630165706274e-05,1795,280,12,134.19721448467968,2.824512534818941,553,North,1,Normal,0.13652242592192487,1,0,0,Rule-Based Only,11.851393192055653,9.295679946209447,100,33.24961658258019,Low Risk
3,2008-11-18,36.22967869223184,20.215353401284595,269.1935886644076,0.0020856734359949,1268,264,12,186.15299684542583,3.201104100946372,486,South,1,Normal,0.16934304650345855,1,0,0,Rule-Based Only,3.97875974757814,8.169440242057489,100,29.03173993430344,Low Risk
3,2008-11-19,27.69609514222699,13.063355457799531,98.9514357817121,0.0027452211159307,1208,364,5,168.8816225165563,2.850165562913907,481,North,1,Normal,0.17414385028669926,1,0,0,Rule-Based Only,2.8271980843724136,8.085392502941671,100,28.434947167921624,Low Risk
3,2008-11-20,19.04334372101209,8.150901494615423,204.8365367796016,0.0017333105371937,1479,324,13,134.6605814739689,3.0885733603786343,711,East,1,Normal,0.1754529559195277,1,0,0,Rule-Based Only,2.5131848632708698,11.951588502269288,100,29.24448955720276,Low Risk
3,2008-11-21,32.19426553147614,5.854138503093419,191.15100309940664,0.0027509149455678,3386,1270,14,163.8272297696397,3.186650915534554,1715,North,1,Normal,0.1374387272424511,1,0,0,Rule-Based Only,11.631601357124524,28.828374516725503,100,38.02289430774364,Low Risk
3,2008-11-22,56.36281619624938,5.990649118677433,263.9294490562846,0.0029729351800221,6245,2269,13,159.99663730984787,3.323618895116093,2960,North,1,Normal,0.014960787322954694,1,0,0,Rule-Based Only,41.01020264303225,49.75626155656413,100,57.94416671065716,Medium Risk
3,2008-11-23,12.56646106855738,8.47021855570953,152.4852126754971,-0.0010087058383804,911,223,12,106.04610318331504,2.7288693743139407,416,North,1,Normal,0.17318063971546638,1,0,0,Rule-Based Only,3.058241971501984,6.992771894436039,100,28.27731395936,Low Risk
3,2008-11-30,4.960537757869768,2.660309828380849,262.8396014340716,0.0038963547492657,1174,759,3,126.77172061328793,3.1166950596252128,779,North,1,Normal,0.1505073057829618,1,0,0,Rule-Based Only,8.496860859630925,13.094637754244411,100,32.52208986837657,Low Risk
3,2008-12-01,26.62670155014627,4.816441703473453,124.49902103378555,0.0045239638596475,3721,2077,5,181.66917495296963,3.098898145659769,2178,North,1,Normal,0.08518903151217727,1,0,0,Rule-Based Only,24.164658160485736,36.61119515885023,100,46.23512786995543,Low Risk
3,2008-12-02,28.343300019987424,4.355615700863637,77.46760189539441,0.006395669563053,4476,2500,3,239.64745308310992,3.2147006255585344,2734,North,1,Normal,0.033003957219661595,1,0,0,Rule-Based Only,36.682214315683964,45.957303748529164,100,54.830433094974275,Medium Risk
3,2008-12-03,72.97430185170617,10.09406478689564,192.00340880581663,0.0029094057251175,4979,1967,12,192.68728660373569,2.945772243422374,2316,North,1,Normal,0.0672968794038627,1,0,0,Rule-Based Only,28.456422075542516,38.930912758446794,100,48.96093922738296,Low Risk
3,2008-12-04,46.17069155083536,10.609794083565244,64.06636471591523,0.0006886705372093,3093,1208,3,187.9405108309085,2.6605237633365664,1254,North,1,Normal,0.13431890325122742,1,0,0,Rule-Based Only,12.37994889775604,21.0791729702471,100,36.459767691439794,Low Risk
3,2008-12-05,70.01061218424968,12.119602299103075,358.2980870016496,0.0025807803307359,3931,1344,23,130.95421012465022,3.135080132281862,2008,North,1,Normal,0.10983739871731474,1,0,0,Rule-Based Only,18.252290978735747,33.75357202891242,100,42.56453849659598,Low Risk
3,2008-12-06,18.033225497102794,4.570304589520058,532.4254026555545,0.0010826942280566,2227,988,13,72.40996856757971,3.209250112258644,1335,North,1,Normal,0.12112453441273419,1,0,0,Rule-Based Only,15.544862526937631,22.440746343923347,100,38.38261784944965,Low Risk
3,2008-12-07,10.784495433168606,6.493075937483951,88.3191684639714,2.9218956977782883e-05,884,280,10,171.2658371040724,2.8122171945701355,476,North,1,Normal,0.17533489903816246,1,0,0,Rule-Based Only,2.5415029918168486,8.001344763825854,100,28.271087686864888,Low Risk
3,2008-12-08,33.603221399439995,13.61111647239796,169.30058646563273,-0.0004082105978204,1483,327,8,100.80040458530009,2.97167902899528,670,East,1,Normal,0.17042878425278735,1,0,0,Rule-Based Only,3.718325448474519,11.262397041519582,100,29.674761984617152,Low Risk
3,2008-12-09,63.468729637674485,11.095148621380975,73.18040523648716,0.0025100853126594,4061,1497,3,176.5848313223344,2.788475744890421,1720,North,1,Normal,0.11248035678205864,1,0,0,Rule-Based Only,17.618328558641796,28.91242225584132,100,41.03726984328122,Low Risk
3,2008-12-10,126.9169470758368,22.49282720881596,609.2993482837056,-0.0018329593533421,3416,980,28,128.7842505854801,2.8752927400468384,1310,North,1,Normal,0.08404017960840654,1,0,0,Rule-Based Only,24.440231557945076,22.02050764834426,100,42.725242691058604,Low Risk
3,2008-12-11,120.9669047446818,18.92906927375829,565.4187746003986,-0.0004315663965714,3963,1184,20,187.5278829169821,3.214483976785264,1708,North,1,Normal,0.0931048583200208,1,0,0,Rule-Based Only,22.265900557371317,28.710707681963356,100,43.310627199176494,Low Risk
3,2008-12-12,6.621456268249413,8.335348231742278,65.80109329388343,0.0035128655006811,534,90,1,91.56367041198502,3.00749063670412,208,South,1,Normal,0.17339666274607352,1,0,0,Rule-Based Only,3.0064248484433174,3.4963859472180197,100,27.377308911026162,Low Risk
3,2008-12-13,18.68077677284945,5.371728856540176,223.79436794321748,-0.0042935727712323,1944,813,10,113.49897119341564,3.007716049382716,1043,North,1,Normal,0.15322593679551894,1,0,0,Rule-Based Only,7.844746882094091,17.53235837955959,100,33.305463035936945,Low Risk
3,2008-12-14,132.73617086882342,14.396804956298272,460.75392694983714,0.0007997717484183,6433,2045,17,145.69003575314784,3.011969532100109,2651,North,1,Normal,0.005302384414656247,1,0,0,Rule-Based Only,43.32694938361311,44.56211127920659,100,57.8040025116082,Medium Risk
3,2008-12-15,20.204175649153747,8.406095301317926,104.8024592879862,0.0039786962384822,1446,288,11,96.33886583679114,3.12448132780083,548,North,1,Normal,0.17248667983133054,1,0,0,Rule-Based Only,3.2247010967766427,9.21163220709363,100,28.915258600161728,Low Risk
3,2008-12-16,100.6693691464286,13.577394689618858,298.3492083143591,-0.0016377244989204,5103,1497,25,140.60513423476385,3.242602390750539,2219,North,1,Normal,0.07148519008492205,1,0,0,Rule-Based Only,27.451778221790335,37.300386619599934,100,48.05098576579515,Low Risk
3,2008-12-17,56.76531264013646,13.13210767329837,93.06262970283296,0.0022687693088569,3041,1020,1,176.8467609339033,2.7474514962183494,1113,North,1,Normal,0.14238193557007045,1,0,0,Rule-Based Only,10.4458813276583,18.709026727181037,100,34.900197345624406,Low Risk
3,2008-12-18,58.48070317624519,12.508310776891165,434.40809189802553,-0.00133075762244,3110,951,19,165.53279742765272,2.9639871382636658,1398,North,1,Normal,0.1369429190396108,1,0,0,Rule-Based Only,11.750530133319662,23.49974785678265,100,36.7502020308555,Low Risk
3,2008-12-19,23.63122719297152,5.461513714146176,177.5693008923383,0.0038005604704357,2965,1333,6,131.34974704890388,2.8863406408094434,1442,North,1,Normal,0.13932756519644185,1,0,0,Rule-Based Only,11.178528606387061,24.239367961001847,100,36.64910629344399,Low Risk
3,2008-12-20,4.138502508758946,7.0231226152944295,16.781601899176277,0.0005255698830396,412,59,0,107.36893203883496,2.70873786407767,149,North,1,Normal,0.15227788171350704,0,0,0,Normal,8.072155444565125,2.50462262565137,0,4.662233378695404,Normal
3,2008-12-21,20.42415356472148,4.886426506792567,306.4533881874103,0.002408137047186,2646,1104,15,117.07596371882086,2.875283446712018,1610,North,1,Normal,0.13132392469734783,1,0,0,Rule-Based Only,13.098349949015613,27.063371995293327,100,38.31501797333114,Low Risk
3,2008-12-22,39.072039213789616,4.636547417620903,404.63945481994966,0.0014505525014008,4961,2535,42,146.72344285426323,3.3422697036887725,3011,North,1,Normal,0.0007124860534265531,1,0,0,Rule-Based Only,44.427921476922656,50.613548495545466,100,59.86734786234769,Medium Risk
3,2008-12-23,13.909947892170765,5.501922710993599,288.9065203837905,0.001531888838167,1541,536,8,160.36145360155743,3.5788449059052563,828,North,1,Normal,0.16045795769982762,1,0,0,Rule-Based Only,6.11001278402968,13.918305597579424,100,31.534582791409694,Low Risk
3,2008-12-24,52.49863788904576,7.689115736703023,449.0842577983152,-0.0011738215860983,1819,607,30,166.73391973611874,3.192963166575041,951,North,1,Normal,0.15496043596297177,1,0,0,Rule-Based Only,7.428695146533963,15.985879979828542,100,32.710817568224115,Low Risk
3,2008-12-25,10.806340608544838,4.932363292207646,109.30287291667968,0.0012662501825028,1209,379,9,527.2481389578164,3.2688172043010755,783,North,1,Normal,0.1390659830115329,1,0,0,Rule-Based Only,11.24127393602755,13.161875945537066,100,33.911105954398046,Low Risk
3,2008-12-26,50.65446560339437,9.76846968634816,354.774912112121,0.0046284067274054,3283,1425,9,186.5397502284496,2.9753274444106,1573,North,1,Normal,0.12902397841009344,1,0,0,Rule-Based Only,13.650034644207768,26.441418725836275,100,38.435372003562954,Low Risk
3,2008-12-28,14.71894853453038,6.29778225504681,292.9907725396551,-6.853140417887308e-05,1250,412,10,417.3168,2.9024,790,North,1,Normal,0.15180640400777495,1,0,0,Rule-Based Only,8.185248100605891,13.279542780299211,100,32.41250974537775,Low Risk
3,2008-12-29,81.38922185116692,7.9913560351421,797.558884028849,-0.0016614368074947,2809,769,24,145.54538981844073,2.9419722321110715,1287,North,1,Normal,0.12881432107705665,1,0,0,Rule-Based Only,13.700324836857996,21.6338880484115,100,37.25863443053187,Low Risk
3,2008-12-30,44.40958467551372,10.015673607758982,324.4209632839019,-0.0044265767958054,1997,751,12,140.71657486229344,2.9924887330996497,829,South,1,Normal,0.16239264823317567,1,0,0,Rule-Based Only,5.645941443278749,13.935115145402587,100,31.306749507990023,Low Risk
3,2008-12-31,4.472629501630376,15.34547986382,353.2469517084318,0.0205612987832923,123,12,8,120.1951219512195,2.6504065040650406,67,North,1,Normal,0.11893313210286083,1,0,0,Rule-Based Only,16.070510939713866,1.1262397041519583,100,33.31681539589493,Low Risk
3,2009-01-01,51.98915920501511,8.982442904626936,542.2165479140442,0.0011746045095418,2953,876,25,165.135116830342,3.1940399593633595,1290,North,1,Normal,0.13883397366374373,1,0,0,Rule-Based Only,11.29692567321207,21.68431669188099,100,36.06954200957628,Low Risk
3,2009-01-02,40.84450060473153,8.725042872572446,138.50824643205974,0.0019474880159687,3309,1159,7,161.8706557872469,2.710486551828347,1359,North,1,Normal,0.14080122098751247,1,0,0,Rule-Based Only,10.825044983564949,22.844175491679273,100,36.12356636470229,Low Risk
3,2009-01-03,44.70724008729924,5.908587521315619,425.4417806703286,0.002091940134376,5025,1349,18,179.62049751243782,3.0392039800995025,2351,North,1,Normal,0.08473862973758861,1,0,0,Rule-Based Only,24.27269536426956,39.51924693225752,100,47.01615941519916,Low Risk
3,2009-01-04,8.05457198227071,6.990410335492903,160.53390922546893,0.005756276868056,741,279,5,290.6747638326586,2.58974358974359,341,North,1,Normal,0.16376705663206664,1,0,0,Rule-Based Only,5.316264144807198,5.732055807698773,100,29.091146024328292,Low Risk
3,2009-01-05,2.800528903533409,5.477519515290413,39.30520080343392,-0.0017555822262053,321,102,1,49.29906542056074,3.283489096573209,195,North,1,Normal,0.14502102100990621,1,0,0,Rule-Based Only,9.812847828341274,3.2778618255168936,100,30.72588937054986,Low Risk
3,2009-01-06,14.28241222928735,12.774651141511992,117.41677502847853,0.0079486057117335,624,58,9,328.14903846153845,2.7243589743589745,206,North,1,Normal,0.16367910961220034,1,0,0,Rule-Based Only,5.337359865658106,3.462766851571693,100,28.534371645721976,Low Risk
3,2009-01-07,24.074529629958764,11.868511573027504,206.8257248482948,-0.0024140125963745,945,183,13,40.73756613756614,3.394708994708995,391,South,1,Normal,0.16207255472989712,1,0,0,Rule-Based Only,5.722721795832124,6.57253319885695,100,29.504494197630297,Low Risk
3,2009-01-08,29.06812309085848,3.299934120038102,471.7015570432524,0.0057158986493318,2949,1580,6,148.4398101051204,3.623262122753476,1888,North-West,1,Normal,0.08916733746196426,1,0,0,Rule-Based Only,23.21038782928186,31.736426290132798,100,44.53930048717413,Low Risk
3,2009-01-09,45.51956181160392,9.016611588169312,631.3331298855769,-0.020649324931794,1967,495,27,226.799186578546,3.0620233858668024,1065,South,1,Normal,0.13394812336239698,1,0,0,Rule-Based Only,12.468887318225413,17.90216843166919,100,35.709985767030005,Low Risk
3,2009-01-10,12.939204370928358,11.115479608195429,112.2579675527438,0.0077603703605667,76,2,4,441.64473684210526,4.407894736842105,35,South-East,1,Normal,0.06546461693170946,1,0,0,Rule-Based Only,28.89592414959686,0.5883341738107245,100,39.595045618251106,Low Risk
3,2009-01-11,32.87177789658298,15.202064249438113,389.6355236119013,0.0032310273086277,1060,236,13,209.972641509434,2.6150943396226416,407,North,1,Normal,0.1576419089526664,1,0,0,Rule-Based Only,6.785494208675689,6.841485964027568,100,30.103118595344736,Low Risk
3,2009-01-12,33.220523333567584,5.1582344558996285,72.77028600035108,0.0036396269141591,2545,978,7,132.02475442043223,3.000785854616896,1486,North,1,Normal,0.14683878574116987,1,0,0,Rule-Based Only,9.376823305831492,24.978988065221046,100,35.93315866922101,Low Risk
3,2009-01-13,74.13933868510132,5.592598639431131,465.3937869520303,0.0015383046576802,3497,1684,30,234.86302545038603,3.1289676865885045,2150,North,1,Normal,0.09079924549546847,1,0,0,Rule-Based Only,22.818944476437235,36.14052781980165,100,45.44460419316903,Low Risk
3,2009-01-14,16.97881696209566,9.558503664921528,314.8228257594948,0.011970427487494,598,92,13,288.2792642140468,2.5150501672240804,262,North,1,Normal,0.14752489033875565,1,0,0,Rule-Based Only,9.212248416458355,4.404101529668852,100,30.707149590646388,Low Risk
3,2009-01-15,9.64075373044001,6.465659340067378,164.51918691627114,-0.0013349714079458,875,215,10,224.2091428571429,3.2765714285714287,467,North,1,Normal,0.1754266040371174,1,0,0,Rule-Based Only,2.519505850111226,7.850058833417381,100,28.222267633409956,Low Risk
3,2009-01-16,14.234964607694764,9.688932689084172,498.0395890964021,-0.0145392298628604,792,158,10,144.00631313131314,2.95959595959596,289,North,1,Normal,0.15076467995278758,1,0,0,Rule-Based Only,8.435124900309813,4.857959320894268,100,30.432052280378475,Low Risk
3,2009-01-17,143.38526358682978,23.402810825122828,797.8733827601595,0.0005035660519088,3979,990,15,178.67378738376476,3.0804222166373463,1331,North,1,Normal,0.07087709612266418,1,0,0,Rule-Based Only,27.597640816093303,22.373508152630695,100,44.39219744620433,Low Risk
3,2009-01-18,51.42311387225337,24.471679709820503,118.39935547912754,0.0013131435677189,1096,216,4,82.26733576642336,4.091240875912408,336,West,1,Normal,0.11025666341175117,1,0,0,Rule-Based Only,18.15172258005757,5.648008068582955,100,35.48786330717452,Low Risk
3,2009-01-19,40.82570369185042,9.188985046444936,322.0399174830841,0.0051922696380558,2764,662,15,193.5611432706223,3.0047033285094065,1150,South,1,Normal,0.16125872020774545,1,0,0,Rule-Based Only,5.917935072236973,19.33097999663809,100,32.79171253527801,Low Risk
3,2009-01-20,1327.953667427524,87.04603283505854,306.45609375466006,-5.26810267286804e-06,9724,920,2461,157.74043603455368,3.352221308103661,1614,South-East,-1,Anomaly,-0.21906398298034824,1,1,1,Both Methods,97.1453762284629,27.13061018658598,100,80.35534066087794,High Risk
3,2009-01-21,66.58182164585465,21.423383550625356,544.3642635607604,-0.005399562314831,2109,438,4,112.5936462778568,2.934566145092461,745,East,1,Normal,0.12793397555978853,1,0,0,Rule-Based Only,13.911492006739007,12.523113128256849,100,35.08652428543372,Low Risk
3,2009-01-22,8.551903695488166,3.848492646569338,87.57392626245786,0.0034665248468921,1416,480,4,73.30861581920904,3.310734463276836,870,North,1,Normal,0.15130758303135816,1,0,0,Rule-Based Only,8.304899546317898,14.624306606152295,100,32.80852642469702,Low Risk
3,2009-01-23,59.107433777141175,19.5179813583505,79.62014600937736,0.0022511465763294,2091,720,4,78.15112386417982,3.876135820181731,861,West,1,Normal,0.12193993900236633,1,0,0,Rule-Based Only,15.349272640781416,14.473020675743822,100,36.292891489326664,Low Risk
3,2009-01-25,18.47282074234101,1.9789202248983828,598.3228601146877,0.0043625068939514,5442,4317,19,72.70268283719221,2.838662256523337,3629,North,-1,Anomaly,-0.07416077338673133,1,1,1,Both Methods,62.38765885913653,61.001849050260546,100,71.4442916921334,Medium Risk
3,2009-01-26,6.666351256335821,2.952440347521794,72.60426117256947,0.0049354638749494,1435,1070,1,152.14355400696863,3.0264808362369338,997,North,1,Normal,0.14096523386262333,1,0,0,Rule-Based Only,10.785703459149984,16.759119179694064,100,34.58263152449851,Low Risk
3,2009-01-27,22.941466371745783,10.14351919851008,191.5780357424884,0.0057661907040814,1404,652,6,60.09330484330484,3.158831908831909,784,North,1,Normal,0.16469749621530316,1,0,0,Rule-Based Only,5.09308098582772,13.178685493360229,100,30.841211866253918,Low Risk
3,2009-01-28,56.82066606832171,13.713863206695557,134.90940079991984,0.0021160438578765,2893,1141,8,64.44797787763567,2.8873142067058417,1508,East,1,Normal,0.1285292568676965,1,0,0,Rule-Based Only,13.76870276477856,25.348798117330645,100,38.22155091172194,Low Risk
3,2009-01-29,91.48921272174238,37.81359864794182,107.9465515184416,0.0020961619063023,1740,357,2,42.91551724137931,4.560919540229885,392,West,1,Normal,0.035152486539922034,1,0,0,Rule-Based Only,36.166849783160785,6.589342746680114,100,44.73076057825042,Low Risk
3,2009-01-30,54.245385631162925,15.501195318099898,331.5497162873362,0.0022905308844573,2343,801,17,29.89799402475459,3.106274007682458,979,South,1,Normal,0.13957662568041584,1,0,0,Rule-Based Only,11.118786838526198,16.45654731887712,100,34.67353024898238,Low Risk
3,2009-01-31,10.245707467828677,9.138880746768018,60.58795196250695,0.0014373698682145,756,279,2,109.1031746031746,3.3174603174603177,414,North,1,Normal,0.16690919436544127,1,0,0,Rule-Based Only,4.56256424003337,6.959152798789712,100,29.021070319714113,Low Risk
3,2009-02-01,3.2297816063774247,2.464762888273053,20.717981027033492,0.0029462231359409,920,403,0,51.62934782608696,3.257608695652174,508,North,1,Normal,0.1298240966340412,0,0,0,Normal,13.45811147585271,8.539250294167088,0,8.863868311468128,Normal
3,2009-02-02,52.000452672480016,30.77825755331098,197.5689206332001,0.0017568962022268,1206,379,3,54.50995024875622,2.713101160862355,389,East,1,Normal,0.11522432992114445,1,0,0,Rule-Based Only,16.960135802906112,6.538914103210623,100,35.11479642725571,Low Risk
3,2009-02-03,5.16744253246615,4.147463652186754,108.95439389697856,0.0024085611852777,848,167,2,109.69693396226415,3.0224056603773586,418,North,1,Normal,0.16465680656028026,1,0,0,Rule-Based Only,5.102841152859962,7.0263909900823665,100,29.30801832395057,Low Risk
3,2009-02-04,1270.1709247591195,89.09119106670882,306.2049050207626,0.0011766094017825,6831,452,2054,129.55174937783633,3.31781583955497,847,North,-1,Anomaly,-0.18300951206207472,1,1,1,Both Methods,88.49704391344734,14.237687006219533,100,72.80794370827854,Medium Risk
3,2009-02-05,24.00417454537323,16.592758520010904,167.42486105573732,0.003685761111036,955,251,10,131.47120418848166,2.758115183246073,346,North,1,Normal,0.16991792740406958,1,0,0,Rule-Based Only,3.840863920974295,5.81610354681459,100,28.374457847190794,Low Risk
3,2009-02-06,8.080874442810426,10.618857407156266,96.56989567788573,0.0037717978249699,522,83,4,147.51532567049807,2.7337164750957856,165,South,1,Normal,0.1735152011893264,1,0,0,Rule-Based Only,2.9779912083635804,2.773575390821987,100,27.18238945188729,Low Risk
3,2009-02-07,9.096245124814311,7.399602197856653,116.10097627070654,0.0079768556732213,773,212,6,114.97800776196635,3.142302716688228,354,North,1,Normal,0.17391552476459865,1,0,0,Rule-Based Only,2.8819661877680107,5.950579929399899,100,27.928628076233977,Low Risk
3,2009-02-08,5.943992848289295,8.327948934044281,39.212151726902285,0.0037291186288826,503,127,0,145.48508946322067,3.039761431411531,205,South,1,Normal,0.17277289475137092,0,0,0,Normal,3.1560471495966755,3.4459573037485294,0,2.43951290073547,Normal
3,2009-02-09,2.7914881903250435,7.836543721712347,22.54505218097715,0.0076748053501901,251,63,0,44.31075697211156,3.3705179282868527,79,North,1,Normal,0.13798462213705848,0,0,0,Normal,11.500658360669618,1.3279542780299212,0,6.082317749842289,Normal
3,2009-02-10,26.425434670099108,9.630901969723777,71.42095562065917,0.0027987262947228,1890,580,3,208.3613756613757,2.894179894179894,958,North,1,Normal,0.17280959812100882,1,0,0,Rule-Based Only,3.147243166910895,16.10354681459069,100,30.59950828710312,Low Risk
3,2009-02-11,24.666404151215552,8.16525752948111,69.63128576011795,0.0044005420787231,1956,779,9,226.12167689161555,2.581799591002045,873,North,1,Normal,0.15656496383663032,1,0,0,Rule-Based Only,7.043819431908751,14.674735249621785,100,32.19059352835982,Low Risk
3,2009-02-12,22.47272803350121,12.391093475557536,144.74479826101506,0.0046392500459127,1216,291,16,235.62006578947367,2.7615131578947367,496,North,1,Normal,0.1753051276729264,1,0,0,Rule-Based Only,2.5486442049167968,8.337535720289125,100,28.35870603253068,Low Risk
3,2009-02-13,23.683158117687785,10.603073029892904,396.5445027575872,0.001272551128727,1469,445,10,190.75357385976852,2.845473110959837,700,North,1,Normal,0.16261687870941932,1,0,0,Rule-Based Only,5.592155612442264,11.76668347621449,100,30.737748675274755,Low Risk
3,2009-02-14,86.55562277053804,5.168052118054328,226.1240306130219,0.0022759032957497,8467,3384,53,204.2497933152238,2.759300814928546,4939,North,-1,Anomaly,-0.1024601630205404,1,1,1,Both Methods,69.17579136065228,83.02235669860481,100,80.34348485497735,High Risk
3,2009-02-16,41.87423635455364,9.295294841474403,229.4559808205944,0.0027420453793349,2642,1127,6,231.8542770628312,2.350870552611658,1309,North,1,Normal,0.12242016463275368,1,0,0,Rule-Based Only,15.23408163306446,22.003698100521095,100,38.117965341662504,Low Risk
3,2009-02-17,11.419689011713317,5.896727017226153,92.73906879039168,0.0039397212489196,1349,502,4,153.01927353595255,3.2483320978502594,673,North,1,Normal,0.17292446775527726,1,0,0,Rule-Based Only,3.119689558585604,11.312825684989074,100,29.388051200540072,Low Risk
3,2009-02-18,12.911301504978796,9.267605180913788,111.73588247965505,0.0013510506261978,973,121,4,226.46043165467623,2.988694758478931,319,South,1,Normal,0.18227564123266077,1,0,0,Rule-Based Only,0.8766374846531129,5.362245755589175,100,26.77888018122385,Low Risk
3,2009-02-19,89.14082340712476,28.70323554036945,132.67313395065366,0.0061070501766083,1987,326,20,138.77151484650227,3.5042778057372925,524,North-West,1,Normal,0.12365339777925238,1,0,0,Rule-Based Only,14.938267832412972,8.808203059337703,100,34.67118468104091,Low Risk
3,2009-02-20,35.654382298424494,7.637912092433852,167.51224724552296,-0.0003269658233209,2276,840,11,189.2218804920914,3.036906854130053,1109,South,1,Normal,0.16493419736468634,1,0,0,Rule-Based Only,5.036303833173003,18.641788535888384,100,32.178599050558596,Low Risk
3,2009-02-21,91.23741619676755,7.265171660367416,392.7683939182473,0.006462098548264,8500,3257,25,223.2678823529412,2.743294117647059,4428,North,-1,Anomaly,-0.08881021009284895,1,1,1,Both Methods,65.90159745358918,74.43267776096822,100,76.55896816703664,High Risk
3,2009-02-22,17.616372337084446,8.815342827999947,326.8077077434063,0.0030070901523981,1241,286,9,171.04512489927478,3.1418211120064465,472,North,1,Normal,0.17317562320791086,1,0,0,Rule-Based Only,3.0594452737082287,7.934106572533199,100,28.513249279987413,Low Risk
3,2009-02-23,13.16788032346966,11.810394900224065,280.60998773044645,-0.0093903966949303,583,135,16,148.24699828473413,3.451114922813036,251,South,1,Normal,0.15530843767892039,1,0,0,Rule-Based Only,7.345220492515564,4.219196503614053,100,29.727409372161297,Low Risk
3,2009-02-24,22.607206314030016,8.29502003921767,93.51742358547844,0.0014302307824366,1888,434,2,197.60752118644064,3.4110169491525424,843,South,1,Normal,0.17013542192939524,1,0,0,Rule-Based Only,3.7886938326660657,14.170448814926878,100,30.43695912006475,Low Risk
3,2009-02-25,20.10995284637296,8.955820885485728,99.21930012353997,0.0005475969940998,1474,305,10,227.78833107191315,2.9952510176390774,567,North,1,Normal,0.17609313034249685,1,0,0,Rule-Based Only,2.3596271765706467,9.531013615733738,100,28.56256699221876,Low Risk
3,2009-02-26,19.779128513397247,10.34949136461887,68.1556877445919,0.0008190288930691,1336,239,1,226.00973053892216,3.032185628742515,493,North,1,Normal,0.1784607653812822,1,0,0,Rule-Based Only,1.7917060812228724,8.287107076819634,100,27.967629809816344,Low Risk
3,2009-02-27,42.4679913211024,6.550069050380363,270.94207139977806,0.0025644070197906,4308,2181,14,157.93686165273908,2.663649025069638,2281,North,1,Normal,0.05943451318050014,1,0,0,Rule-Based Only,30.342356167769914,38.34257858463607,100,49.75682273004397,Low Risk
3,2009-02-28,33.58418606136461,9.570186281046889,69.67146354874119,0.0019586496948265,2475,881,5,184.8476767676768,2.96,1023,South,1,Normal,0.16321171393956047,1,0,0,Rule-Based Only,5.44947337049229,17.196167423096316,100,32.02377854102023,Low Risk
3,2009-03-01,7.688389222391554,6.902975093594511,86.60249282985794,0.0048716741481089,692,178,6,123.80346820809248,3.508670520231214,311,North,1,Normal,0.16509025604683186,1,0,0,Rule-Based Only,4.99887026919429,5.227769373003866,100,28.806377477848113,Low Risk
3,2009-03-02,10.08838701763582,7.640902358003382,106.03801473871042,0.0024812373309495,785,200,7,98.30573248407644,3.267515923566879,346,North,1,Normal,0.17299924905780262,1,0,0,Rule-Based Only,3.1017518787717737,5.81610354681459,100,28.004901826089533,Low Risk
3,2009-03-03,65.33387860530385,19.64686363943572,514.140320593669,-1.0618422320334142e-05,2231,494,14,163.5356342447333,3.2528014343343794,758,South,1,Normal,0.14166969006619895,1,0,0,Rule-Based Only,10.616726597342579,12.741637249957977,100,33.493772611160786,Low Risk
3,2009-03-04,69.29543274752673,19.30090855544604,445.9433790038067,0.0020251470773986,2367,458,19,142.56696239966203,2.866075200675961,906,North,1,Normal,0.1450563936723761,1,0,0,Rule-Based Only,9.804363040404713,15.229450327786182,100,33.7095441021489,Low Risk
3,2009-03-05,6.199514288942988,6.719921709930812,53.78992829543101,0.0006131910655881,589,100,1,282.6553480475382,3.409168081494058,233,North,1,Normal,0.16249246761956843,1,0,0,Rule-Based Only,5.621997915527023,3.916624642797109,100,28.79015511846279,Low Risk
3,2009-03-06,40.87310187683494,13.699445799505654,94.2738232442983,0.0043083446007576,2067,596,7,183.6821480406386,2.801161103047896,832,North,1,Normal,0.16818744659752682,1,0,0,Rule-Based Only,4.25595177827947,13.985543788872079,100,30.624361836357753,Low Risk
3,2009-03-07,5.8367574456264855,8.488471566033688,291.3321709734303,0.0017314520136024,406,74,6,189.04926108374383,3.2413793103448274,156,East,1,Normal,0.16571950685078096,1,0,0,Rule-Based Only,4.847932814741607,2.6222894604135147,100,28.07953877247418,Low Risk
3,2009-03-08,10.744927197955738,8.403469600631206,70.81493854239453,0.0027619973123486,881,151,0,134.7400681044268,3.1645856980703746,349,North,1,Normal,0.1780458050101968,0,0,0,Normal,1.8912420082607,5.866532190284081,0,2.41225405170137,Normal
3,2009-03-09,39.04773106123172,6.384288912982924,304.67857151935385,0.0068946695499372,3609,1269,37,402.7206982543641,3.15267387087836,1950,North,1,Normal,0.10014173802344872,1,0,0,Rule-Based Only,20.577974688926847,32.77861825516894,100,43.483641908255656,Low Risk
3,2009-03-10,28.737352178824526,7.448951842691463,255.64238962898224,0.0016803833905764,2586,821,14,218.0355761794277,2.9613302397525136,1193,North,1,Normal,0.16214684721644373,1,0,0,Rule-Based Only,5.704901367580096,20.053790553034123,100,32.86589832204858,Low Risk
3,2009-03-11,60.25293259224564,21.02642400748048,97.68966343888349,0.0022669382950163,1997,363,6,111.96644967451176,3.373059589384076,685,South,1,Normal,0.15071878183435194,1,0,0,Rule-Based Only,8.446134413714269,11.514540258867036,100,32.10170227157389,Low Risk
3,2009-03-12,52.89891310067807,18.12465486216458,222.2379608690229,0.0024808837706861,2054,196,13,161.26436222005842,2.7268743914313536,619,North,1,Normal,0.1583638146993624,1,0,0,Rule-Based Only,6.612331750912867,10.405110102538242,100,30.907443401090994,Low Risk
3,2009-03-13,23.210796859882173,4.078027976896407,85.59107787593854,0.0029543839681631,3465,1466,6,260.7209235209235,3.248196248196248,1926,North,1,Normal,0.10913624446033837,1,0,0,Rule-Based Only,18.420475807523403,32.37518910741301,100,42.30403518061495,Low Risk
3,2009-03-14,19.82810841499713,7.802757951162284,81.68899964111895,-0.0003397378374264,1588,331,5,163.9439546599496,2.950251889168766,642,North,1,Normal,0.1789889943453612,1,0,0,Rule-Based Only,1.665000585249105,10.791729702471004,100,28.530432718242302,Low Risk
3,2009-03-15,15.10304148280168,9.12301638519356,236.523480228904,0.0004088863623343,1139,214,4,110.10008779631256,3.2554872695346795,320,West,1,Normal,0.17528818217121872,1,0,0,Rule-Based Only,2.552708897208212,5.379055303412338,100,27.621118274457192,Low Risk
3,2009-03-16,22.58720654746654,6.591659163946397,200.0792718823629,0.0065785857538279,2181,778,14,311.6153140761119,3.012838147638698,1060,South,1,Normal,0.155144081797301,1,0,0,Rule-Based Only,7.384644293391572,17.81812069255337,100,33.14685231983413,Low Risk
3,2009-03-19,24.254418887583657,10.360020882670156,117.92245012684371,0.0045599309597267,1568,302,7,189.0299744897959,2.410076530612245,561,North,1,Normal,0.16475365165159928,1,0,0,Rule-Based Only,5.079611064843875,9.430156328794755,100,29.897344614620625,Low Risk
3,2009-03-20,1141.1007072727232,85.3103867849266,147.11618105421303,0.0010073551218408,4679,349,1940,123.7223765761915,3.1906390254327848,723,South-East,-1,Anomaly,-0.16552520093050815,1,1,1,Both Methods,84.30310820689742,12.153303076147251,100,70.18987987248553,Medium Risk
3,2009-03-21,186.8352448321163,101.005397413314,784.4388552835508,-0.0045126676125306,1262,89,782,47.3256735340729,2.629160063391442,163,South-East,-1,Anomaly,-0.1117910454599762,1,1,1,Both Methods,71.41397625349131,2.7399562951756598,100,61.39197720053957,Medium Risk
3,2009-03-22,1205.7403428755747,106.92177301581076,143.66783807438645,0.0012946147831726,8037,351,4566,119.36891875077764,3.919621749408984,670,North-West,-1,Anomaly,-0.21825651975780713,1,1,1,Both Methods,96.95169122621954,11.262397041519582,100,76.29144487348967,High Risk
3,2009-03-23,196.898618313672,8.364968707410544,61.938637920226,-0.0017481340921929,490,70,2,75.48979591836735,2.7816326530612243,206,South,1,Normal,0.12125909120018247,1,0,0,Rule-Based Only,15.512586590459975,3.462766851571693,100,33.62198500812291,Low Risk
3,2009-03-24,26.1045890246246,6.309252306200228,112.71415952557382,0.0057736919106874,2751,924,5,136.0021810250818,3.0708833151581243,1297,North,1,Normal,0.15973470493135822,1,0,0,Rule-Based Only,6.28349834990185,21.801983526643134,100,33.59224505661171,Low Risk
3,2009-03-25,38.994201337174125,9.700395213007573,178.0171154125946,0.0015262333159109,2854,966,4,160.7550805886475,2.6268395234758235,1112,North,1,Normal,0.15326071255147905,1,0,0,Rule-Based Only,7.836405273234244,18.692217179357876,100,33.59125693145659,Low Risk
3,2009-03-26,14.9871042349686,6.656539270277538,129.32598621849286,0.0039326415255229,1421,436,7,80.7466572836031,2.728360309641098,551,South,1,Normal,0.17009263669797936,1,0,0,Rule-Based Only,3.798956662490918,9.26206085056312,100,29.214993543886237,Low Risk
3,2009-03-30,21.203257037156373,10.076821013963132,470.2299622901819,0.0011783167422122,1328,312,24,134.9359939759036,3.2379518072289155,584,North,1,Normal,0.16034428787177046,1,0,0,Rule-Based Only,6.137278596623555,9.816775928727516,100,30.522833280493657,Low Risk
3,2009-03-31,13.4949915123926,6.177407097750808,65.3275735978857,0.0046819886378658,1450,582,4,142.6793103448276,2.9827586206896552,659,North,1,Normal,0.17321631144855776,1,0,0,Rule-Based Only,3.0496854459402556,11.077492015464783,100,29.294215726836324,Low Risk
3,2009-04-01,11.32873670103358,7.453826127141461,125.32529965382258,0.0008286113953978,718,185,5,152.90389972144845,3.0376044568245124,313,South,1,Normal,0.18239749150498197,1,0,0,Rule-Based Only,0.8474094410604726,5.2613884686501935,100,26.739051837692784,Low Risk
3,2009-04-02,13.55111554617668,8.029562217364322,207.198747933094,3.9184222284092665e-05,1007,288,12,140.8679245283019,3.176762661370407,474,North,1,Normal,0.17895624951132028,1,0,0,Rule-Based Only,1.6728550398888036,7.967725668179526,100,27.828358936989282,Low Risk
3,2009-04-03,111.2633744995471,8.83865459407636,752.4807857965533,0.0030183486911064,8488,4209,18,148.39738454288408,2.9204759660697457,4404,North,-1,Anomaly,-0.1152165822836726,1,1,1,Both Methods,72.2356546765585,74.0292486132123,100,79.62513949158233,High Risk
3,2009-04-04,57.559954954565896,5.867904675739472,130.5824655897,0.0030066372870676,5698,2584,6,153.24008424008423,3.004387504387505,2827,North,1,Normal,0.029116211303038486,1,0,0,Rule-Based Only,37.6147621464236,47.52059169608337,100,55.68752899723265,Medium Risk
3,2009-04-05,45.51705023700766,6.897079861303125,221.0121555031004,0.0030845232477611,4004,1244,25,170.86788211788212,3.105144855144855,1802,North,1,Normal,0.1316736657936704,1,0,0,Rule-Based Only,13.014458072413909,30.29080517734073,100,39.07993033054214,Low Risk
3,2009-04-06,88.55723794317056,27.79001352167936,236.0716509976245,-0.0008594578537022,2238,523,11,138.9490616621984,2.966041108132261,723,North,1,Normal,0.13574817212184348,1,0,0,Rule-Based Only,12.037112299526282,12.153303076147251,100,34.05688191879995,Low Risk
3,2009-04-09,1.7533217206256364,9.19854826827575,28.024409675425563,0.0026751397498453,133,15,0,83.32330827067669,2.556390977443609,41,North,1,Normal,0.13256219577549017,0,0,0,Normal,12.80132770719373,0.6891914607497058,0,6.572961718784291,Normal
3,2009-04-10,81.62663412868808,31.018450598341,84.27376268525153,0.000934162200093,1886,239,1,174.6251325556734,3.044538706256628,413,North,1,Normal,0.1286695925178018,1,0,0,Rule-Based Only,13.735040661110324,6.942343250966548,100,33.6031061432968,Low Risk
3,2009-04-11,84.79354915314194,27.05653560270116,105.8423461389553,0.0003847178362758,2239,393,2,160.44216167932112,2.829834747655203,549,North,1,Normal,0.14215941531717186,1,0,0,Rule-Based Only,10.49925692976464,9.228441754916792,100,32.55673890361152,Low Risk
3,2009-04-12,81.48060725835859,30.970610544031665,106.49405011363795,0.0002177533040782,1883,247,3,172.98353690918748,2.8481147105682423,442,North,1,Normal,0.13074188788328617,1,0,0,Rule-Based Only,13.237962253935804,7.429820137838291,100,33.47643616142747,Low Risk
3,2009-04-13,128.98977502155708,32.50575302943246,93.40349314318794,0.0009082302120305,2841,487,4,215.63287574797607,3.217177050334389,681,South,1,Normal,0.10165730503499543,1,0,0,Rule-Based Only,20.214437883984086,11.447302067574382,100,37.96904445888564,Low Risk
3,2009-04-14,93.97115952525928,24.715680779652214,142.90084224473802,0.0043662718722968,2312,496,5,122.1522491349481,2.3533737024221453,626,East,1,Normal,0.12080750017985975,1,0,0,Rule-Based Only,15.620909056849253,10.522776937300387,100,35.44114876274973,Low Risk
3,2009-04-15,54.92134091873281,22.05791963124685,80.13040782715072,0.0010567265543368,1285,244,2,124.2070038910506,4.0552529182879375,410,West,1,Normal,0.12063106612140495,1,0,0,Rule-Based Only,15.663230032038783,6.891914607497059,100,34.554593667893656,Low Risk
3,2009-04-16,16.824073958398706,6.391504621813002,47.11832041431273,0.001404763367471,1819,610,3,141.05497526113248,2.842221000549753,830,North,1,Normal,0.17220059547250777,1,0,0,Rule-Based Only,3.293323726431527,13.951924693225754,100,30.1346430365222,Low Risk
3,2009-04-17,10.641060957931968,7.693928626454559,85.3188059765137,-0.000790808284751,898,214,3,124.38084632516704,2.943207126948775,344,North,1,Normal,0.17786653127819524,1,0,0,Rule-Based Only,1.9342441317204189,5.782484451168264,100,27.412743178652274,Low Risk
3,2009-04-18,2.603877265652924,9.555156110640134,138.66609105008556,0.0018006012909784,178,25,3,48.342696629213485,2.904494382022472,50,North,1,Normal,0.14727927652915446,1,0,0,Rule-Based Only,9.271163435663684,0.8404773911581778,100,29.845701065621384,Low Risk
3,2009-04-19,118.39652924402463,19.99209278865742,536.9427236350413,0.0002704929184956,3129,745,16,99.96644295302012,3.0795781399808244,1157,North,1,Normal,0.11223171939609256,1,0,0,Rule-Based Only,17.677968838612777,19.448646831400236,100,38.70114612715644,Low Risk
3,2009-04-20,14.979314704938528,9.120133874835458,217.8690231057772,0.0078220374047989,1055,202,9,102.34976303317536,3.104265402843602,401,North,1,Normal,0.17488997028128067,1,0,0,Rule-Based Only,2.6482273909833953,6.740628677088586,100,28.00927086476384,Low Risk
3,2009-04-21,6.961221226781213,8.06120726998572,62.77396865762242,0.0001973331171681,507,96,2,131.1499013806706,2.826429980276134,200,North,1,Normal,0.17574594991348746,1,0,0,Rule-Based Only,2.442904829712439,3.361909564632711,100,27.061929806014398,Low Risk
3,2009-04-22,21.652059997762425,10.405313571481926,76.74873001732423,0.0039132884496325,1198,198,8,115.12353923205342,2.86644407345576,381,North,1,Normal,0.1753418066948827,1,0,0,Rule-Based Only,2.5398460624731882,6.404437720625316,100,27.87103246139292,Low Risk
3,2009-04-23,5.864204985156988,6.6763487623893045,35.687027793772714,0.001874674184958,501,111,1,107.5748502994012,2.9620758483033933,188,North,1,Normal,0.1667101274719776,1,0,0,Rule-Based Only,4.610314119694452,3.1601949907547486,100,28.095205807535912,Low Risk
3,2009-04-24,19.370242770497345,9.20248927257514,166.42476337433675,0.0004770896512285,1385,257,5,105.52924187725633,3.2093862815884475,545,North,1,Normal,0.17472681505166648,1,0,0,Rule-Based Only,2.6873631932486566,9.161203563624138,100,28.633982487530364,Low Risk
3,2009-04-25,94.60612745159406,13.925549182754814,305.6263112227584,0.0011855298667818,3321,1125,13,188.1749473050286,2.9250225835591688,1481,East,1,Normal,0.1261063031039924,1,0,0,Rule-Based Only,14.349893080396543,24.894940326105228,100,38.39868162172458,Low Risk
3,2009-04-26,65.25103808421542,15.944012282241031,270.56987740962154,-0.0032289029833845,2231,586,18,64.68579112505603,3.6723442402510087,906,West,1,Normal,0.13285166104334212,1,0,0,Rule-Based Only,12.731894103918473,15.229450327786182,100,35.17330963390578,Low Risk
3,2009-04-27,19.11979094066997,8.462855725759644,241.36034882858095,0.0030501589655263,1394,323,9,114.47058823529412,3.0645624103299856,571,North,1,Normal,0.1745614738658941,1,0,0,Rule-Based Only,2.7270233375663913,9.59825180702639,100,28.763074620539793,Low Risk
3,2009-04-28,6.1371253982758365,9.095707467860256,90.7298285229611,0.0004400502274766,460,88,2,179.68478260869566,2.6891304347826086,173,South,1,Normal,0.17005006606800405,1,0,0,Rule-Based Only,3.8091680161874018,2.908051773407295,100,27.631596951445523,Low Risk
3,2009-04-29,100.14301416388864,21.556610680285207,245.0913934255149,-1.816028899489562e-05,2958,649,25,118.1288032454361,3.1203515889114266,1055,East,1,Normal,0.13594061187299517,1,0,0,Rule-Based Only,11.990952062634964,17.73407295343755,100,35.42899426967687,Low Risk
3,2009-04-30,32.67437945091668,5.798455311076524,71.57570340871229,0.0015893668945289,3670,1254,6,184.1228882833788,2.939782016348774,1689,North,1,Normal,0.13610312402270885,1,0,0,Rule-Based Only,11.951970514988975,28.391326273323248,100,38.0738168258253,Low Risk
3,2009-05-01,22.133329720295688,5.389381498928694,354.87335455576704,-0.0011402758509068,2505,824,8,137.67864271457086,2.7449101796407187,1099,North,1,Normal,0.14599153749449545,1,0,0,Rule-Based Only,9.58005148264107,18.47369305765675,100,34.408449005734724,Low Risk
3,2009-05-02,37.61838801745351,9.170893666982757,113.57790684492127,0.0019685309860428,2321,808,3,166.707453683757,3.4954760878931497,1113,North,1,Normal,0.15658693828246212,1,0,0,Rule-Based Only,7.038548454269875,18.709026727181037,100,33.19653090893019,Low Risk
3,2009-05-03,84.27815056632753,25.49418234997264,157.2268712308816,0.0008651414322682,2359,440,8,121.456125476897,3.337855023314964,781,West,1,Normal,0.1354665699897345,1,0,0,Rule-Based Only,12.104659784125788,13.128256849890738,100,34.334394104535576,Low Risk
3,2009-05-04,12.138546838780176,10.345072907772463,368.6767756582792,0.0016732535704198,801,129,3,152.167290886392,3.2459425717852683,338,North,1,Normal,0.17019530166890567,1,0,0,Rule-Based Only,3.7743305686093915,5.681627164229282,100,28.307572075362017,Low Risk
3,2009-05-05,11.711117348020794,8.771148752581848,660.8139287657008,0.0029826411262467,817,194,7,102.9155446756426,3.0966952264381886,366,North,1,Normal,0.14846852947942923,1,0,0,Rule-Based Only,8.985899099268273,6.1522945032778615,100,31.0310231754536,Low Risk
3,2009-05-06,3.1424075897587147,11.033109831081742,50.81445544811376,0.0053133634320312,195,15,0,379.5794871794872,3.3846153846153846,70,North,1,Normal,0.12853064305131162,0,0,0,Normal,13.768370262976484,1.176668347621449,0,7.178352218393604,Normal
3,2009-05-07,16.360674718301983,8.792976903852042,181.71402760232976,0.0047519519245655,1246,263,4,177.75040128410916,2.92776886035313,516,North,1,Normal,0.18315834466805625,1,0,0,Rule-Based Only,0.6649047244578473,8.673726676752395,100,27.500884031417023,Low Risk
3,2009-05-08,5.2309590506118,6.725222360399079,34.36519548382104,0.0033283180307857,488,119,1,226.29098360655735,2.5594262295081966,185,North,1,Normal,0.1624401199693919,1,0,0,Rule-Based Only,5.63455446851772,3.109766347285258,100,28.594718821080175,Low Risk
3,2009-05-09,7.633502608571534,6.414582202492457,81.87958416292986,0.006291403465534,713,158,4,153.88639551192145,3.1753155680224405,303,North,1,Normal,0.1762761809268193,1,0,0,Rule-Based Only,2.3157191051620627,5.093292990418558,100,27.43118280018567,Low Risk
3,2009-05-10,8.265626116168384,6.258284016531843,49.59713473252647,0.0011115786537425,905,187,0,286.1867403314917,2.853038674033149,425,North,1,Normal,0.16796040900831383,0,0,0,Normal,4.310410947128869,7.144057824844512,0,3.9412199297755626,Normal
3,2009-05-11,8.403059308749354,8.76617735808021,28.425844144916592,0.0030635019875979,662,108,0,165.00453172205437,3.152567975830816,243,North,1,Normal,0.17145141269247882,0,0,0,Normal,3.4730290856105364,4.084720121028744,0,2.7576945730624542,Normal
3,2009-05-12,18.854194858947032,9.348567854286795,222.8498046078348,-0.0040641289310912,1184,222,10,157.3589527027027,2.904560810810811,480,North,1,Normal,0.1798336661576811,1,0,0,Rule-Based Only,1.4623904139161923,8.068582955118506,100,27.74834094573772,Low Risk
3,2009-05-13,16.111590709542995,8.780733427920547,144.87675460838133,-0.0004826542385282,645,181,11,180.53798449612404,3.096124031007752,284,North,1,Normal,0.17824865320553196,1,0,0,Rule-Based Only,1.8425851133436648,4.773911581778449,100,27.114770452116446,Low Risk
3,2009-05-14,7.97021054749472,8.13160010589722,243.80324598247608,0.0031629122690538,680,179,7,150.3220588235294,2.889705882352941,295,North,1,Normal,0.17925721978387443,1,0,0,Rule-Based Only,1.60066174824713,4.958816607833249,100,27.040035026081874,Low Risk
3,2009-05-15,9.573009535692073,6.244754207723711,194.09612801576716,0.0002399347949899,978,344,3,170.9314928425358,3.2065439672801634,478,North,1,Normal,0.1748593541003194,1,0,0,Rule-Based Only,2.6555712487748475,8.03496385947218,100,28.33652658925547,Low Risk
3,2009-05-16,1.9763941597546448,4.398558981886371,11.487072908663563,0.0007839288447672,317,22,0,162.4826498422713,2.9747634069400632,133,North,1,Normal,0.1446054218113781,0,0,0,Normal,9.912536989967654,2.235669860480753,0,5.515185960104015,Normal
3,2009-05-17,17.04314815756342,8.312095040038036,150.45937784307472,0.0013423976724195,1385,244,4,151.73646209386283,3.2657039711191334,570,North,1,Normal,0.18098020234098056,1,0,0,Rule-Based Only,1.1873724848821046,9.581442259203229,100,27.98904680724186,Low Risk
3,2009-05-18,12.875629830672192,7.104884779133762,45.32715410474832,-8.116404696655269e-05,1247,157,0,240.12750601443463,3.073777064955894,505,South,1,Normal,0.17357841451028821,0,0,0,Normal,2.9628283230822308,8.488821650697597,0,3.6036195742155144,Normal
3,2009-05-19,7.589262322866039,9.032737099917483,94.68141426130472,-0.0004835080834045,569,68,5,224.41652021089632,3.161687170474517,220,North,1,Normal,0.17783799778980836,1,0,0,Rule-Based Only,1.9410884171416571,3.6981005210959825,100,26.895069338844824,Low Risk
3,2009-05-20,6.110363718805425,11.944327206608154,26.04066499236781,0.0044042524185319,358,32,0,195.47206703910612,3.039106145251397,92,North,1,Normal,0.15596518121382824,0,0,0,Normal,7.187688397577999,1.5464783997310474,0,3.980463798721761,Normal
3,2009-05-21,20.925903090695797,12.635937497720798,121.92926474763634,0.004009389414557,1080,382,7,242.1305555555556,2.982407407407408,518,East,1,Normal,0.17273106296884633,1,0,0,Rule-Based Only,3.1660812770540487,8.707345772398723,100,28.759877081626705,Low Risk
3,2009-05-22,1141.5619370658612,11.108670171500169,137.59138220468563,0.001380342501039,3072,1201,11,124.22493489583331,2.7529296875,1559,North,1,Normal,0.012842549664483283,1,0,0,Rule-Based Only,41.51830115969517,26.206085056311984,100,52.31067184392558,Medium Risk
3,2009-05-23,1144.0799714309014,10.808062598918475,277.3658332536952,-0.001518260306803,3675,1384,10,194.458231292517,3.4280272108843537,1997,North,-1,Anomaly,-0.0017160560156620486,1,1,1,Both Methods,45.01045225104168,33.56866700285762,100,55.897392876235244,Medium Risk
3,2009-05-24,7.551373712885646,7.330428248676363,51.48838564582813,-0.0008239918626004,640,124,1,172.396875,3.2203125,294,North,1,Normal,0.17280901815319483,1,0,0,Rule-Based Only,3.1473822829278473,4.942007060010085,100,27.809192906466446,Low Risk
3,2009-05-25,15.831877278752216,7.253976763929858,292.29859252186486,0.0049216127899101,1372,256,7,234.40233236151605,2.7973760932944605,624,North,1,Normal,0.17320394479607065,1,0,0,Rule-Based Only,3.0526518164793,10.489157841654059,100,29.148615368653164,Low Risk
3,2009-05-26,11.43790691575638,7.463169594365907,170.44392597107026,0.0035768623881416,961,211,5,244.4901144640999,3.054110301768991,462,North,1,Normal,0.18119572388754096,1,0,0,Rule-Based Only,1.1356756520558657,7.766011094301563,100,27.509340599603323,Low Risk
3,2009-05-27,32.76718535404818,7.10354748274458,204.72757792854904,0.0025044999727494,1773,572,4,145.25775521714607,3.3513818386914838,862,North,1,Normal,0.1689005038818529,1,0,0,Rule-Based Only,4.08491178802492,14.489830223566985,100,30.664913449904205,Low Risk
3,2009-05-28,42.637759576873925,5.490197690915288,98.662393214488,0.001735608036942,3330,1087,5,147.84804804804804,3.2246246246246244,1687,North,1,Normal,0.13418120281605378,1,0,0,Rule-Based Only,12.412978896338,28.35770717767692,100,38.295916242588234,Low Risk
3,2009-05-30,53.30821190504049,11.328085606894916,368.4985135976517,-0.0018750702250573,2075,361,12,203.62313253012047,3.087710843373494,895,North,1,Normal,0.1590561412619665,1,0,0,Rule-Based Only,6.446264408044773,15.044545301731382,100,31.984268529455235,Low Risk
3,2009-05-31,10.200902006628985,9.873260749685471,58.50507949503513,0.002089508513345,704,95,1,324.4019886363636,2.914772727272727,295,North,1,Normal,0.17214463894305537,1,0,0,Rule-Based Only,3.306745935926605,4.958816607833249,100,27.893077119921614,Low Risk
3,2009-06-01,1.8298402269662084,9.291672435740509,116.12392290095814,-0.0089468774227156,108,28,4,454.9074074074074,3.0277777777777777,71,North,1,Normal,0.13214355057755395,1,0,0,Rule-Based Only,12.901747508167785,1.1934778954446124,100,31.749243227945048,Low Risk
3,2009-06-02,18.43552997461437,6.473675408812354,211.65255536970025,0.0015932002417234,1727,526,8,240.0266357845976,3.090909090909091,777,North,1,Normal,0.1741253272454788,1,0,0,Rule-Based Only,2.8316411787204747,13.061018658598083,100,29.68107525400976,Low Risk
3,2009-06-03,12.899185167282589,8.116392976006908,93.25717361221103,0.0015569603552361,1072,196,2,162.2042910447761,3.049440298507463,431,North,1,Normal,0.18297692772184704,1,0,0,Rule-Based Only,0.7084209375219355,7.2449151117834925,100,27.165439246706843,Low Risk
3,2009-06-04,73.58230890994295,35.31681028952749,114.5351019158784,0.0015180091745139,1468,218,2,126.70572207084469,2.423024523160763,416,North,1,Normal,0.11280382921521043,1,0,0,Rule-Based Only,17.540737707205242,6.992771894436039,100,35.51856182721163,Low Risk
3,2009-06-05,46.12603055876966,19.597775935706437,118.42352654703352,0.0021302942927381,1636,244,7,139.8771393643032,3.438264058679706,509,South,1,Normal,0.16208548740288753,1,0,0,Rule-Based Only,5.719619654796801,8.556059841990251,100,29.998824787895963,Low Risk
3,2009-06-06,9.99501421788937,4.918146422429297,130.40253502422476,0.0016055699022355,1350,206,3,170.39037037037036,3.0148148148148146,570,South,1,Normal,0.18053785220984525,1,0,0,Rule-Based Only,1.2934783529260563,9.581442259203229,100,28.042099741263836,Low Risk
3,2009-06-07,8.601120764034876,7.900841267275083,42.34912027714461,0.0117943042916375,755,194,1,234.1456953642384,2.858278145695364,341,North,1,Normal,0.17221046910980353,1,0,0,Rule-Based Only,3.290955351738544,5.732055807698773,100,28.078491627793966,Low Risk
3,2009-06-08,9.802306339660763,7.734222576664552,74.89575383616581,0.00029362247054,875,181,2,123.30057142857144,3.081142857142857,327,North,1,Normal,0.17687837061320955,1,0,0,Rule-Based Only,2.1712727607299676,5.4967221381744835,100,27.459816914908608,Low Risk
3,2009-06-09,38.10699458782936,7.068382704796696,68.12233526618797,0.00300897687512,3716,1583,4,143.5984930032293,2.957481162540366,1707,North,1,Normal,0.121054454997017,1,0,0,Rule-Based Only,15.561672372155943,28.693898134140188,100,39.95431071961302,Low Risk
3,2009-06-10,12.261555147727073,10.619606836626568,241.43298985736695,0.013020144174884,727,119,7,289.29436038514444,3.114167812929849,237,North,1,Normal,0.16896705434870085,1,0,0,Rule-Based Only,4.0689484265232325,3.983862834089763,100,28.03043992178406,Low Risk
3,2009-06-11,60.68895973021795,12.86440582354853,235.6866650461445,0.0012880425598706,2013,433,11,248.70988574267264,2.702434177844014,833,North,1,Normal,0.1592561767080612,1,0,0,Rule-Based Only,6.39828220310462,14.002353336695242,100,31.69972943572612,Low Risk
3,2009-06-12,6.625572810593352,5.441067219508131,33.06800623994128,0.0015149129349764,827,172,0,200.8101571946796,2.671100362756953,362,North,1,Normal,0.16721153571362823,0,0,0,Normal,4.490042070518869,6.085056311985207,0,3.7662851132557362,Normal
3,2009-06-13,75.2581595086262,10.499694345138517,397.0933061771237,-0.0009443350499017,4662,1577,5,500.6342771342771,3.4064779064779063,2252,West,1,Normal,0.05408604620159779,1,0,0,Rule-Based Only,31.625284987174417,37.85510169776433,100,50.27641791802829,Medium Risk
3,2009-06-14,33.74876705890417,16.63969689300459,188.0774622265156,0.0044221619591708,1387,221,5,159.03460706560924,2.8320115356885363,451,North,1,Normal,0.17248330645560234,1,0,0,Rule-Based Only,3.2255102633953134,7.581106068246764,100,28.50803164875935,Low Risk
3,2009-06-15,10.491347671543643,9.952165577805903,35.6755746060041,0.0021554526360753,736,81,0,200.2649456521739,3.032608695652174,225,South,1,Normal,0.17412799832799286,0,0,0,Normal,2.8310004701305527,3.7821482602118004,0,2.3610373001182263,Normal
3,2009-06-16,47.49341832252438,13.248520819601092,455.7101897333154,0.0006493793607135,2463,496,7,163.3625659764515,2.7957775071051563,856,North,1,Normal,0.14880226376628758,1,0,0,Rule-Based Only,8.90584675224568,14.388972936628006,100,33.05016661027984,Low Risk
3,2009-06-17,15.720870511215471,9.491064767741657,520.6016253016048,-0.0009472842663303,1145,225,4,192.1344978165939,2.527510917030568,397,North,1,Normal,0.15135266847807233,1,0,0,Rule-Based Only,8.294084967270576,6.673390485795933,100,30.815390105084273,Low Risk
3,2009-06-18,9.053315906729386,11.218088723616532,82.37441688765117,0.002316509469035,540,82,3,155.30925925925925,3.2185185185185183,179,South,1,Normal,0.17317587008145663,1,0,0,Rule-Based Only,3.0593860565179813,3.008909060346277,100,27.28192029334556,Low Risk
3,2009-06-19,17.07877859594953,7.068679226150297,180.61404469434004,0.0044498680316896,1597,587,7,216.86850344395745,2.9204758922980587,801,North,1,Normal,0.17490071651741423,1,0,0,Rule-Based Only,2.645649707305015,13.464447806354011,100,29.68893680524101,Low Risk
3,2009-06-20,14.551136650551324,10.187003063641956,427.73259268516847,-0.011886223430184,682,161,19,304.7697947214076,3.4134897360703813,325,South,1,Normal,0.14618152979966698,1,0,0,Rule-Based Only,9.534478310976901,5.4631030425281555,100,31.13301491612049,Low Risk
3,2009-06-21,15.040919076434989,5.219052216661875,104.56506509475824,0.0024477496199245,1864,586,7,206.23015021459227,3.601931330472103,1156,North-West,1,Normal,0.15406249984517345,1,0,0,Rule-Based Only,7.644081747601485,19.43183728357707,100,33.68000019469501,Low Risk
3,2009-06-22,8.256673971403005,6.749668985786927,47.240189603389446,0.0011677723878549,779,236,2,144.05648267008985,2.934531450577664,360,North,1,Normal,0.17600847348268622,1,0,0,Rule-Based Only,2.379933691622485,6.051437216338881,100,27.702826149895962,Low Risk
3,2009-06-23,27.643654913472915,7.958507854935998,217.06435638955364,0.0017957099112881,1964,771,12,171.67311608961305,2.69908350305499,885,North,1,Normal,0.16635200534626043,1,0,0,Rule-Based Only,4.696216341351855,14.87644982349975,100,31.067220626550867,Low Risk
3,2009-06-24,9.583212526063988,8.46513531973308,106.51416059397752,0.0025009492735846,727,158,6,176.36313617606604,3.220082530949106,346,South,1,Normal,0.18144811149030876,1,0,0,Rule-Based Only,1.075135813158388,5.81610354681459,100,26.991593793282842,Low Risk
3,2009-06-25,1150.6896186451006,25.799880459680825,215.7806483936036,-0.005441523293465,2003,421,10,130.9640539191213,2.380928607089366,647,East,1,Normal,0.0033921564342439536,1,0,0,Rule-Based Only,43.785152928174725,10.875777441586822,100,49.61152082448407,Low Risk
3,2009-06-26,8.498933569009383,8.903609307080243,103.82502468887056,0.0005308199083196,610,205,3,351.872131147541,3.926229508196721,360,West,1,Normal,0.1451865560881575,1,0,0,Rule-Based Only,9.773141175323003,6.051437216338881,100,31.399429891746223,Low Risk
3,2009-06-27,15.727431688812525,3.57683483739589,152.49261970794825,0.0063334928412643,2096,972,12,150.36068702290078,3.427480916030534,1192,North,1,Normal,0.14104250180225503,1,0,0,Rule-Based Only,10.767169313391856,20.03698100521096,100,35.39282990799867,Low Risk
3,2009-06-28,158.56884449904817,16.45020314493406,499.6560656030032,0.0006296197243155,5848,2246,27,77.15663474692202,3.222469220246238,2617,North,-1,Anomaly,-0.017660143639359638,1,1,1,Both Methods,48.83493683554785,43.990586653219026,100,60.41511508107868,Medium Risk
3,2009-06-29,1160.0071095793762,19.8871661756153,256.23807110277863,-0.0017390455828235,2905,634,13,122.7487091222031,3.746643717728055,1192,North,-1,Anomaly,-0.003896510891162941,1,1,1,Both Methods,45.53347471901721,20.03698100521096,100,52.77598261081134,Medium Risk
3,2009-06-30,12.706236507103611,9.490881515988024,162.0690873461901,0.0041616170953537,802,123,7,192.8640897755611,2.7768079800498757,282,North,1,Normal,0.18129667205485472,1,0,0,Rule-Based Only,1.1114613653034637,4.740292486132123,100,26.74080380418476,Low Risk
3,2009-07-01,4.216281281748518,5.862987130960652,59.37866855821592,0.0023735943349823,280,57,2,134.95357142857142,3.2071428571428573,128,North,1,Normal,0.15925337316830018,1,0,0,Rule-Based Only,6.3989546840173634,2.1516221213649356,100,28.737382872349915,Low Risk
3,2009-07-02,55.64596208150386,6.204004981111112,644.6998720341929,0.0006975423765518,5757,2241,19,191.57738405419488,3.0323084940072955,3138,North,1,Normal,0.020276310825667998,1,0,0,Rule-Based Only,39.73517592626407,52.748361069087245,100,58.05467823040385,Medium Risk
3,2009-07-03,19.81831225665701,6.910329899118662,184.8935993316465,0.0013862387185269,1788,599,10,146.05648769574944,2.7695749440715884,914,North,1,Normal,0.17152193126419824,1,0,0,Rule-Based Only,3.45611390069513,15.363926710371492,100,30.569038627940436,Low Risk
3,2009-07-04,6.990281490323191,9.573034261801393,64.4292232288451,-0.0004469492438432,436,77,2,192.64449541284404,2.7522935779816518,193,North,1,Normal,0.1734386769690271,1,0,0,Rule-Based Only,2.9963469592715875,3.2442427298705665,100,27.309234162103436,Low Risk
3,2009-07-05,51.41415413177831,17.716888387891277,217.03652776300103,0.0016117394551384,2312,869,6,166.28806228373702,2.9290657439446366,935,North,1,Normal,0.15037492443446215,1,0,0,Rule-Based Only,8.528614976803517,15.716927214657925,100,33.19353929206624,Low Risk
4,2008-10-23,2.6390189304865097,15.106292610213975,44.09960583578506,0.0012043306489285,126,33,0,124.04761904761904,2.5476190476190474,56,North,1,Normal,0.13199297006451843,0,0,0,Normal,12.937867031869812,0.9413346780971592,0,6.704267185459196,Normal
4,2008-10-24,8.971860238393674,7.3811566424663715,67.73077821134446,0.0018874463779758,831,106,1,162.97232250300843,2.89410348977136,350,North,1,Normal,0.18094248183519218,1,0,0,Rule-Based Only,1.196420446503502,5.883341738107245,100,27.069045657778563,Low Risk
4,2008-10-25,11.975710087050452,9.2735565923794,115.63107808895516,-0.0003401055926053,900,148,6,125.78222222222222,2.588888888888889,306,North,1,Normal,0.1740187799532248,1,0,0,Rule-Based Only,2.857198519244663,5.143721633888049,100,27.714529668094343,Low Risk
4,2008-10-26,29.651199296982696,10.48386199697553,140.1196168920881,0.0001158800445775,1055,194,6,269.2255924170616,2.895734597156398,433,North,1,Normal,0.1796900988447685,1,0,0,Rule-Based Only,1.4968276917355336,7.27853420742982,100,27.56804739772522,Low Risk
4,2008-10-27,18.03924322300975,9.80086537397266,259.07439574879345,-0.0015917408787258,1260,288,9,227.1579365079365,2.8603174603174604,469,North,1,Normal,0.17391014227115842,1,0,0,Rule-Based Only,2.8832572784640864,7.883677929063708,100,28.41254812149797,Low Risk
4,2008-10-28,13.23907793024864,11.134749364716306,119.1992827331138,0.0002987298868203,819,67,6,188.57631257631255,2.9792429792429798,238,South,1,Normal,0.18162470216363757,1,0,0,Rule-Based Only,1.0327772709919603,4.000672381912927,100,26.51655673097421,Low Risk
4,2008-10-29,29.612781564994624,9.075319023753382,356.341881412045,-0.0010891937092583,2217,523,10,176.9003157419937,2.9882724402345517,914,North,1,Normal,0.16384013706041473,1,0,0,Rule-Based Only,5.298734451152545,15.363926710371492,100,31.490348903169146,Low Risk
4,2008-10-30,15.13460971059232,10.654865212190789,280.4158746681781,-0.0037251378474346,836,106,6,175.75358851674642,3.1543062200956937,263,North,1,Normal,0.17564198222522043,1,0,0,Rule-Based Only,2.4678434044649413,4.420911077492015,100,27.339149471605474,Low Risk
4,2008-10-31,8.755359603375142,8.439104250390429,68.7873263414285,0.0029035935887592,721,125,4,116.84743411927876,2.9181692094313454,234,South,1,Normal,0.17490833288585406,1,0,0,Rule-Based Only,2.6438227803352508,3.9334341906202726,100,27.305269937822693,Low Risk
4,2008-11-01,6.804021443631396,9.269430867621873,257.9772738089114,0.0003439308041294,470,58,4,162.31914893617022,3.265957446808511,153,South,1,Normal,0.16922579626968054,1,0,0,Rule-Based Only,4.006884386767106,2.5718608169440245,100,27.64640739761956,Low Risk
4,2008-11-02,28.26661988890137,7.510254884833743,137.2984780622676,0.0024367167283092,2374,658,11,159.13605728727885,2.720303285593934,931,North,1,Normal,0.16671956007918814,1,0,0,Rule-Based Only,4.608051534232065,15.649689023365271,100,31.21644802295735,Low Risk
4,2008-11-03,24.217520127996888,4.158792898733318,420.2162047816396,0.0041796109212639,4041,1957,6,239.47933679782236,3.034892353377877,2446,North,1,Normal,0.06608891313685217,1,0,0,Rule-Based Only,28.74617514739084,41.11615397545806,100,49.652126067559934,Low Risk
4,2008-11-04,11.39640664933978,7.256037288563117,39.78394090314109,0.0001029228580875,1105,277,1,198.8597285067873,2.968325791855204,466,North,1,Normal,0.1754199867854736,1,0,0,Rule-Based Only,2.521093120421125,7.833249285594218,100,28.21885888160912,Low Risk
4,2008-11-05,25.056195087194247,7.387041026252182,431.87101413539136,-0.0032066486779281,2114,533,16,143.38694418164616,2.911069063386944,923,North,1,Normal,0.15849238191840037,1,0,0,Rule-Based Only,6.581492523301451,15.515212640779962,100,32.169549421845716,Low Risk
4,2008-11-06,29.135837690084703,6.940679691242089,176.38476740759396,0.0014996514576972,2848,750,8,150.93293539325842,3.003511235955056,1265,North,1,Normal,0.16683343821008473,1,0,0,Rule-Based Only,4.5807357563459075,21.2640779963019,100,32.60638737724843,Low Risk
4,2008-11-07,15.648248751428657,8.212504926058086,269.4748742893736,0.0015048207781416,1265,189,8,105.18418972332016,3.163636363636364,433,South,1,Normal,0.17600327951308675,1,0,0,Rule-Based Only,2.3811795613852706,7.27853420742982,100,28.01022333255009,Low Risk
4,2008-11-08,37.855638203394,6.412273288143317,93.77233199980944,0.0008698879271994,2169,550,6,145.41032733978793,3.0387275242047025,1005,North,1,Normal,0.171718258680141,1,0,0,Rule-Based Only,3.409021135432532,16.893595562279376,100,30.92790945828611,Low Risk
4,2008-11-09,16.841605517758428,7.387499288284987,173.66638775212948,0.0014796768021269,1508,274,14,74.12002652519894,2.8919098143236077,593,North,1,Normal,0.1733801763831076,1,0,0,Rule-Based Only,3.0103794078076307,9.96806185913599,100,28.997205168687813,Low Risk
4,2008-11-10,18.22612914749708,4.946729647533413,255.53435135020067,0.0084539772135924,2379,1190,11,167.0071458596049,2.8457335014712064,1302,North,1,Normal,0.14073634691564435,1,0,0,Rule-Based Only,10.84060623069614,21.88603126575895,100,35.89181093178781,Low Risk
4,2008-11-11,12.11858950070044,10.265105253205329,47.14563858074389,0.0008531330585298,814,95,1,198.9041769041769,2.995085995085995,280,North,1,Normal,0.17782379840428436,1,0,0,Rule-Based Only,1.9444944026284192,4.706673390485796,100,27.14891554893566,Low Risk
4,2008-11-12,15.07855144262435,6.559013618119828,136.40386046099306,0.004091640250153,1464,447,6,179.1775956284153,2.887978142076503,666,South,1,Normal,0.177929668543312,1,0,0,Rule-Based Only,1.9190994898415064,11.195158850226928,100,28.758339457477486,Low Risk
4,2008-11-13,23.86879889506861,9.363860558783744,124.32707338532316,0.0007466022913068,1778,389,5,177.35601799775029,2.816085489313836,649,North,1,Normal,0.1765567708845482,1,0,0,Rule-Based Only,2.2484144093256933,10.909396537233148,100,28.851556338971132,Low Risk
4,2008-11-14,20.32023691558546,5.757569306364683,75.9926373341323,0.0027447963689703,2424,1092,2,220.6625412541254,3.01980198019802,1158,North,1,Normal,0.15269004919777052,1,0,0,Rule-Based Only,7.973289443135384,19.465456379223397,100,33.853008816373546,Low Risk
4,2008-11-15,6.573708427562621,9.563548197659166,119.6473483177309,0.0007825766103051,475,73,5,115.16,3.12,197,South,1,Normal,0.17206750355817918,1,0,0,Rule-Based Only,3.3252482859726795,3.311480921163221,100,27.490494373277144,Low Risk
4,2008-11-16,23.225049981342693,16.126334633213585,140.0016046273728,0.0017894177268369,924,134,7,145.96103896103895,3.283549783549784,302,South,1,Normal,0.17096554731047603,1,0,0,Rule-Based Only,3.5895728921594343,5.076483442595394,100,28.063907306728563,Low Risk
4,2008-11-17,49.90575879155785,26.18716316172137,233.8569882842496,-0.0068618442693932,759,151,15,117.5862977602108,3.3596837944664038,291,North,1,Normal,0.12777209303403042,1,0,0,Rule-Based Only,13.950322527423214,4.891578416540595,100,33.198055867846755,Low Risk
4,2008-11-18,36.04928007846128,19.206994202035123,206.2793001447137,0.0048914941509918,1320,289,11,197.36136363636365,3.293939393939394,488,South,1,Normal,0.1664527553802832,1,0,0,Rule-Based Only,4.672049580537278,8.203059337703817,100,29.386789624694593,Low Risk
4,2008-11-19,24.60309814319343,12.610666412603669,90.9139881484832,0.0007547992027642,1004,300,4,192.0019920318725,2.76195219123506,393,North,1,Normal,0.17201743895640786,1,0,0,Rule-Based Only,3.3372572075380162,6.606152294503278,100,28.320166677394827,Low Risk
4,2008-11-20,10.06684023105834,8.861024322851431,42.94604227775336,0.002235841680938,794,156,0,126.69395465994964,2.8879093198992445,289,North,1,Normal,0.17402803389223026,0,0,0,Normal,2.8549787906588904,4.857959320894268,0,2.641979225553012,Normal
4,2008-11-21,20.350645594413457,7.576152837540397,184.89857876456105,0.0007467162488276,1848,396,4,192.07305194805195,3.067099567099567,794,South,1,Normal,0.1793451458435424,1,0,0,Rule-Based Only,1.5795710550878264,13.346780971591865,100,29.12648077044188,Low Risk
4,2008-11-22,6.916424718062626,10.233766688068386,51.18651261292428,-0.0012588709713938,457,71,0,136.4507658643326,2.7702407002188183,153,South,1,Normal,0.16362481946170426,0,0,0,Normal,5.350382363311352,2.5718608169440245,0,3.3181563858916823,Normal
4,2008-11-23,7.669619716572543,10.722511261263111,60.817786624896414,-0.0012847056974688,499,47,0,196.49298597194388,2.791583166332665,133,South,1,Normal,0.1641955439493954,0,0,0,Normal,5.2134835292927315,2.235669860480753,0,3.165659229766554,Normal
4,2008-11-30,3.5853492336078303,11.7466367966729,43.46410074587058,0.0021374522389332,211,8,0,195.66824644549763,3.056872037914692,58,South,1,Normal,0.14388211240098325,0,0,0,Normal,10.086036142454233,0.9749537737434862,0,5.286756514662988,Normal
4,2008-12-01,18.39515420270514,10.82376082566762,157.2903195967136,0.0017149405032964,1187,281,6,139.69755686604887,2.9629317607413648,499,South,1,Normal,0.1826653648040643,1,0,0,Rule-Based Only,0.7831550712200458,8.387964363758616,100,27.488568626549675,Low Risk
4,2008-12-02,16.71248718515539,12.074778385348576,188.6081858832915,0.0010833343554068,940,173,5,165.4468085106383,3.163829787234042,305,North,1,Normal,0.17979496744531204,1,0,0,Rule-Based Only,1.471673016495202,5.126912086064885,100,27.017564529763824,Low Risk
4,2008-12-03,26.75272943417032,13.69704632234868,290.890368755739,0.0035596764734574,1302,344,9,202.41705069124424,2.8325652841781874,515,North,1,Normal,0.17013227526208735,1,0,0,Rule-Based Only,3.78944861907314,8.656917128929232,100,29.05895359176888,Low Risk
4,2008-12-04,61.72038075298397,10.1262244571858,56.42077598968279,0.001616290922697,4336,1554,1,185.9008302583026,2.632380073800738,1891,North,1,Normal,0.08746224866428282,1,0,0,Rule-Based Only,23.619384943187242,31.78685493360229,100,44.75640620499419,Low Risk
4,2008-12-05,66.24058774755514,22.81497152427604,162.38088765938036,0.001835412847489,2021,308,6,159.60613557644731,2.804057397328056,635,South,1,Normal,0.15593582294280983,1,0,0,Rule-Based Only,7.194730522382355,10.674062867708859,100,31.265880978118393,Low Risk
4,2008-12-06,42.01175201607253,8.486465418298135,361.7461193129244,-9.280208079592958e-05,2765,851,18,154.26907775768535,3.1710669077757685,1343,North,1,Normal,0.1520213439269763,1,0,0,Rule-Based Only,8.133690781869209,22.575222726508656,100,34.71065107256177,Low Risk
4,2008-12-07,17.73151766266986,6.599657763351754,108.50161062907048,0.0017629490553665,1744,442,7,370.47534403669727,3.0355504587155964,951,North,1,Normal,0.1592968274846882,1,0,0,Rule-Based Only,6.388531361775376,15.985879979828542,100,32.19073567584483,Low Risk
4,2008-12-08,40.66271117882547,7.6878329443325635,445.2902239087683,0.0046568335823404,1790,437,14,237.81340782122905,2.9502793296089385,928,North,1,Normal,0.1578634227068661,1,0,0,Rule-Based Only,6.732360033915278,15.59926037989578,100,32.26599511193158,Low Risk
4,2008-12-09,13.50074024080895,10.270808369038168,360.8391229992317,-0.0025279597997607,811,107,12,354.6424167694205,2.5067817509247843,318,North,1,Normal,0.1438150767524352,1,0,0,Rule-Based Only,10.102115883768706,5.345436207766011,100,31.387416993825855,Low Risk
4,2008-12-10,88.2473986737361,10.976785671788774,123.90604952745758,0.0027306508961829,4534,1320,12,124.81980591089544,2.965372739303044,2263,North,1,Normal,0.09383722388027488,1,0,0,Rule-Based Only,22.090229119687297,38.04000672381913,100,45.55511624079843,Low Risk
4,2008-12-11,120.42282007001316,18.62464805969596,159.23278145129893,0.0010145606434654,3974,1117,21,162.28963261197785,3.2503774534474084,1749,North,1,Normal,0.1073694318767463,1,0,0,Rule-Based Only,18.84427851415281,29.39989914271306,100,41.772114042754666,Low Risk
4,2008-12-12,11.281655185687168,9.21511833215852,81.84708702288192,0.0028409225246913,805,105,3,132.77763975155278,3.026086956521739,306,North,1,Normal,0.1799377825190212,1,0,0,Rule-Based Only,1.4374161771747747,5.143721633888049,100,27.0046384970594,Low Risk
4,2008-12-13,8.645934863760735,10.665999891863754,86.55421529415366,0.0020366861719836,576,64,2,293.7204861111111,2.8628472222222223,174,South,1,Normal,0.17075588209527431,1,0,0,Rule-Based Only,3.6398649754928405,2.924861321230459,100,27.551147818054034,Low Risk
4,2008-12-14,14.032931017755214,6.88169043719587,188.00740612975403,0.0003355072256328,1355,186,4,202.50036900369005,2.909225092250922,586,South,1,Normal,0.18099733936505508,1,0,0,Rule-Based Only,1.183261852405405,9.850395024373844,100,28.054229682296164,Low Risk
4,2008-12-15,14.38297211379835,9.901768127755536,124.2746303059672,0.0018658577568659,1018,145,2,89.16601178781926,3.0481335952848725,331,South,1,Normal,0.1756773748568899,1,0,0,Rule-Based Only,2.4593538265461787,5.563960329467137,100,27.620666995639873,Low Risk
4,2008-12-16,22.263823076052724,6.368930921855147,95.97599038332332,0.0022409661588075,2501,705,4,154.10235905637745,2.8132746901239503,1148,North,1,Normal,0.16436955031584333,1,0,0,Rule-Based Only,5.171744880974157,19.297360900991762,100,32.41021266573502,Low Risk
4,2008-12-17,66.52560623814401,13.325686810159054,142.9598898036195,0.0017189440880771,3508,1092,7,225.04418472063853,2.742588369441277,1369,North,1,Normal,0.12880276189158946,1,0,0,Rule-Based Only,13.703097521483928,23.012270969910908,100,37.60461650321969,Low Risk
4,2008-12-18,34.96457604789403,14.742049626838329,223.2370544221847,0.0016971449971976,1636,399,11,194.70354523227385,3.022616136919315,593,South,1,Normal,0.17396996584270596,1,0,0,Rule-Based Only,2.8689074873331317,9.96806185913599,100,28.926469208450563,Low Risk
4,2008-12-19,23.16371876930654,7.85017995779964,240.6977296371945,0.000634223802527,1799,683,17,238.7626459143969,2.878265703168427,748,North,1,Normal,0.1710022316499697,1,0,0,Rule-Based Only,3.580773474206049,12.57354177172634,100,29.93377218003461,Low Risk
4,2008-12-20,8.243799658411987,9.221289167495607,82.71856280964079,0.0010422672735698,615,85,4,203.37886178861788,2.9430894308943087,250,South,1,Normal,0.18063161996144045,1,0,0,Rule-Based Only,1.2709864218125673,4.202386955790889,100,26.686089949854004,Low Risk
4,2008-12-21,7.386603457798781,9.882612691091287,228.7458735807521,-0.0135716265087125,445,23,7,290.2449438202247,2.617977528089888,140,North,1,Normal,0.14255668050106862,1,0,0,Rule-Based Only,10.403965520959533,2.353336695242898,100,30.79031693429049,Low Risk
4,2008-12-22,11.25093900715818,9.672121189045724,297.74802940857586,3.2663685510957246e-05,746,161,5,218.6662198391421,3.1514745308310994,284,South,1,Normal,0.17418261357543374,1,0,0,Rule-Based Only,2.817899991956675,4.773911581778449,100,27.60242789142295,Low Risk
4,2008-12-23,7.292205576190359,8.223701367730712,49.52514349972515,0.0006833585191841,607,102,0,118.75617792421748,3.0,220,North,1,Normal,0.1731427679797679,0,0,0,Normal,3.0673262084169903,3.6981005210959825,0,2.458188234482491,Normal
4,2008-12-24,16.22065280877087,10.645549071808654,293.2923213994522,-0.0001674834762553,802,177,23,156.39027431421445,3.0698254364089776,313,South,1,Normal,0.1759274645755406,1,0,0,Rule-Based Only,2.399365177694204,5.2613884686501935,100,27.515029706009653,Low Risk
4,2008-12-25,5.762235079565204,9.485781494139331,33.17953828744463,0.0058382834659477,348,36,3,391.1293103448276,3.07183908045977,125,North,1,Normal,0.14451349476284653,1,0,0,Rule-Based Only,9.934587394374962,2.1011934778954444,100,30.49259206666134,Low Risk
4,2008-12-26,7.4116414828519135,11.713262798899432,212.45472574095797,0.0032886616046654,324,48,7,379.5154320987654,3.234567901234568,127,South,1,Normal,0.1473777121032585,1,0,0,Rule-Based Only,9.247551840907493,2.134812573541772,100,30.157479063839187,Low Risk
4,2008-12-27,3.5134953749657627,10.686762969254625,85.57246619095042,0.0021364994049774,219,20,3,106.6027397260274,2.794520547945205,54,South,1,Normal,0.14996727454241343,1,0,0,Rule-Based Only,8.626397350107759,0.9077155824508321,100,29.540127570666588,Low Risk
4,2008-12-28,4.254498805472489,10.070585876918772,22.745376654393443,0.0027064032037672,209,15,1,198.11004784689,2.712918660287081,52,South,1,Normal,0.14417914575635982,1,0,0,Rule-Based Only,10.014787193280535,0.8740964868045049,100,30.225917718341393,Low Risk
4,2008-12-31,46.07609116052967,7.886480750377684,179.31890129843526,0.0024683910824602,3230,941,9,157.8671826625387,3.1179566563467493,1697,North,1,Normal,0.1482525512487567,1,0,0,Rule-Based Only,9.037705476233262,28.525802655908556,100,36.65030340209377,Low Risk
4,2009-01-01,6.240931824668129,8.245703314596142,76.52989567038352,0.0018751413117305,498,47,3,373.3353413654618,2.5562248995983934,220,North,1,Normal,0.15502843140224182,1,0,0,Rule-Based Only,7.412385181646506,3.6981005210959825,100,29.63071772109725,Low Risk
4,2009-01-02,8.515657259919134,8.325056201912712,54.38983064022641,0.002177145446826,699,113,1,220.45350500715307,3.0128755364806867,234,South,1,Normal,0.17698236487432395,1,0,0,Rule-Based Only,2.1463278119880895,3.9334341906202726,100,27.056522453649112,Low Risk
4,2009-01-03,3.394321107351516,12.177075637715385,34.99402986648902,0.001480436969347,196,9,0,198.1887755102041,2.836734693877551,41,North,1,Normal,0.1373386456185972,0,0,0,Normal,11.655607787386025,0.6891914607497058,0,6.000101758880438,Normal
4,2009-01-04,7.597415426576388,11.656896570565202,180.4897390248504,0.0030925828648706,424,21,4,74.64858490566037,2.768867924528302,102,North,1,Normal,0.15884968114055692,1,0,0,Rule-Based Only,6.495787690297222,1.714573877962683,100,28.67653731463928,Low Risk
4,2009-01-05,16.710318456723666,9.321686074884257,130.13512278406978,0.0001296910001784,1193,214,7,143.21793797150042,2.966471081307628,432,North,1,Normal,0.18425608853171688,1,0,0,Rule-Based Only,0.401590536566255,7.2617246596066565,100,27.01622643318479,Low Risk
4,2009-01-06,8.982389983367401,9.41602318543538,194.19599869348767,-0.0034226247306427,620,87,5,259.9258064516129,2.932258064516129,211,North,1,Normal,0.17418466466714794,1,0,0,Rule-Based Only,2.817407999637799,3.5468145906875104,100,27.295407647490777,Low Risk
4,2009-01-07,17.122257094387134,11.377658368781988,78.85476904793383,0.0003350194049214,989,79,3,139.86349848331648,3.2012133468149644,262,South,1,Normal,0.17727228099136272,1,0,0,Rule-Based Only,2.076786064188944,4.404101529668852,100,27.139418414511685,Low Risk
4,2009-01-08,10.622806515196151,11.815378860584774,191.8691959074201,0.0065461268657218,467,28,10,181.03426124197003,2.9014989293361886,150,North,1,Normal,0.16444169353737853,1,0,0,Rule-Based Only,5.154439993723794,2.5214321734745337,100,28.20757804023053,Low Risk
4,2009-01-09,55.24249791285525,14.377027630838905,427.5680304548037,-0.0012757299284859,2201,447,23,162.04225352112675,2.7987278509768285,792,North,1,Normal,0.14872548249730383,1,0,0,Rule-Based Only,8.924264161039314,13.313161875945537,100,32.79042254950604,Low Risk
4,2009-01-10,7.974958633624099,8.986377045966256,76.44470316890107,0.0018112482300504,623,70,4,186.61797752808988,3.0465489566613164,217,North,1,Normal,0.18012621036040327,1,0,0,Rule-Based Only,1.3922182711129434,3.647671877626492,100,26.608027104963096,Low Risk
4,2009-01-11,10.679511336830714,9.53212505480349,135.97327708712675,0.0024215831854187,777,113,4,122.75675675675676,2.978120978120978,282,North,1,Normal,0.17976151121317213,1,0,0,Rule-Based Only,1.4796981131388354,4.740292486132123,100,26.92492217810245,Low Risk
4,2009-01-12,16.035825357929884,8.464606907856897,162.92613763203624,0.0045438930666439,1215,288,5,192.30781893004115,2.8049382716049385,551,North,1,Normal,0.1824268955755018,1,0,0,Rule-Based Only,0.8403563303978309,9.26206085056312,100,27.735693377839695,Low Risk
4,2009-01-13,30.35018205844809,8.618302726694953,485.9110584154392,0.0017614000824976,2350,455,8,204.0872340425532,2.982127659574468,930,North,1,Normal,0.15743657325072097,1,0,0,Rule-Based Only,6.834747778103633,15.632879475542108,100,32.32559375793734,Low Risk
4,2009-01-14,11.993123818267485,11.40231557379478,243.2498735849723,-0.0007170678468878,714,61,3,140.79551820728292,3.004201680672269,156,South,1,Normal,0.17379114393125222,1,0,0,Rule-Based Only,2.9118012332700447,2.6222894604135147,100,27.1114729817384,Low Risk
4,2009-01-15,16.140136002475916,11.78623841120267,134.44966228403698,0.0015980884341513,975,211,3,228.6912820512821,2.9784615384615383,363,South,1,Normal,0.18226467071107177,1,0,0,Rule-Based Only,0.8792689673501056,6.101865859808371,100,26.965100948627146,Low Risk
4,2009-01-16,16.005072208190278,9.459896086822209,425.6849973903599,0.0202131023975236,1120,157,5,135.64375,3.05625,385,North,1,Normal,0.16750370638821382,1,0,0,Rule-Based Only,4.419959525354192,6.471675911917969,100,28.82789874065659,Low Risk
4,2009-01-17,143.94946222104846,23.877331403460342,141.28941292241288,0.0012235243328465,3961,914,24,154.79904064630145,3.2009593536985608,1287,East,1,Normal,0.0932518378365107,1,0,0,Rule-Based Only,22.23064479935489,21.6338880484115,100,41.52379441178032,Low Risk
4,2009-01-18,53.24107746007049,22.12420652654766,170.17768575149864,0.0020293393617898,1267,280,3,95.32991318074193,3.973954222573007,392,West,1,Normal,0.12514277360000375,1,0,0,Rule-Based Only,14.581013469451884,6.589342746680114,100,33.93784242139597,Low Risk
4,2009-01-19,41.904757513084505,9.021361917229624,990.4599023051732,0.0011792788533573,2741,950,22,253.15906603429409,2.90076614374316,1368,South,1,Normal,0.12055963467617042,1,0,0,Rule-Based Only,15.680364186566537,22.995461422087747,100,38.5890474488052,Low Risk
4,2009-01-20,1076.8253661540382,85.5327659642506,169.95667227183696,0.0003809426408064,8966,307,2395,151.02687932188266,2.7530671425384785,926,North-East,-1,Anomaly,-0.1970914122957591,1,1,1,Both Methods,91.87484837835972,15.565641284249454,100,74.82883451024223,Medium Risk
4,2009-01-22,16.404219412618986,15.885153301338754,67.01208480057473,0.0022151138104883,726,165,1,115.41322314049587,3.2327823691460056,309,North,1,Normal,0.1654801524181579,1,0,0,Rule-Based Only,4.905346406500824,5.194150277357539,100,28.751210772589797,Low Risk
4,2009-01-23,30.993687826136,12.439611359156563,179.05787572133195,0.0016589634169801,1777,411,3,202.40067529544172,3.8328643781654472,855,North-West,1,Normal,0.15318663311851627,1,0,0,Rule-Based Only,7.854174596639996,14.37216338880484,100,32.520128145521205,Low Risk
4,2009-01-24,5.911705343453879,4.629973190978147,83.0368064797292,0.021353707367064,344,146,12,112.03488372093024,3.23546511627907,230,North,1,Normal,0.1506572805376326,1,0,0,Rule-Based Only,8.460886638286885,3.866195999327618,100,30.196992318975347,Low Risk
4,2009-01-25,27.377371035474862,12.938089703262651,227.6383642304071,0.0031925356262574,1393,269,8,115.12419239052404,3.1981335247666904,641,South-East,1,Normal,0.1738119651738838,1,0,0,Rule-Based Only,2.906806872767635,10.77492015464784,100,29.147133475045777,Low Risk
4,2009-01-26,42.45532125513427,21.454505008335705,71.87043763010362,-0.0001609332205066,1420,256,0,170.0274647887324,3.493661971830986,554,North,1,Normal,0.1512814812372355,0,0,0,Normal,8.311160544852658,9.312489494032612,0,6.483702645934482,Normal
4,2009-01-27,13.799343945637585,31.600321641630423,77.98080414356137,0.0030256169752165,308,36,1,94.6525974025974,3.357142857142857,97,North,1,Normal,0.10728001295681355,1,0,0,Rule-Based Only,18.86572729748348,1.630526138846865,100,34.84049518345346,Low Risk
4,2009-01-28,16.622914382528087,14.168293796665616,73.42522693145438,0.0005006507410379,803,158,2,146.57658779576587,3.5865504358655045,375,South-East,1,Normal,0.16661916635781954,1,0,0,Rule-Based Only,4.632132826860236,6.303580433686334,100,28.8919615218517,Low Risk
4,2009-01-29,10.536198323128389,10.505286489029624,102.1150070757517,0.0019815791587269,656,95,4,174.40243902439025,3.8109756097560976,295,West,1,Normal,0.16177087407919594,1,0,0,Rule-Based Only,5.795085484823373,4.958816607833249,100,29.13724689437,Low Risk
4,2009-01-30,9.26532197302223,11.113911532256472,59.39408157385599,0.0033471684259972,565,77,1,239.46902654867256,3.3575221238938053,263,South-East,1,Normal,0.16873646728464436,1,0,0,Rule-Based Only,4.124259002624172,4.420911077492015,100,28.167357270685088,Low Risk
4,2009-01-31,60.907495906095264,7.341370862553712,511.71842119375617,0.002239846566853,5482,1892,33,250.31156512221816,3.3659248449470995,3055,North,1,Normal,0.02452862147192203,1,0,0,Rule-Based Only,38.71518049604838,51.353168599764665,100,57.19588239796536,Medium Risk
4,2009-02-01,16.79106931996011,14.8059131862608,93.53723414344216,0.0086344209397679,783,219,4,178.80970625798213,3.3448275862068964,349,North,1,Normal,0.1713135774564517,1,0,0,Rule-Based Only,3.50609141867273,5.866532190284081,100,28.219678756907385,Low Risk
4,2009-02-02,22.12597908023794,16.05253718866256,80.52020679622304,0.0023228373753168,985,240,0,196.81624365482236,3.801015228426396,443,West,1,Normal,0.15323223072723136,0,0,0,Normal,7.843237166055256,7.446629685661456,0,5.7832760044429925,Normal
4,2009-02-03,15.83287447834172,14.601878541742357,211.7042575426426,0.0029655837575008,740,191,7,170.88513513513513,3.687837837837838,345,North-West,1,Normal,0.16439467276826858,1,0,0,Rule-Based Only,5.16571879567577,5.799293998991427,100,29.032682897585744,Low Risk
4,2009-02-04,22.4534312193498,14.571562839782262,74.23772502120529,0.0043032851568843,1095,298,0,180.99086757990867,3.719634703196347,550,West,1,Normal,0.15946214572439904,0,0,0,Normal,6.348876721495299,9.245251302739957,0,5.485751186432639,Normal
4,2009-02-05,9.865306476639738,9.46828412541532,104.54552157867226,0.0049251428636195,733,135,3,219.52114597544335,3.368349249658936,353,North,1,Normal,0.1746824086890979,1,0,0,Rule-Based Only,2.6980148813919858,5.9337703815767355,100,27.832450036090176,Low Risk
4,2009-02-06,117.2367467139015,31.985316712863785,157.27300319127585,0.0016254579937201,2585,520,8,139.8762088974855,3.4359767891682784,872,West,1,Normal,0.10350918718702184,1,0,0,Rule-Based Only,19.770229666499098,14.657925701798622,100,38.549596258699204,Low Risk
4,2009-02-07,55.798144288019536,6.5619459654061405,515.4613015197581,0.005875378089608,5097,2409,41,235.1657837943889,3.192073768883657,3154,North,1,Normal,0.006057797014500599,1,0,0,Rule-Based Only,43.14574968682065,53.01731383425786,100,59.82720330197479,Medium Risk
4,2009-02-08,37.114896194561545,11.9008856943194,96.135639730919,0.0028166650683484,2174,598,4,176.14489420423183,3.738270469181233,1058,West,1,Normal,0.15092116085691937,1,0,0,Rule-Based Only,8.397590058571229,17.78450159690704,100,33.64492042851237,Low Risk
4,2009-02-09,19.35130498528314,13.755394869197072,368.0089338661612,0.0079810057314965,916,161,11,146.75327510917032,3.1692139737991267,387,South-East,1,Normal,0.16619718986092719,1,0,0,Rule-Based Only,4.733351701560226,6.505295007564296,100,28.992999602671187,Low Risk
4,2009-02-10,29.899111306867027,15.056342422913366,76.28004156223076,0.0005958483963427,1382,297,4,167.6931982633864,3.712011577424023,578,North-West,1,Normal,0.1597449964434885,1,0,0,Rule-Based Only,6.281029740193822,9.715918641788535,100,30.569494530544045,Low Risk
4,2009-02-11,40.30830635217276,13.55220132907465,59.19050956750897,0.0027306387347657,1896,473,2,201.10970464135025,3.94831223628692,860,West,1,Normal,0.14097412324876557,1,0,0,Rule-Based Only,10.783571175317313,14.45621112792066,100,34.00583836963882,Low Risk
4,2009-02-12,490.46371782056247,18.675223251142583,276.6401383411714,-0.0076403055811243,1751,540,18,141.37407195888065,3.489434608794974,708,North,1,Normal,0.08311008818436016,1,0,0,Rule-Based Only,24.66333120449743,11.901159858799797,100,40.306955566948666,Low Risk
4,2009-02-13,19.35263718198111,10.865654028991187,56.43502716817768,0.0016971617781873,1222,185,0,165.48772504091653,2.9664484451718494,495,North,1,Normal,0.17842146278264326,0,0,0,Normal,1.8011335371032726,8.32072617246596,0,2.980748311668126,Normal
4,2009-02-14,35.72085150646402,8.119753278177479,123.03138781115813,0.0032145574144262,3020,624,7,162.641059602649,2.922185430463576,1363,North,1,Normal,0.16120002344690665,1,0,0,Rule-Based Only,5.932014576959137,22.91141368297193,100,33.69386070922255,Low Risk
4,2009-02-15,76.46917211483914,14.960495963731027,147.33689557013352,0.0006624834516277,3531,633,12,234.428207306712,3.263381478334749,1497,East,1,Normal,0.13421503456938938,1,0,0,Rule-Based Only,12.404863723983672,25.163893091275845,100,37.4934051348108,Low Risk
4,2009-02-16,52.56345102547067,12.02779006183725,147.23884054740955,0.000589653053878,3057,667,7,172.0117762512267,3.306509649983644,1227,South,1,Normal,0.15360567613027865,1,0,0,Rule-Based Only,7.753659372655132,20.625315179021683,100,34.03315848108299,Low Risk
4,2009-02-17,51.27224353593981,12.41847864838538,139.502633977202,0.0011280146266882,2733,662,16,162.80753750457373,3.4182217343578487,1043,West,1,Normal,0.15765665052701877,1,0,0,Rule-Based Only,6.781958169161065,17.53235837955959,100,32.77406867947043,Low Risk
4,2009-02-18,36.71581270051468,7.174787269085491,82.69656153578694,0.0019165581113911,2590,614,11,238.9436293436293,2.559073359073359,1222,North,1,Normal,0.15007676600138814,1,0,0,Rule-Based Only,8.600133796691162,20.541267439905866,100,34.43538375832205,Low Risk
4,2009-02-19,16.97346999168895,6.733050787047831,152.4825674567882,0.0011813351968584,1778,214,7,164.19797525309338,3.0742407199100112,694,South,1,Normal,0.17879446589329617,1,0,0,Rule-Based Only,1.711661835721962,11.66582618927551,100,28.772287465179858,Low Risk
4,2009-02-20,43.591147971271006,13.847269536718954,220.6133165087606,0.0036642804702058,1832,272,20,177.90447598253274,3.039301310043668,741,North,1,Normal,0.17156349195672477,1,0,0,Rule-Based Only,3.4461447991923957,12.455874936964195,100,29.837041133837246,Low Risk
4,2009-02-21,90.78717062121969,26.049793372639275,158.40253401233116,0.0017816169659667,2487,467,8,172.31282669883393,2.7744270205066344,790,North,1,Normal,0.13747855470874387,1,0,0,Rule-Based Only,11.622048002020637,13.279542780299211,100,34.13090969608512,Low Risk
4,2009-02-22,13.25739196387286,5.831926081513243,459.6911270585005,-0.0005614464269991,1542,197,5,198.7289234760052,3.1472114137483787,584,South,1,Normal,0.16516655768319544,1,0,0,Rule-Based Only,4.980567909163894,9.816775928727516,100,29.944477936763825,Low Risk
4,2009-02-23,62.30742376716316,10.063287064510725,76.22805436649463,0.0022302799385454,4394,1147,6,155.22416932180246,3.364815657715066,1838,South,1,Normal,0.11121649342357393,1,0,0,Rule-Based Only,17.92148958268577,30.895948898974616,100,41.684732016086535,Low Risk
4,2009-02-24,32.69997793742743,9.985843654308804,251.3265377933616,0.0027405355189172,2264,882,8,163.85335689045937,2.9929328621908127,1092,North,1,Normal,0.16510332219317853,1,0,0,Rule-Based Only,4.9957361121035175,18.356026222894602,100,32.08687461177541,Low Risk
4,2009-02-25,29.732985812246824,12.905847585919584,153.6784282876393,-0.0018348941335007,1646,403,3,192.63244228432563,2.924665856622114,653,North,1,Normal,0.17543785519190697,1,0,0,Rule-Based Only,2.516807052345802,10.976634728525802,100,29.002562208304354,Low Risk
4,2009-02-26,93.3729359294447,16.21212589415088,214.64955384962312,0.0042703652137701,4023,1292,10,179.04101416853095,2.6313696246582152,1573,North,1,Normal,0.10550120652499356,1,0,0,Rule-Based Only,19.292406950648754,26.441418725836275,100,41.25655815678345,Low Risk
4,2009-02-27,43.900688674929405,9.589154299927005,215.5815916553672,-0.0024505849754377,2091,431,11,158.4701099952176,3.1004304160688667,901,North,1,Normal,0.17175966100168943,1,0,0,Rule-Based Only,3.3990900221407707,15.145402588670365,100,30.485895658237975,Low Risk
4,2009-02-28,13.45588675792518,10.03671091858863,34.928403102580766,0.0008462855125594,947,105,0,183.1974656810982,2.957761351636748,255,North,1,Normal,0.17537795657276317,0,0,0,Normal,2.5311748450320493,4.286434694906707,0,2.3371960962427014,Normal
4,2009-03-01,10.933305874181904,9.407854680044176,74.88416824023696,0.0013040463401063,810,83,1,222.30987654320987,2.782716049382716,188,North,1,Normal,0.1752702897105322,1,0,0,Rule-Based Only,2.557000735141461,3.1601949907547486,100,27.068549115259415,Low Risk
4,2009-03-02,9.947880484340224,9.326365855856452,49.910030356723205,0.0028116546014916,738,135,1,199.25067750677508,3.44579945799458,276,South,1,Normal,0.17134845766838336,1,0,0,Rule-Based Only,3.497724754114348,4.639435199193142,100,27.90872117685546,Low Risk
4,2009-03-03,65.92231807643374,15.109145367949672,246.58595823698568,0.0037993739453073,3084,1098,7,238.318093385214,3.053501945525292,1558,South,1,Normal,0.1316373193687086,1,0,0,Rule-Based Only,13.023176435311123,26.189275508488823,100,38.058907094777766,Low Risk
4,2009-03-04,92.61621286537704,18.550482704947623,305.1031169106143,0.0009914485824728,3484,720,20,170.42422502870264,2.609644087256028,1256,North,1,Normal,0.12510297683457644,1,0,0,Rule-Based Only,14.590559460384833,21.112792065893426,100,37.57347774666577,Low Risk
4,2009-03-05,13.502937554679354,10.890609083440363,21.46656036554945,0.0009975937751519,875,47,0,152.856,3.065142857142857,233,North,1,Normal,0.16678610861988113,0,0,0,Normal,4.592088634754303,3.916624642797109,0,3.2752004780764286,Normal
4,2009-03-06,53.42647045714599,12.532949015381591,85.56196393537586,0.0023588844961659,3039,709,3,216.20598881210924,3.017110891740704,1184,South,1,Normal,0.1541767034130503,1,0,0,Rule-Based Only,7.616687907630899,19.902504622625653,100,33.78397010947186,Low Risk
4,2009-03-07,18.249130903267936,6.459340245475773,167.2580904750883,0.0050975582583117,1823,834,8,303.6895227646736,2.833241908941305,1111,North,1,Normal,0.15153252233476378,1,0,0,Rule-Based Only,8.250943690164316,18.675407631534714,100,33.79432375296584,Low Risk
4,2009-03-08,27.302752015379934,5.365369762382424,128.70261397765125,0.0018399952952762,3443,1008,8,215.5097298867267,3.347371478361893,1854,North,1,Normal,0.12639237842852047,1,0,0,Rule-Based Only,14.281272617784492,31.164901664145233,100,39.93186172492855,Low Risk
4,2009-03-11,44.7067975767964,40.306853316592296,97.3326971528902,0.0013639310867196,797,111,0,172.5370138017566,3.790464240903388,194,South,1,Normal,0.08290429941898836,0,0,0,Normal,24.712693449575617,3.26105227769373,0,13.171609794211241,Normal
4,2009-03-12,50.56379911674549,18.09164655220067,268.69776848487385,0.0025692016743099,1981,200,12,150.31297324583542,2.496718828874306,509,North,1,Normal,0.1523557617630375,1,0,0,Rule-Based Only,8.053474472915974,8.556059841990251,100,31.165752196955548,Low Risk
4,2009-03-13,36.86980079524128,11.153175074206974,348.4525726350641,-0.0021956735704971,2120,518,39,271.00471698113205,2.8433962264150945,1012,North,1,Normal,0.15109420619046338,1,0,0,Rule-Based Only,8.356081931785965,17.01126239704152,100,33.43085656515336,Low Risk
4,2009-03-14,6.982646200684751,8.979745652189521,38.90109884908123,0.0014563085032187,553,59,0,93.80289330922244,3.0632911392405062,132,South,1,Normal,0.15987879586868275,0,0,0,Normal,6.248935471073609,2.21886031265759,0,3.679182813701202,Normal
4,2009-03-15,49.46829299547707,11.077798806518318,429.2875262260122,0.0019001822097373,3088,846,8,190.39540155440412,2.910621761658031,1415,North,1,Normal,0.14161270407570742,1,0,0,Rule-Based Only,10.630395742125987,23.785510169776433,100,36.2615754135071,Low Risk
4,2009-03-16,7.5194039252272225,8.432002752517608,124.61597694344384,0.0017612891549956,608,45,3,144.04111842105263,2.6990131578947367,189,South,1,Normal,0.17460292267829364,1,0,0,Rule-Based Only,2.7170810725833197,3.177004538577912,100,27.15279167093614,Low Risk
4,2009-03-17,29.12377677764313,14.465788948752325,139.83077738088247,-0.0007280908126291,1369,228,13,155.43243243243242,3.12563915266618,569,North,1,Normal,0.1760837860037877,1,0,0,Rule-Based Only,2.3618685891988855,9.564632711380064,100,28.57209247244446,Low Risk
4,2009-03-18,40.01017127418751,11.94713256121932,76.44550527753488,0.0027763045983809,2164,490,2,171.0351201478743,3.0023105360443623,802,North,1,Normal,0.17210476946629566,1,0,0,Rule-Based Only,3.316309368018713,13.481257354177172,100,30.02846902255365,Low Risk
4,2009-03-19,18.43558683654007,10.083507328799476,132.87489743066774,0.003766702228664,1169,116,8,139.759623609923,3.153122326775021,364,South,1,Normal,0.1819678206370035,1,0,0,Rule-Based Only,0.9504739531089781,6.118675407631534,100,27.00490582846237,Low Risk
4,2009-03-20,96.10060101267308,22.17786752935694,98.58227777673817,0.0019768882408386,3093,652,5,188.40898803750403,2.9848043970255413,1033,North,1,Normal,0.13596114568216472,1,0,0,Rule-Based Only,11.986026648369588,17.364262901327955,100,35.33407904951678,Low Risk
4,2009-03-21,49.035068545415214,10.00801662650534,135.5942131558874,0.0001995390621207,3239,862,6,161.38962642790986,2.95585057116394,1304,North,1,Normal,0.15135469594946283,1,0,0,Rule-Based Only,8.293598640723616,21.919650361405278,100,34.62671191071313,Low Risk
4,2009-03-22,28.023683517503123,8.395359851703402,196.51922077158912,0.0037527955295337,2232,449,9,192.2768817204301,3.1948924731182795,1076,North,1,Normal,0.17306807843233113,1,0,0,Rule-Based Only,3.0852418790741902,18.08707345772399,100,31.064389303968092,Low Risk
4,2009-03-23,11.177289084436987,10.376008620597194,56.996248831575166,0.0018458544292683,742,74,0,181.9541778975741,3.0997304582210243,260,South,1,Normal,0.17614980708176947,0,0,0,Normal,2.3460322114171657,4.370482434022525,0,2.2656367142142138,Normal
4,2009-03-24,20.41922474788367,9.876631171975715,591.0207868630298,0.0051840129703743,1429,248,11,218.95451364590625,3.231630510846746,526,South,1,Normal,0.1553323045266607,1,0,0,Rule-Based Only,7.339495587245482,8.84182215498403,100,30.880203332368747,Low Risk
4,2009-03-25,37.67373803281507,10.783294805048511,327.84984497439945,-0.000255691657641,2420,841,10,177.09628099173554,2.5367768595041325,903,North,1,Normal,0.14372367867778518,1,0,0,Rule-Based Only,10.1240394039978,15.179021684316693,100,33.85677512307807,Low Risk
4,2009-04-01,46.06935850464158,38.89460802138768,102.55542027073083,0.0039170759032565,826,169,2,183.07021791767556,3.687651331719128,212,South,1,Normal,0.09129708271195525,1,0,0,Rule-Based Only,22.699529003756485,3.563624138510674,100,37.24067053650591,Low Risk
4,2009-04-02,49.53648581985991,21.351543209197924,125.27828666985305,0.0012693489784251,1656,192,2,149.69565217391303,2.283816425120773,446,North,1,Normal,0.14928136606676073,1,0,0,Rule-Based Only,8.790925196004501,7.497058329130947,100,31.26972718028499,Low Risk
4,2009-04-03,92.1547042682596,24.564744302971786,336.01968818192046,0.0011874423575247,2674,511,6,206.9513836948392,3.026551982049364,861,North,1,Normal,0.13152822580800033,1,0,0,Rule-Based Only,13.049344545462343,14.473020675743822,100,35.142927441667126,Low Risk
4,2009-04-04,48.31399068928263,10.473579422358764,359.0208171225429,0.001436975434422,3258,935,8,200.94966236955187,2.856353591160221,1386,North,1,Normal,0.13981159598121812,1,0,0,Rule-Based Only,11.062424861946276,23.29803328290469,100,36.35572075169931,Low Risk
4,2009-04-05,46.07635845945424,7.721609274721141,241.77910055785225,0.0024653400603544,4176,1392,13,251.90086206896552,2.962883141762452,2115,North,1,Normal,0.11326809755593187,1,0,0,Rule-Based Only,17.429374350827022,35.55219364599092,100,42.60273558691124,Low Risk
4,2009-04-06,32.73045988265257,6.607410243492469,1003.4169444013594,-0.0115046390918121,2343,564,19,451.76056338028167,3.301749893299189,1413,North,1,Normal,0.08708651357171665,1,0,0,Rule-Based Only,23.709511961006783,23.751891074130103,100,42.792728749035916,Low Risk
4,2009-04-07,70.4743501684921,9.022548451183564,97.68300829214836,0.0017705847414559,3224,992,13,155.7025434243176,3.167493796526055,1522,North,1,Normal,0.14474977363424363,1,0,0,Rule-Based Only,9.877911532912707,25.584131786854936,100,36.334988713170084,Low Risk
4,2009-04-08,15.895489032257029,11.055902976252828,167.91488314560593,0.0010076917496412,1022,80,2,165.43052837573384,2.7592954990215266,270,North,1,Normal,0.17855393270020337,1,0,0,Rule-Based Only,1.7693581750018728,4.53857791225416,100,27.019323565564473,Low Risk
4,2009-04-09,84.58086264656158,27.268917834484704,146.1812256980764,0.0016554817549682,2203,428,5,156.536541080345,2.876532001815706,604,North,1,Normal,0.14339488070453,1,0,0,Rule-Based Only,10.202907684818232,10.152966885190787,100,32.63969556370681,Low Risk
4,2009-04-10,86.8788716470524,26.674719862197744,83.64314947627136,0.001633882472182,2325,362,1,170.01978494623657,2.964731182795699,617,North,1,Normal,0.14189513820480099,1,0,0,Rule-Based Only,10.562648687647227,10.371491006891913,100,32.87419709554659,Low Risk
4,2009-04-11,83.31061038545784,29.13247568583224,87.45655690172467,0.0015884898117549,2047,285,1,165.43966780654617,2.871030776746458,508,North,1,Normal,0.13376629624393455,1,0,0,Rule-Based Only,12.512501918697827,8.539250294167088,100,33.39106353289068,Low Risk
4,2009-04-12,92.82285688646584,26.917675502257225,80.93493188812403,0.0013114072136704,2460,445,2,194.78252032520325,2.850406504065041,657,North,1,Normal,0.13382739312753805,1,0,0,Rule-Based Only,12.49784670009782,11.043872919818456,100,34.009891580003526,Low Risk
4,2009-04-13,128.20573608700758,34.73999123288184,90.98048966295568,0.0002725293350288,2649,342,4,165.02869007172518,3.1600604001510004,585,South,1,Normal,0.10305442606728321,1,0,0,Rule-Based Only,19.87931253992035,9.833585476550681,100,37.39805263909784,Low Risk
4,2009-04-14,96.1662526305456,23.66514989729661,88.88866113186235,0.0005984985461687,2489,425,1,132.10526315789474,2.388509441542788,656,East,1,Normal,0.12837635550461285,1,0,0,Rule-Based Only,13.805378987329814,11.027063371995293,100,34.65945533666373,Low Risk
4,2009-04-15,58.4431033451741,17.51766831744402,172.3431091136869,0.0012173472014182,1685,383,8,110.2486646884273,3.870029673590504,628,West,1,Normal,0.14583973812250595,1,0,0,Rule-Based Only,9.616463372227571,10.556396032946713,100,32.44733069435046,Low Risk
4,2009-04-16,60.007183602010834,19.95407757830923,122.22769228913268,0.0024428959909461,2102,340,9,167.51807802093245,3.188392007611798,740,South,1,Normal,0.1638505216012741,1,0,0,Rule-Based Only,5.296243526781629,12.439065389141032,100,30.757888110676074,Low Risk
4,2009-04-17,48.38249090280679,20.77736187898709,134.325824388819,0.0024172612744596,1646,228,3,143.48116646415554,2.405832320777643,407,North,1,Normal,0.15654035088911394,1,0,0,Rule-Based Only,7.0497233030224375,6.841485964027568,100,30.235233142518112,Low Risk
4,2009-04-18,22.58082257956025,9.739226947050536,125.75710569138135,0.0026545954000332,1619,609,3,152.39901173563928,2.78319950586782,765,North,1,Normal,0.1746987000902186,1,0,0,Rule-Based Only,2.6941070872355177,12.859304084720122,100,29.56187956479779,Low Risk
4,2009-04-19,117.06178341309962,22.17217058329401,311.51081462698914,-0.0025224459208647,2909,656,10,64.04984530766586,3.0041251289102786,992,North,1,Normal,0.12105665409321803,1,0,0,Rule-Based Only,15.56114487822094,16.67507144057825,100,36.949340299255034,Low Risk
4,2009-04-20,21.216884929745444,10.49283472573998,120.41509636768592,0.0016127618787672,1422,188,5,152.28481012658227,3.074542897327708,578,South,1,Normal,0.1809912397946859,1,0,0,Rule-Based Only,1.1847249472779118,9.715918641788535,100,28.02134213408609,Low Risk
4,2009-04-21,10.668655828969516,7.5909018500773,323.78997710926546,0.0010775488375661,955,109,4,175.03769633507852,3.027225130890052,318,North,1,Normal,0.17503513917904084,1,0,0,Rule-Based Only,2.613405943388718,5.345436207766011,100,27.643062023635864,Low Risk
4,2009-04-22,18.0081822911297,10.06773747856824,40.07499458657967,0.0017681277137842,1252,173,0,122.45447284345047,2.9440894568690097,373,North,1,Normal,0.17255672568785624,0,0,0,Normal,3.2078993013516786,6.269961338040007,0,3.171439985185841,Normal
4,2009-04-23,24.54301883799326,8.04096653755199,71.54284509070649,0.0022376152414232,1995,663,3,196.37593984962405,3.012531328320802,884,North,1,Normal,0.1734309775016033,1,0,0,Rule-Based Only,2.9981938190710435,14.859640275676583,100,30.214006978454666,Low Risk
4,2009-04-24,23.614809417964736,7.396449732814342,209.13932101305468,0.0001333800166914,1994,483,14,127.48445336008024,2.841524573721164,898,North,1,Normal,0.17254900718978794,1,0,0,Rule-Based Only,3.2097507260035267,15.094973945200874,100,30.378618849301983,Low Risk
4,2009-04-25,35.68873813108714,6.296962014916021,235.9821009798383,0.002070397901577,3949,1635,16,198.33502152443657,2.8333755381109142,2224,North,1,Normal,0.10659361446063703,1,0,0,Rule-Based Only,19.03037268387446,37.38443435871575,100,43.86129493161617,Low Risk
4,2009-04-26,137.52170164493006,42.04767826571977,280.1978761184671,0.0020631086446897,2338,319,5,157.76090675791275,3.3943541488451667,478,South,1,Normal,0.07391542241944654,1,0,0,Rule-Based Only,26.86884200621515,8.03496385947218,100,40.44316196797562,Low Risk
4,2009-04-27,53.527737971898645,26.70702919638146,85.85487280892703,0.0019920784546325,1430,154,0,135.6972027972028,2.311888111888112,324,North,1,Normal,0.13073942604184158,0,0,0,Normal,13.238552772181597,5.446293494704992,0,7.980849759767047,Normal
4,2009-04-28,13.083107821932916,8.454527466858162,54.2815004734351,0.0042485312437664,1077,225,0,121.26926648096564,3.193129062209842,372,North,1,Normal,0.17374645681640866,0,0,0,Normal,2.922520265044009,6.253151790216843,0,3.0245480800762152,Normal
4,2009-04-29,25.763232313421614,10.836334784392404,229.87190094350427,0.0013750375279963,1515,356,14,203.91815181518152,2.984158415841584,605,North,1,Normal,0.1773690940357358,1,0,0,Rule-Based Only,2.053563663226114,10.169776433013952,100,28.569225939866545,Low Risk
4,2009-04-30,16.22794712375542,8.301036812479248,378.769219564102,0.0007829631495442,1362,464,9,243.1350954478708,2.9500734214390603,716,North,1,Normal,0.1624807348541389,1,0,0,Rule-Based Only,5.624812236520357,12.035636241385108,100,30.821315178606454,Low Risk
4,2009-05-01,19.753775031890903,9.696414269727578,96.73179419380897,0.0040545997547,1374,353,8,247.1608442503639,3.032751091703057,693,North,1,Normal,0.17633820056644217,1,0,0,Rule-Based Only,2.300842546448111,11.649016641452345,100,29.062675433587142,Low Risk
4,2009-05-02,12.77649343668562,8.671860999901234,159.29015550450086,-0.0068349134752538,860,79,6,262.60232558139535,3.1965116279069767,323,South,1,Normal,0.1758968053150382,1,0,0,Rule-Based Only,2.4067193689111077,5.429483946881828,100,27.56073067117601,Low Risk
4,2009-05-03,58.2046423480057,8.427093934308722,176.74818180710923,0.0025359001017824,3953,1134,5,178.31039716670884,2.9698962813053376,1662,North,1,Normal,0.1357312849194912,1,0,0,Rule-Based Only,12.041163007638026,27.93746848209783,100,38.00494862434347,Low Risk
4,2009-05-04,18.253832929868523,9.801068722370534,187.8819681783185,-0.0026693547240617,1260,211,16,118.39761904761905,3.0761904761904764,412,South,1,Normal,0.17434956862615364,1,0,0,Rule-Based Only,2.7778527322542974,6.925533703143386,100,28.120309791912995,Low Risk
4,2009-05-05,22.5470471256768,9.598018723512286,81.49221564439186,0.0023004077672556,1070,114,4,148.70841121495326,3.1485981308411213,330,North,1,Normal,0.1769204504588222,1,0,0,Rule-Based Only,2.1611791307486046,5.547150781643974,100,27.467377260785298,Low Risk
4,2009-05-06,12.169534525428816,9.840413921037662,51.913424846348775,0.0032139603157114,851,99,1,173.60047003525264,2.99882491186839,277,North,1,Normal,0.1792279250901322,1,0,0,Rule-Based Only,1.6076886228648108,4.656244747016306,100,26.967905498186482,Low Risk
4,2009-05-07,18.73380328501221,11.320268931266458,65.77428754025435,0.0025133826104119,1173,157,0,140.0861040068201,3.0349531116794544,317,North,1,Normal,0.17962355194702045,0,0,0,Normal,1.5127901971225355,5.328626659942848,0,2.0885517635469797,Normal
4,2009-05-08,13.617512867777176,4.439931341928886,101.4404601561488,0.0002997188103941,2031,662,4,241.4707040866568,3.236336779911374,1124,South,1,Normal,0.15495547142995725,1,0,0,Rule-Based Only,7.429885981684359,18.893931753235837,100,33.43842592915114,Low Risk
4,2009-05-09,17.87715834522822,8.671041702198565,60.684635414776295,0.0031188874304558,1453,440,1,246.41293874741916,2.8726772195457677,709,North,1,Normal,0.17089467630162858,1,0,0,Rule-Based Only,3.60657261564456,11.917969406622962,100,29.78277865947802,Low Risk
4,2009-05-10,45.78339699609852,8.646721892997208,137.7898213974453,0.0019500676941847,3745,1303,3,197.64859813084112,3.1957276368491323,1717,North,1,Normal,0.13193239267861817,1,0,0,Rule-Based Only,12.952397639328398,28.861993612371826,100,38.691697222757156,Low Risk
4,2009-05-11,9.594138931503796,11.436992973526223,373.33095307452186,0.008630429426367,580,66,3,154.3948275862069,2.7706896551724136,194,South,1,Normal,0.1617175251759161,1,0,0,Rule-Based Only,5.80788220690679,3.26105227769373,100,28.71920417287683,Low Risk
4,2009-05-12,19.780394167934517,10.474775538891508,134.81192014853173,-0.0003925447350488,1274,124,9,227.59183673469389,3.130298273155416,469,South,1,Normal,0.17834077489747813,1,0,0,Rule-Based Only,1.8204880201099887,7.883677929063708,100,27.881163492320923,Low Risk
4,2009-05-13,17.223471472429825,10.982862004105902,271.81728091430296,-0.0009411125837438,951,110,5,164.54048370136698,3.240799158780231,368,South,1,Normal,0.1780570325855128,1,0,0,Rule-Based Only,1.8885488664685237,6.18591359892419,100,27.49075283296531,Low Risk
4,2009-05-14,16.226210501347374,11.195323944078,302.87441843901604,-0.0010797458405942,978,120,9,223.70961145194275,3.0623721881390598,381,North,1,Normal,0.1749728778567941,1,0,0,Rule-Based Only,2.6283404741541982,6.404437720625316,100,27.915279667233428,Low Risk
4,2009-05-15,7.303270863235042,9.866680044354572,32.14301002444133,0.0022918458956648,520,74,0,216.7942307692308,3.080769230769231,172,South,1,Normal,0.16493123296861462,0,0,0,Normal,5.037014898449755,2.891242225584132,0,3.2413180056209105,Normal
4,2009-05-16,5.188532023742322,7.550940240590235,37.25358796749055,0.0010971636413795,491,48,0,186.91649694501015,2.9613034623217924,189,North,1,Normal,0.16678234761408606,0,0,0,Normal,4.592990781620589,3.177004538577912,0,3.0907465254547724,Normal
4,2009-05-17,17.679515835854698,9.43240772355736,143.85122841648385,0.0003747836194509,1053,196,9,239.5669515669516,3.3409306742640075,401,South,1,Normal,0.17742459936256266,1,0,0,Rule-Based Only,2.0402496830337467,6.740628677088586,100,27.70528201078902,Low Risk
4,2009-05-18,10.3626129145033,8.248809177909102,164.1212214783471,0.0024976643640315,798,111,6,203.48245614035088,3.1604010025062657,308,North,1,Normal,0.1806019962237086,1,0,0,Rule-Based Only,1.278092223722646,5.177340729534376,100,26.933381294244917,Low Risk
4,2009-05-19,17.015785331502812,9.636544522372022,160.53951455920588,0.0008978442203585,1203,158,7,202.57938487115544,2.997506234413965,447,North,1,Normal,0.18593029967373587,1,0,0,Rule-Based Only,0.0,7.51386787695411,100,26.878466969238527,Low Risk
4,2009-05-20,7.442591431314087,10.801584314471558,66.08518739831274,0.0034891479117202,480,48,1,219.275,2.9875,165,North,1,Normal,0.17190445470964016,1,0,0,Rule-Based Only,3.364358570767661,2.773575390821987,100,27.37557313308933,Low Risk
4,2009-05-21,63.10153507908898,13.429540522959524,548.3722311114271,-0.0115573375203377,2847,745,19,171.40217773094486,3.083245521601686,1110,East,1,Normal,0.13336808135063177,1,0,0,Rule-Based Only,12.608021132885641,18.658598083711546,100,35.96866008737071,Low Risk
4,2009-05-22,1134.817466825455,10.872543073905227,123.27545443700213,-0.0012497808605297,3162,1352,16,174.2213788741303,2.7239089184060723,1681,North,1,Normal,0.00742154667998296,1,0,0,Rule-Based Only,42.818629082878985,28.25684989073794,100,53.473527014123974,Medium Risk
4,2009-05-23,1154.6529911501186,11.36267510948342,450.5308017020937,-0.0020255307179062,3978,1472,24,261.6639014580191,3.411764705882353,2099,North,-1,Anomaly,-0.018962650247277946,1,1,1,Both Methods,49.147367158358996,35.2832408808203,100,58.39449379938458,Medium Risk
4,2009-05-24,10.761990252051216,9.223860169637693,222.53242941303645,0.00404516963321,807,144,4,187.47707558859972,2.869888475836431,283,North,1,Normal,0.18098757612528665,1,0,0,Rule-Based Only,1.1856037462076991,4.757102033955286,100,26.78207738159267,Low Risk
4,2009-05-25,7.583656699962697,9.74041331648585,162.13852787878187,-0.0032940306538537,513,75,8,214.5146198830409,3.0487329434697856,240,South,1,Normal,0.1775848378985907,1,0,0,Rule-Based Only,2.0018135037209706,4.034291477559253,100,27.009479621250296,Low Risk
4,2009-05-26,14.564055255859364,10.22077931811038,220.38771212257723,0.005284955141798,931,102,5,300.1428571428572,3.0762620837808807,351,North,1,Normal,0.17201431027175001,1,0,0,Rule-Based Only,3.338007680473573,5.900151285930408,100,28.14404166171939,Low Risk
4,2009-05-27,27.171326355730628,10.76007269574646,166.70092933557817,-0.0001571140556829,1276,259,12,221.68808777429467,3.0642633228840124,510,South,1,Normal,0.1779680338994073,1,0,0,Rule-Based Only,1.9098968489360775,8.572869389813414,100,28.098165771921394,Low Risk
4,2009-05-28,40.38857158235936,10.259260773762591,129.32048477967783,0.0011770865693308,2074,443,6,225.02941176470588,3.023143683702989,973,North,1,Normal,0.17143684881289228,1,0,0,Rule-Based Only,3.4765225017459658,16.355690031938142,100,30.82718375885752,Low Risk
4,2009-05-29,16.378510817160997,9.416461873034017,111.07698583150324,0.000941831160771,1215,323,3,242.87325102880655,3.1761316872427985,604,North,1,Normal,0.1774760355444377,1,0,0,Rule-Based Only,2.0279117625888956,10.152966885190787,100,28.552197602592145,Low Risk
4,2009-05-30,17.400272160090505,8.749840867250175,57.03401633065682,0.0014780307399553,1298,295,1,214.1926040061633,2.9568567026194144,573,North,1,Normal,0.1759898533292366,1,0,0,Rule-Based Only,2.3844000801365155,9.631870902672718,100,28.600167765736437,Low Risk
4,2009-05-31,4.598768144595318,12.047185570761116,224.63170421208952,-0.0003721569495861,268,23,2,378.089552238806,3.111940298507463,104,South,1,Normal,0.14494838241265234,1,0,0,Rule-Based Only,9.830271540628496,1.7481929736090098,100,30.3521840137165,Low Risk
4,2009-06-01,13.178258206446738,12.032678811636538,279.3264265571413,0.0015381645716835,772,70,11,218.2357512953368,3.0077720207253886,240,North,1,Normal,0.17529610970494258,1,0,0,Rule-Based Only,2.550807331484564,4.034291477559253,100,27.283976535132094,Low Risk
4,2009-06-02,9.573698515750309,9.981261455935895,198.31481401746225,0.0082628648154473,636,53,7,182.9245283018868,3.1650943396226414,249,North,1,Normal,0.1745877624140157,1,0,0,Rule-Based Only,2.720717542627668,4.185577407967726,100,27.406753123305766,Low Risk
4,2009-06-03,10.951788228365096,9.255911852231828,47.422008446720575,0.0016932796420694,806,98,0,221.82630272952852,3.008684863523573,328,North,1,Normal,0.1769852852136397,0,0,0,Normal,2.1456273145398663,5.513531685997647,0,2.451196578769345,Normal
4,2009-06-04,79.22514364055245,29.354506023040344,142.57170741184504,0.0058483352386181,1902,302,6,120.45741324921136,2.5856992639327023,579,North,1,Normal,0.1297753632748604,1,0,0,Rule-Based Only,13.469801074237836,9.732728189611699,100,34.16808258452184,Low Risk
4,2009-06-05,46.28244391229845,19.05045374678092,333.6418100533195,0.0013472377985004,1724,278,2,310.2592807424594,3.397331786542924,572,North,1,Normal,0.14619754432217963,1,0,0,Rule-Based Only,9.530636931280341,9.615061354849555,100,32.16908380435256,Low Risk
4,2009-06-06,22.58611662911351,8.494373617751933,81.37818210484689,0.0007932709200616,1764,245,3,202.2585034013605,3.056122448979592,767,North,1,Normal,0.1773703630895827,1,0,0,Rule-Based Only,2.0532592571673347,12.892923180366447,100,29.24986042367528,Low Risk
4,2009-06-07,21.8260745290999,6.607917874893885,69.38204150507256,0.0023534884704174,2353,900,1,272.18742031449216,3.0407989800254995,1307,North,1,Normal,0.15227779477209963,1,0,0,Rule-Based Only,8.07217629907121,21.97007900487477,100,34.528607900754295,Low Risk
4,2009-06-08,9.488557838062784,9.13663793798593,71.19428750750052,0.0009907904333825,685,103,3,328.16350364963506,3.075912408759124,277,South,1,Normal,0.17134602129719279,1,0,0,Rule-Based Only,3.4983091628481935,4.656244747016306,100,27.913215768178173,Low Risk
4,2009-06-09,8.33640064465134,8.686920199906266,80.54872561635075,0.0032965411861517,652,103,2,153.06288343558282,2.96319018404908,240,North,1,Normal,0.1798811638193329,1,0,0,Rule-Based Only,1.4509972204594908,4.034291477559253,100,26.73407147961956,Low Risk
4,2009-06-10,9.365644520371172,10.17587438974012,214.78891360587963,0.0023195777952868,648,86,3,150.59722222222223,2.8950617283950617,183,North,1,Normal,0.17613848193036902,1,0,0,Rule-Based Only,2.3487487586395894,3.0761472516389308,100,26.943411192229526,Low Risk
4,2009-06-11,27.524596852516428,12.549948986431067,249.60173919436983,-0.0017645989445373,1485,365,17,4.9400673400673405,2.911784511784512,673,North,1,Normal,0.15737550549086315,1,0,0,Rule-Based Only,6.849396010834079,11.312825684989074,100,31.25290442666431,Low Risk
4,2009-06-12,22.750391071020758,7.376879823690112,261.1348189697997,-0.0012566470827641,1987,674,9,231.6295923502768,3.1540010065425266,1094,North,1,Normal,0.1643279839463092,1,0,0,Rule-Based Only,5.181715344212257,18.389645318540932,100,32.18826900174136,Low Risk
4,2009-06-13,73.74466848188433,10.395867478859936,239.51001012175988,0.0021982522370245,5023,1927,5,485.0587298427235,3.2795142345212023,2309,North,1,Normal,0.04343582191375517,1,0,0,Rule-Based Only,34.179938446921355,38.813245923684654,100,51.79328070438184,Medium Risk
4,2009-06-14,38.32382325012339,11.37602056224302,176.70259279418184,0.0022295653208047,2267,797,9,302.6665196294663,3.0608734009704457,1113,North,1,Normal,0.1547285654973155,1,0,0,Rule-Based Only,7.484313570267824,18.709026727181037,100,33.41941346692917,Low Risk
4,2009-06-15,7.413497874442901,8.819054020034082,22.9261504465388,0.0024008898825897,470,49,1,153.30212765957447,2.8468085106382977,146,North,1,Normal,0.16190970113496056,1,0,0,Rule-Based Only,5.761785245435887,2.454193982181879,100,28.494441118263413,Low Risk
4,2009-06-16,7.479673652911517,10.068450078304863,328.2879179566035,0.001645465929764,521,47,3,210.26871401151632,3.103646833013436,186,South,1,Normal,0.166238439161414,1,0,0,Rule-Based Only,4.723457293202921,3.1265758951084215,100,28.143372620378564,Low Risk
4,2009-06-17,30.16851068359488,9.666366901404851,277.9232587720782,-0.0009191041564086,2112,591,12,238.0847537878788,2.977272727272727,863,North,1,Normal,0.1682385201520838,1,0,0,Rule-Based Only,4.243700840710064,14.506639771390152,100,30.74851036320257,Low Risk
4,2009-06-18,10.244918191596309,4.915841117794977,115.03045571307048,0.0016467936453551,1436,350,2,156.69220055710306,3.0536211699164344,699,North,1,Normal,0.17602858197043975,1,0,0,Rule-Based Only,2.3751102985725887,11.749873928391326,100,29.125023631384124,Low Risk
4,2009-06-19,13.463480685676194,11.27514979461882,94.44296598229792,0.0016763931273832,841,64,2,181.86563614744352,2.956004756242568,309,North,1,Normal,0.18044432067796162,1,0,0,Rule-Based Only,1.315913622368663,5.194150277357539,100,26.956494380523715,Low Risk
4,2009-06-20,12.344924596490973,11.70805961208874,218.5215643487236,0.0008705096005271,610,83,11,411.48196721311473,2.862295081967213,271,North,1,Normal,0.16092809417452042,1,0,0,Rule-Based Only,5.9972418470834805,4.555387460077323,100,29.13746778856107,Low Risk
4,2009-06-21,25.95219160229193,8.754068144080048,174.14414387448306,0.0041597464195081,1968,440,18,240.0071138211382,2.869918699186992,837,South,1,Normal,0.17466191919853263,1,0,0,Rule-Based Only,2.702929665019666,14.069591527987896,100,29.868862714506808,Low Risk
4,2009-06-22,8.570034250440221,11.259530622777453,203.28379055831184,0.001280959930074,456,58,4,208.93201754385964,2.9100877192982457,145,South,1,Normal,0.17035760206303907,1,0,0,Rule-Based Only,3.735399814459503,2.437384434358716,100,27.477046015819433,Low Risk
4,2009-06-23,21.60456374493585,10.991959679085989,149.41303915123677,-0.0008062447135182,1299,194,12,237.14241724403388,3.151655119322556,517,North,1,Normal,0.1773839757754046,1,0,0,Rule-Based Only,2.0499940024655112,8.690536224575558,100,28.197631057376643,Low Risk
4,2009-06-24,9.578702605587283,10.6091230305572,125.20647448557531,0.0006979571713071,631,37,2,212.2931854199683,3.212361331220285,180,South,1,Normal,0.17099212508490258,1,0,0,Rule-Based Only,3.5831977209371093,3.0257186081694405,100,27.548028512510914,Low Risk
4,2009-06-25,24.771842640554,7.833181836404915,280.77308619068185,-0.00089349898727,1920,483,13,183.50052083333333,2.9442708333333334,867,North,1,Normal,0.17383295267485782,1,0,0,Rule-Based Only,2.901772632123904,14.573877962682804,100,30.09435580673265,Low Risk
4,2009-06-26,14.838292829606194,9.740133437732268,72.17682036797977,0.0044745010243686,1027,121,3,230.91918208373903,2.853943524829601,352,North,1,Normal,0.18025752503972986,1,0,0,Rule-Based Only,1.3607200142884215,5.916960833753572,100,27.159600215582604,Low Risk
4,2009-06-27,27.61669389522712,7.956789359685111,425.23195166343504,0.0008932410182527,2305,638,12,269.1553145336226,2.872451193058568,1142,South,1,Normal,0.1560376189963466,1,0,0,Rule-Based Only,7.170312854422707,19.19650361405278,100,33.384282330724545,Low Risk
4,2009-06-28,38.70120090539418,12.150342233816684,86.00860733597342,-1.707572017983925e-05,1401,390,3,212.220556745182,3.044967880085653,565,North,1,Normal,0.1746441746354203,1,0,0,Rule-Based Only,2.7071860269817645,9.49739452008741,100,28.727941643512736,Low Risk
4,2009-06-29,14.284646243099512,9.661577360795748,188.42976073176743,0.0025236246892832,982,101,4,190.3859470468432,2.9918533604887982,356,South,1,Normal,0.1812987787240491,1,0,0,Rule-Based Only,1.1109560416970794,5.984199025046226,100,27.051527777110095,Low Risk
4,2009-06-30,11.765891600675031,9.1341457018454,54.152191704318334,-0.0012890565128693,852,78,2,280.274647887324,3.096244131455399,358,South,1,Normal,0.17214456181302634,1,0,0,Rule-Based Only,3.3067644369919518,6.017818120692554,100,28.157836748669116,Low Risk
4,2009-07-01,25.02267375449692,9.60819217048934,242.97668930076563,0.0034827529820321,1794,494,5,209.14715719063545,2.971014492753623,729,North,1,Normal,0.17587445120112566,1,0,0,Rule-Based Only,2.4120814169678284,12.254160363086234,100,29.269580799255472,Low Risk
4,2009-07-02,51.75607220382665,5.866016556421084,224.34872948869184,0.0008779292031821,5813,2387,17,175.03612592465166,3.0005160846378804,3228,North,1,Normal,0.021237774009658095,1,0,0,Rule-Based Only,39.50455118231353,54.26122037317196,100,58.31758068444975,Medium Risk
4,2009-07-03,32.79023436645705,7.593359716110944,244.6922126063416,0.0028379767882441,2797,1125,11,229.4604933857705,3.0225241329996426,1544,North,1,Normal,0.14628015045673876,1,0,0,Rule-Based Only,9.510822320644516,25.953941838964532,100,36.24389662006339,Low Risk
4,2009-07-04,26.58171498964265,7.993690416989252,198.55909143741485,0.0013011860885051,2204,476,10,171.1265880217786,2.915154264972777,983,North,1,Normal,0.1730112234357875,1,0,0,Rule-Based Only,3.098879602534142,16.523785510169777,100,30.680386178809513,Low Risk
4,2009-07-05,53.24697980824793,10.862604153205288,73.70574363940169,0.0044991406700517,2006,524,3,211.74975074775676,2.7148554336989035,855,North,1,Normal,0.1629213175805626,1,0,0,Rule-Based Only,5.519130313215895,14.37216338880484,100,31.352606003809157,Low Risk
4,2009-07-06,7.046208346107201,10.32951838487599,90.43620080128862,0.0017889409155818,486,62,3,218.9094650205761,2.921810699588477,180,North,1,Normal,0.17476385186567628,1,0,0,Rule-Based Only,2.678479227757326,3.0257186081694405,100,27.095669265921025,Low Risk
4,2009-07-07,11.035017088021071,9.59919001207871,82.37546327256366,0.0026336991215412,781,58,4,217.9743918053777,3.1946222791293213,282,South,1,Normal,0.1780309317964059,1,0,0,Rule-Based Only,1.8948096239316536,4.740292486132123,100,27.13247793349886,Low Risk
4,2009-07-08,20.47536231753498,8.795333421692515,386.6317271203414,0.0039952016688455,1327,202,12,182.55538809344387,2.8636021100226072,534,North,1,Normal,0.17230311634139084,1,0,0,Rule-Based Only,3.2687321980927884,8.97629853756934,100,28.87844073343873,Low Risk
4,2009-07-09,8.394777889947935,8.874006141478308,75.5292829323489,0.0021582806674084,631,70,4,163.82884310618067,2.974643423137876,210,South,1,Normal,0.17990041315120048,1,0,0,Rule-Based Only,1.4463799118541234,3.530005042864347,100,26.605691216643148,Low Risk
4,2009-07-10,23.52666707482243,7.853360082215746,69.00574944952307,0.0021006215558093,2068,557,1,233.3273694390716,3.2959381044487426,1048,South,1,Normal,0.1660699643915695,1,0,0,Rule-Based Only,4.763869085671424,17.616406118675407,100,31.786036072504565,Low Risk
4,2009-07-11,24.614100309511024,6.415108410508384,288.2976562700716,0.0083492103941757,2593,807,36,196.0725028924026,2.9652911685306598,1394,North,1,Normal,0.15263007380101312,1,0,0,Rule-Based Only,7.987675652353614,23.43250966549,100,34.851965242549305,Low Risk
4,2009-07-12,41.802197598084106,9.09553743932995,112.65630231954664,-0.0008590160778256,1757,481,10,227.70517928286853,3.026750142287991,874,North,1,Normal,0.17201256989977481,1,0,0,Rule-Based Only,3.3384251409107923,14.69154479744495,100,30.342098769816634,Low Risk
4,2009-07-13,18.504780902672803,7.614446441480999,218.2767937893753,-0.0001244921678006,1592,327,10,203.78391959798995,3.10929648241206,694,North,1,Normal,0.17635402959671348,1,0,0,Rule-Based Only,2.2970456604995966,11.66582618927551,100,29.064979377568676,Low Risk
4,2009-07-14,35.39958770903675,11.054630403591018,100.28584441583229,0.0032169669835546,2199,400,2,228.84402000909503,2.98681218735789,820,North,1,Normal,0.17057842996164452,1,0,0,Rule-Based Only,3.682430154860407,13.783829214994118,100,30.28717238117873,Low Risk
4,2009-07-15,17.18650365521656,9.050248386126714,182.2214913069624,0.0018616141394814,1066,163,6,267.1303939962477,3.101313320825516,414,South,1,Normal,0.17885541350180784,1,0,0,Rule-Based Only,1.6970424235162156,6.959152798789712,100,27.588309411455537,Low Risk
4,2009-07-16,85.03867564118252,27.68979558490049,146.8708730060743,0.0022249639660799,2174,296,4,175.5947562097516,3.183532658693652,645,North,1,Normal,0.14223621878425935,1,0,0,Rule-Based Only,10.480834196344874,10.842158345940495,100,32.95095668465756,Low Risk
4,2009-07-17,45.59264587617791,11.5800561137366,382.05546630747705,-0.0056275765291389,1367,200,24,229.0892465252377,2.851499634235552,611,South,1,Normal,0.15804718974321763,1,0,0,Rule-Based Only,6.688280108224061,10.270633719952933,100,30.911798484100267,Low Risk
4,2009-07-18,51.6102096206808,12.20168534511702,176.15909079037766,0.0013086979115457,2152,496,9,246.74953531598516,2.902416356877324,829,South,1,Normal,0.1670197818220504,1,0,0,Rule-Based Only,4.536037791294293,13.935115145402587,100,30.751797681997793,Low Risk
4,2009-07-19,39.43240672633264,8.475301457469373,479.6848087292813,0.0057376879584958,3020,1053,17,221.40960264900664,2.986754966887417,1542,North,1,Normal,0.13641707446875478,1,0,0,Rule-Based Only,11.876663688437365,25.920322743318202,100,37.41841253004823,Low Risk
4,2009-07-20,19.11406238948075,7.329401593832163,245.24719704527837,0.0033513554944598,1501,338,21,378.37375083277817,2.8534310459693537,803,North,1,Normal,0.15904896101017396,1,0,0,Rule-Based Only,6.44798672436299,13.498066902000335,100,31.59851008768158,Low Risk
4,2009-07-21,7.20952843460618,7.496191008179463,78.78607636434717,0.0013560369757188,612,79,2,437.5669934640523,2.94281045751634,290,North,1,Normal,0.15956402455971652,1,0,0,Rule-Based Only,6.324439196793036,4.874768868717432,100,29.380911815575878,Low Risk
4,2009-07-22,4.852807651305407,8.138401410153008,122.89494608905706,0.0029812622275112,362,54,7,1104.1850828729282,2.75414364640884,179,North,1,Normal,0.09350717323978008,1,0,0,Rule-Based Only,22.16939787593539,3.008909060346277,100,36.83692620305426,Low Risk
4,2009-07-23,30.784768376419297,11.382089045721044,80.61352947319016,0.0031204125036437,1914,508,3,238.50522466039703,2.7612330198537096,790,North,1,Normal,0.16921979535418968,1,0,0,Rule-Based Only,4.00832381744068,13.279542780299211,100,30.324047603795144,Low Risk
4,2009-07-24,57.83516069545437,12.20437061792076,154.33512951107346,-0.0005679489044588,3214,963,7,209.0874299937772,2.553827006845053,1307,North,1,Normal,0.13301649838264146,1,0,0,Rule-Based Only,12.692354816504853,21.97007900487477,100,36.83869715947112,Low Risk
4,2009-07-25,30.23999808913167,10.10067372159726,182.30384494532944,0.0030116212388394,1923,709,14,245.470618824753,3.1029641185647425,962,North,1,Normal,0.1668478650433397,1,0,0,Rule-Based Only,4.5772752133102,16.170785005883342,100,31.331333858125937,Low Risk
4,2009-07-26,42.46165988233448,9.294364587450266,217.5162530874476,0.0038202193737439,2957,1059,17,221.4748055461617,2.885356780520798,1547,North,1,Normal,0.14819150262580477,1,0,0,Rule-Based Only,9.052349118622551,26.004370482434027,100,36.02726717991978,Low Risk
4,2009-07-27,7.227458696732617,10.749951246669193,68.90148132997086,0.0039372189109267,462,29,0,280.2077922077922,3.324675324675325,186,South,1,Normal,0.15969850772189836,0,0,0,Normal,6.292180920698538,3.1265758951084215,0,3.9277344341263745,Normal
4,2009-07-28,11.938968096668834,8.802498820549518,82.90519078386116,-0.0005601467721492,898,181,6,311.6436525612472,2.923162583518931,399,North,1,Normal,0.17560899282640602,1,0,0,Rule-Based Only,2.4757565224931133,6.70700958144226,100,27.914630656607123,Low Risk
4,2009-07-29,1.9491167565065568,12.31569021005262,45.157366523109786,0.0005196667486809,103,1,1,337.13592233009706,3.495145631067961,24,South,1,Normal,0.1187062359633157,1,0,0,Rule-Based Only,16.124936179241814,0.4034291477559254,100,33.16332537655989,Low Risk
5,2008-10-24,35.171903141890056,5.4942452581525805,340.3655806567888,0.0009305759949525,4298,1285,11,151.740577012564,3.040251279664961,2057,North,1,Normal,0.10501993421754124,1,0,0,Rule-Based Only,19.40784902323655,34.57723987224743,100,43.34823447968013,Low Risk
5,2008-10-25,18.803924637560872,8.166162905553442,225.70853207329503,0.0064738448689177,1482,312,9,144.8697705802969,2.8771929824561404,518,North,1,Normal,0.1765210382309753,1,0,0,Rule-Based Only,2.256985547792709,8.707345772398723,100,28.305329216996036,Low Risk
5,2008-10-26,7.718316266885786,2.15719435306863,391.59607654132594,0.00474852975411,1776,1281,4,193.7911036036036,2.2438063063063063,1101,North,1,Normal,0.09473308027608718,1,0,0,Rule-Based Only,21.87534137843937,18.507312153303076,100,40.564498727545455,Low Risk
5,2008-10-27,51.49220009979112,8.54418922401802,289.4431047873014,-0.0002909462655024,1921,605,18,216.45757418011453,2.9614783966684017,962,East,1,Normal,0.16438915255695413,1,0,0,Rule-Based Only,5.167042920553504,16.170785005883342,100,31.62621771174759,Low Risk
5,2008-10-28,25.84733275272892,4.8028462231338445,240.0024628798928,-0.0005549480411641,3352,1256,17,189.4200477326969,2.917064439140812,2025,North,1,Normal,0.12159994570610427,1,0,0,Rule-Based Only,15.430826327080597,34.039334341906205,100,41.22524674901685,Low Risk
5,2008-10-29,26.553336633155567,5.383802421889258,139.84608449595996,0.001408723209167,3060,1235,19,145.43823529411765,2.8830065359477124,1729,North,1,Normal,0.13639526712944916,1,0,0,Rule-Based Only,11.881894582482346,29.06370818624979,100,38.20687433780362,Low Risk
5,2008-10-30,12.49782842403073,3.62848555509983,82.47262175702693,0.0024631711051885,2166,1132,6,273.12142197599263,2.886426592797784,1213,North,1,Normal,0.1366669744285806,1,0,0,Rule-Based Only,11.816720556752482,20.389981509497396,100,36.005855655750594,Low Risk
5,2008-10-31,19.92887360932498,5.334316457057712,83.11147133842006,0.0010739987925084,2058,651,4,154.01895043731778,2.9514091350826046,924,North,1,Normal,0.16782210983238327,1,0,0,Rule-Based Only,4.343584564765678,15.532022188603126,100,31.05479782953362,Low Risk
5,2008-11-01,80.91296055406917,7.0937310250385766,290.3006636856164,0.0023777537764334,7378,2712,40,220.97465437788017,2.8701545134182704,3718,North,-1,Anomaly,-0.032515934744821284,1,1,1,Both Methods,52.39837335285833,62.4978988065221,100,66.82366137805968,Medium Risk
5,2008-11-02,2.078093162098769,15.229996014088435,92.60750256314536,0.0217466669621389,44,0,2,511.8181818181818,3.772727272727273,25,South,1,Normal,0.08390904151470863,1,0,0,Rule-Based Only,24.471687457437483,0.4202386955790889,100,37.34090340261351,Low Risk
5,2008-11-03,19.31262168166018,6.551449855842218,174.03361421183735,0.0015816733071244,1471,364,14,547.8497620666213,2.957851801495581,836,North,1,Normal,0.14849330655037407,1,0,0,Rule-Based Only,8.979955860111904,14.052781980164733,100,33.00317342509713,Low Risk
5,2008-11-04,32.27696777411396,6.811986601283571,615.2733454934067,0.0072062323387554,2561,930,45,190.99258102303787,3.051932838734869,1709,North,1,Normal,0.12251023346082995,1,0,0,Rule-Based Only,15.212476957234012,28.72751722978652,100,39.78811778606364,Low Risk
5,2008-11-05,11.890637576192232,9.506520382479918,54.68878072928412,0.0003638996814735,808,81,1,149.23267326732673,3.018564356435644,233,South,1,Normal,0.17792121989465576,1,0,0,Rule-Based Only,1.9211260546289233,3.916624642797109,100,26.939719188013736,Low Risk
5,2008-11-06,4.1427246938147375,5.663447652434686,13.306939244628724,0.0025391348570415,321,14,2,163.36760124610592,2.0716510903426792,94,North,1,Normal,0.11861480188242485,1,0,0,Rule-Based Only,16.14686833623434,1.5800974953773743,100,33.46845854196152,Low Risk
5,2008-11-07,17.872474880803928,7.206043249283696,139.64734749330933,0.0011575118804944,1328,364,5,145.28087349397592,2.8689759036144578,619,North,1,Normal,0.17991149396265077,1,0,0,Rule-Based Only,1.4437219740921359,10.405110102538242,100,28.32313851268063,Low Risk
5,2008-11-08,15.670921276697698,10.9614682961766,146.2120070568054,0.0046117558571056,838,78,6,133.7183770883055,2.763723150357995,225,South,1,Normal,0.17726681810136125,1,0,0,Rule-Based Only,2.07809643948859,3.7821482602118004,100,26.984585284797244,Low Risk
5,2008-11-09,10.243606636713642,11.313159007443607,1279.7157540454882,0.1111635533750169,466,85,5,173.92060085836908,2.6545064377682404,189,North,1,Normal,0.06093654618285799,1,0,0,Rule-Based Only,29.98206574548202,3.177004538577912,100,40.785284007385485,Low Risk
5,2008-11-10,9.048579398767648,4.361577072543652,416.8248548747847,0.0106885101827858,988,406,9,225.90182186234816,2.840080971659919,644,North,1,Normal,0.14514816372079903,1,0,0,Rule-Based Only,9.782350295379953,10.82534879811733,100,32.59751234721931,Low Risk
5,2008-11-11,19.748746459005115,6.655300658358048,317.5178688945179,0.0036622415101406,1727,535,18,168.30689056166764,2.9861030689056167,967,North,1,Normal,0.17039713249319072,1,0,0,Rule-Based Only,3.7259177089730047,16.25483274499916,100,30.926667040736294,Low Risk
5,2008-11-12,3.125125419639061,12.019085238317263,39.62602426512935,2.119802339963597e-05,105,9,1,-172.7809523809524,2.104761904761905,30,North,1,Normal,0.0884722619413611,1,0,0,Rule-Based Only,23.377114560616636,0.5042864346949066,100,36.81462888898204,Low Risk
5,2008-11-13,26.877823774480017,6.781593075959193,99.47857058143084,0.0003696335935158,2648,765,4,142.0275679758308,3.001510574018127,1068,North,1,Normal,0.16442841990345247,1,0,0,Rule-Based Only,5.1576239205516385,17.95259707513868,100,32.06696122906049,Low Risk
5,2008-11-14,5.720747765106807,6.794829601178627,49.381454664924725,0.0021212080095902,396,97,2,215.33080808080808,2.9823232323232323,164,North,1,Normal,0.16717062536619565,1,0,0,Rule-Based Only,4.499855174711183,2.7567658429988233,100,27.939119048105297,Low Risk
5,2008-11-15,49.13631373107635,10.14063652544576,164.1157747912238,0.0034036249940469,3043,986,11,81.3539270456786,2.655603023332238,1181,North,1,Normal,0.1374552794818827,1,0,0,Rule-Based Only,11.62763099607037,19.85207597915616,100,35.77683449282422,Low Risk
5,2008-11-16,5.189627474718588,7.625309403287449,117.08034691794217,-0.003346573651276,378,97,4,195.77777777777777,3.0,191,North,1,Normal,0.17306902301981275,1,0,0,Rule-Based Only,3.0850153022798676,3.210623634224239,100,27.345163559695994,Low Risk
5,2008-11-17,17.525445643292368,7.758596818534775,343.55852938610354,-0.0017188150075113,1295,328,9,266.13204633204634,3.1142857142857143,577,North,1,Normal,0.16194526123290037,1,0,0,Rule-Based Only,5.75325549763193,9.699109093965372,100,30.301405022307307,Low Risk
5,2008-11-18,13.129514249592198,5.359572255628177,107.68691761971444,-2.4433327081253623e-05,1388,389,5,241.70749279538904,2.88328530259366,829,North,1,Normal,0.17254011547463233,1,0,0,Rule-Based Only,3.211883568493173,13.935115145402587,100,30.089720570597233,Low Risk
5,2008-11-19,8.077959610756416,7.562374803737082,138.4123047955073,0.0015317300361934,674,154,4,190.43026706231453,2.4807121661721068,232,North,1,Normal,0.17127258873310824,1,0,0,Rule-Based Only,3.515923322778215,3.899815094973945,100,27.732915435132593,Low Risk
5,2008-11-20,6.033073390554791,8.9892366047776,93.76214626158873,0.0021429468803613,452,49,3,94.53761061946902,3.077433628318584,155,South,1,Normal,0.16529648101642985,1,0,0,Rule-Based Only,4.94940339245714,2.605479912590351,100,28.12607167437616,Low Risk
5,2008-11-21,14.979091636675818,8.601871698472983,176.20356295662782,-9.649228765512902e-05,1188,164,6,117.13720538720538,2.8181818181818183,380,North,1,Normal,0.17918706087977415,1,0,0,Rule-Based Only,1.6174906602256727,6.387628172802151,100,27.405652373313373,Low Risk
5,2008-11-22,25.842244693023662,4.769742316768594,978.3792161063892,0.0055845781887379,3097,1522,6,199.538585728124,3.023248304811108,1752,North,1,Normal,0.08786164722078488,1,0,0,Rule-Based Only,23.52358180546829,29.45032778618255,100,44.12437284927979,Low Risk
5,2008-11-23,4.40192884105493,7.403700557447406,229.99612049337588,0.0044076097231508,277,42,9,224.1768953068592,2.48014440433213,115,North,1,Normal,0.14354789782253197,1,0,0,Rule-Based Only,10.166203696306884,1.933097999663809,100,30.566376348069394,Low Risk
5,2008-11-24,29.24805538408406,7.051482231021591,241.75099622660665,-0.0018712123273473,2706,657,27,40.62269031781227,3.0643015521064303,1225,North,1,Normal,0.14450261465608183,1,0,0,Rule-Based Only,9.937197189402527,20.591696083375357,100,35.1165226155451,Low Risk
5,2008-11-25,31.285439244129783,5.300157664354057,369.3443151434054,0.0003878123002977,2813,952,28,191.0575897618201,3.003910415926057,1854,North,1,Normal,0.13148867029336087,1,0,0,Rule-Based Only,13.058832667927629,31.164901664145233,100,39.32064175000012,Low Risk
5,2008-11-26,50.30075606464087,8.877923016911032,537.2197226378737,-0.010716827931151,3254,891,33,154.61923786109404,2.94161032575292,1724,North,1,Normal,0.11240116637076375,1,0,0,Rule-Based Only,17.637323844818464,28.97966044713397,100,41.063577034192726,Low Risk
5,2008-11-27,39.84416452766517,8.201571403473574,634.4210552806825,-0.0008363742482795,2996,867,32,117.29672897196262,3.0564085447263016,1409,North,1,Normal,0.13221146799292072,1,0,0,Rule-Based Only,12.885456258757962,23.68465288283745,100,37.363891350088345,Low Risk
5,2008-11-30,2035.7027511950653,4.854960984255428,260.83980521984694,0.002073247934122,5505,2596,18,82.61544050862852,3.077020890099909,3607,North,-1,Anomaly,-0.1017881756417276,1,1,1,Both Methods,69.01460274754955,60.632038998150946,100,74.6653111233125,Medium Risk
5,2008-12-04,2005.8483988991752,8.617197383124001,62.52673483489077,0.0020619060352607,364,63,1,48.63736263736264,2.5,168,North,-1,Anomaly,-0.007487089554880422,1,1,1,Both Methods,46.394741482782,2.8240040342914776,100,48.90337174996387,Low Risk
5,2008-12-05,51.82149449770986,26.850788155504706,179.88107833101722,0.0005037870126568,1370,228,6,181.32481751824815,2.5496350364963503,360,North,1,Normal,0.1427013087024308,1,0,0,Rule-Based Only,10.369273769405659,6.051437216338881,100,31.69749618878755,Low Risk
5,2008-12-06,9.612190253426478,11.338973850321336,95.58103018258376,-0.0057201972146872,360,40,8,189.71944444444443,2.958333333333333,121,South,1,Normal,0.16196492777990212,1,0,0,Rule-Based Only,5.7485381122528585,2.03395528660279,100,28.382757877777127,Low Risk
5,2009-01-13,47.28211963504357,8.028438906640007,3296.192351929028,-0.0926387848802122,5687,2216,268,222.9831193951117,2.913662739581502,3387,North,-1,Anomaly,-0.13773700864686567,1,1,1,Both Methods,77.63759585345754,56.933938477054966,100,78.05228254599251,High Risk
5,2009-01-14,84.61523175849075,8.766029778197412,1054.0653874665757,0.120475823021852,10771,4282,746,243.42159502367468,2.660291523535419,5949,North,-1,Anomaly,-0.21988174510517733,1,1,1,Both Methods,97.3415316130804,100.0,100,98.6707658065402,High Risk
5,2009-01-15,9.848640687024137,8.968399269573965,249.3790944630992,0.0988007158920948,1445,325,74,158.440830449827,3.1342560553633216,722,North,1,Normal,0.13076193854705354,1,0,0,Rule-Based Only,13.233152731039466,12.136493528324088,100,34.650699747600754,Low Risk
5,2009-01-16,56.98846234023472,8.5389996149339,956.1299647469564,0.0404696106058145,8507,3357,428,306.16315975079345,3.038556482896438,4650,North,-1,Anomaly,-0.16458039149100434,1,1,1,Both Methods,84.07647817186754,78.16439737771054,100,86.5793384303614,High Risk
5,2009-01-17,55.21197628476111,38.76471612643533,269.4339144996977,0.051439013802659,1787,112,57,184.9194180190263,4.925573587017348,327,West,1,Normal,0.016920036937897065,1,0,0,Rule-Based Only,40.54024035190624,5.4967221381744835,100,46.64430071049674,Low Risk
5,2009-01-19,11.763576431019397,9.348436424408307,155.7030742948488,0.0867722926752925,1831,90,49,280.5046422719825,2.8836701256144184,599,North,1,Normal,0.1387631178920256,1,0,0,Rule-Based Only,11.313921741789645,10.06891914607497,100,33.17419065741356,Low Risk
5,2009-01-20,3.864587851385268,11.235426735712547,822.2156037510008,-0.3782044140885557,383,63,22,285.5926892950392,3.566579634464752,238,South,1,Normal,0.02624825898248745,1,0,0,Rule-Based Only,38.30269360402196,4.000672381912927,100,45.15151489748921,Low Risk
5,2009-01-22,430.8862691727975,15.862799752337107,158.3576001512506,0.0259654807628188,675,61,21,72.06518518518519,4.586666666666667,162,West,1,Normal,0.027521442379274785,1,0,0,Rule-Based Only,37.99729699625212,2.723146747352496,100,44.679435184964184,Low Risk
5,2009-02-08,18.39254417280156,21.794754167771128,314.0572810288326,0.0388638803866918,1597,94,42,85.53099561678147,3.179085785848466,362,North,1,Normal,0.1377168608606672,1,0,0,Rule-Based Only,11.564885859793751,6.085056311985207,100,32.30370700789317,Low Risk
5,2009-02-22,448.9274180282587,7.888463128395664,394.027231665352,-0.0012372079336274,1767,465,20,253.1262026032824,2.9258630447085454,814,North,1,Normal,0.08554941851273062,1,0,0,Rule-Based Only,24.07821266666995,13.682971928055135,100,40.459849315348755,Low Risk
5,2009-02-23,3.032108829998666,9.53093469692063,23.151710702274585,0.0018723646212751,123,14,2,148.7642276422764,2.430894308943089,32,North,1,Normal,0.12781312826983543,1,0,0,Rule-Based Only,13.940479466442754,0.5379055303412339,100,32.10471611580668,Low Risk
5,2009-02-24,7.721896764861641,11.19341251674282,400.4448320285887,-0.0439499271674969,300,26,10,223.22,2.566666666666667,107,North,1,Normal,0.11223905034352144,1,0,0,Rule-Based Only,17.676210375156398,1.7986216170785008,100,34.28776059184783,Low Risk
5,2009-02-25,2.2187307691342624,9.638132883331496,123.12209033612486,0.0031592371260672,89,8,3,250.4494382022472,2.067415730337079,24,North,1,Normal,0.10927092391223436,1,0,0,Rule-Based Only,18.388170447707118,0.4034291477559254,100,34.294942510792545,Low Risk
5,2009-02-27,3.656847262163348,5.741690442200008,34.627871913803624,-0.0011417791144804,281,9,2,408.5053380782918,3.5622775800711746,112,West,1,Normal,0.12021458922680156,1,0,0,Rule-Based Only,15.763129725317333,1.8826693561943184,100,33.352232201707245,Low Risk
5,2009-02-28,11.55737961585225,21.51031629510925,404.1188194041033,-0.0448970653102056,202,17,18,117.5,3.5544554455445545,102,South,1,Normal,0.0867357628500523,1,0,0,Rule-Based Only,23.793646014937593,1.714573877962683,100,37.32546647695947,Low Risk
5,2009-03-04,1.7200158231796638,9.870886771894057,42.347618431299374,0.0038441194377713,53,7,1,313.47169811320754,3.1132075471698117,26,North,1,Normal,0.12770588492371004,1,0,0,Rule-Based Only,13.966203768373822,0.43704824340225246,100,32.09236394503748,Low Risk
5,2009-03-07,5.745236071749208,6.525777490346353,80.17820713666435,-0.0001460157222933,152,51,4,405.04605263157896,3.236842105263158,100,North,1,Normal,0.14154614189381792,1,0,0,Rule-Based Only,10.646361913697268,1.6809547823163555,100,30.743419652427725,Low Risk
5,2009-03-11,0.5758641500915758,7.255854948663949,136.34436227310752,0.0036772886484278,44,8,2,103.22727272727272,4.227272727272728,25,North-West,1,Normal,0.10063754918606405,1,0,0,Rule-Based Only,20.459045202774874,0.4202386955790889,100,35.33458227528221,Low Risk
5,2009-03-12,9.12678835869473,9.647407685736503,30.267828135201192,0.0031118553056996,296,25,3,218.65878378378375,2.2195945945945947,117,North,1,Normal,0.13406241825345555,1,0,0,Rule-Based Only,12.44147157269905,1.9667170953101363,100,31.712415060177058,Low Risk
5,2009-03-13,2.4223144872722155,8.206789396794397,74.78173652524524,0.0036165840065744,106,13,2,141.32075471698113,3.047169811320755,42,North,1,Normal,0.14848337084314506,1,0,0,Rule-Based Only,8.982339123427458,0.7060010085728694,100,29.667669813856946,Low Risk
5,2009-03-14,4.070008420779142,7.151543089502009,63.65162669672967,0.0016870857583636,398,58,0,141.99748743718592,3.007537688442211,123,South,1,Normal,0.16606995909831657,0,0,0,Normal,4.763870355356136,2.0675743822491177,0,2.8988287732403477,Normal
5,2009-03-19,7.32906457821564,15.29730359554828,401.0018861691159,0.1177641756809093,200,10,13,150.43,2.785,103,East,1,Normal,0.08494805930019367,1,0,0,Rule-Based Only,24.222459806574026,1.7313834257858465,100,37.544075759733474,Low Risk
6,2008-10-23,3.2709200360089588,8.474570755380743,77.88331375283116,0.0041065257858067,279,36,2,230.48745519713265,3.039426523297491,156,East,1,Normal,0.16415468443537368,1,0,0,Rule-Based Only,5.223284440150385,2.6222894604135147,100,28.26721458517857,Low Risk
6,2008-10-24,32.61355138352939,14.43634598437684,118.8034295354662,-0.0001393337944594,1032,172,3,119.70348837209302,2.945736434108527,398,South,1,Normal,0.17250386947668883,1,0,0,Rule-Based Only,3.2205778421108686,6.690200033619095,100,28.28283892946021,Low Risk
6,2008-10-25,55.43552760868815,12.386664095516169,323.5690099203235,-0.0012163241840098,2912,655,16,182.3021978021978,3.1404532967032965,1384,North,1,Normal,0.15070993284826628,1,0,0,Rule-Based Only,8.448257006845457,23.26441418725836,100,35.04023205023732,Low Risk
6,2008-10-31,147.43742628415336,27.481675897144054,315.7499040101194,-0.0005873129301628,1054,178,83,127.74573055028463,4.036053130929791,458,West,1,Normal,0.06452680354926904,1,0,0,Rule-Based Only,29.12087605082425,7.6987729030089085,100,41.485131251164354,Low Risk
6,2008-11-05,122.91498034688632,9.39353720579524,171.42980659723654,0.010525652958342,218,18,13,214.94036697247705,4.08256880733945,133,West,1,Normal,0.0986706398115817,1,0,0,Rule-Based Only,20.930844829029304,2.235669860480753,100,36.02433987963484,Low Risk
6,2008-11-06,11.123056981940657,8.025353430178022,86.18830772884155,0.0006876288825466,932,101,3,167.21244635193133,3.437768240343348,347,East,1,Normal,0.1759704032812991,1,0,0,Rule-Based Only,2.3890655342070506,5.832913094637755,100,27.652761040762964,Low Risk
6,2008-11-08,81.6399034824034,20.56898837442338,221.58196967038003,-0.0068474871075416,2759,582,22,137.7731061978978,3.420804639362088,1119,South,1,Normal,0.13556803745528911,1,0,0,Rule-Based Only,12.08032093407671,18.80988401412002,100,35.74263147056836,Low Risk
6,2008-11-12,16.16099226500525,5.105511630141389,170.4783255115016,0.0040983133076152,1605,534,12,42.10778816199377,3.174454828660436,1069,North,1,Normal,0.1563739757551173,1,0,0,Rule-Based Only,7.0896314589629235,17.96940662296184,100,33.03716738522192,Low Risk
6,2008-11-13,47.887067130877504,11.4030116240664,93.5496577864387,-0.0017210740311215,1937,211,7,151.52245740836344,3.123902942694889,938,North,1,Normal,0.1711939865443597,1,0,0,Rule-Based Only,3.534777512887563,15.767355858127416,100,30.709227720975637,Low Risk
6,2008-11-15,1.4631884030973803,5.024805222840641,21.47815712133629,0.001139675281726,136,8,1,211.10294117647055,1.9264705882352944,53,East,1,Normal,0.09711363849007659,1,0,0,Rule-Based Only,21.304320420276156,0.8909060346276685,100,35.874886718795,Low Risk
6,2008-11-16,56.66967293998358,17.513664671117414,224.44327043457332,-0.0031534339262021,1847,355,16,172.70763400108282,3.6783974011911207,828,South,1,Normal,0.15060284156449388,1,0,0,Rule-Based Only,8.473944833806078,13.918305597579424,100,32.716548816297895,Low Risk
6,2008-11-17,1.6041385086164048,5.628841498229169,36.42433830577729,0.0004545003879931,166,4,0,63.75301204819277,2.289156626506024,90,North-East,1,Normal,0.11986347020428711,0,0,0,Normal,15.847352123025276,1.5128593040847202,0,8.301890887533817,Normal
6,2008-11-19,22.5699542329805,8.06525002867876,286.0735171609268,-0.0056229243433028,1684,329,21,438.9744655581948,3.380641330166271,1054,North,1,Normal,0.14236204809538194,1,0,0,Rule-Based Only,10.450651706633005,17.71726340561439,100,34.6546417047201,Low Risk
6,2008-11-20,11.38211163803889,6.612815732706879,174.14505937898244,-0.0033265247942452,794,117,10,157.18765743073047,2.934508816120907,440,East,1,Normal,0.178417858041044,1,0,0,Rule-Based Only,1.801998201109324,7.396201042191965,100,27.750049361102654,Low Risk
6,2008-11-21,180.3241170719836,33.824309617559464,172.37716136338,0.0010574811774906,3672,427,79,566.0196078431372,3.672113289760349,1229,North-West,1,Normal,0.01588288610816979,1,0,0,Rule-Based Only,40.789020178868824,20.658934274668013,100,50.559243658101416,Medium Risk
6,2008-11-23,3.0157833660270623,4.625750153959143,39.123691253187694,0.0020913691737646,447,79,0,220.37807606263985,3.2818791946308723,234,North,1,Normal,0.1553674067111409,0,0,0,Normal,7.3310756784620175,3.9334341906202726,0,4.648896386886077,Normal
6,2008-12-01,2.643409322525247,6.371109704320579,161.06744308918957,0.0069026785306126,228,30,5,243.39912280701756,2.956140350877193,147,East,1,Normal,0.15971605752285173,1,0,0,Rule-Based Only,6.287971276045838,2.4710035300050426,100,28.76173652052418,Low Risk
6,2008-12-02,1.3107033158229426,10.085034579780045,128.80584689188365,0.0013050344833205,64,19,4,141.0,3.59375,49,West,1,Normal,0.14049066987067044,1,0,0,Rule-Based Only,10.899536418076275,0.8236678433350143,100,30.65568516987189,Low Risk
6,2008-12-03,6.708564583623704,6.476440218367591,150.49400629933945,0.0138415431473331,598,131,11,245.82441471571903,3.4565217391304346,366,East,1,Normal,0.16480291165481137,1,0,0,Rule-Based Only,5.067795141138253,6.1522945032778615,100,29.071971196388592,Low Risk
6,2008-12-04,159.6924902478357,65.43846800561448,142.81631086490697,1.0739842890026832e-05,1629,135,452,125.58870472682628,3.6151012891344383,375,South-East,-1,Anomaly,-0.020709455364589346,1,1,1,Both Methods,49.56637070380894,6.303580433686334,100,51.359080460326055,Medium Risk
6,2008-12-06,32.223542024258585,16.371884318343824,258.4363231116282,0.0031575863470252,1365,312,15,46.04761904761905,3.364835164835165,670,North,1,Normal,0.15671050720661794,1,0,0,Rule-Based Only,7.00890816021783,11.262397041519582,100,31.32005334048881,Low Risk
6,2008-12-07,181.47848615533732,19.89762797851577,301.69291067645617,0.000901262729621,6019,1881,63,125.5662070111314,3.6788503073600265,2953,North-West,-1,Anomaly,-0.028413158504616676,1,1,1,Both Methods,51.4142465182178,49.63859472180198,100,63.11677193955939,Medium Risk
6,2008-12-09,2.191745779606053,10.526645689029465,163.89876438589772,0.0272302702895984,92,3,3,605.4673913043479,4.402173913043479,57,West,1,Normal,0.048320430872393516,1,0,0,Rule-Based Only,33.00827456093722,0.9581442259203228,100,41.743673336948696,Low Risk
6,2008-12-10,3.2443676126672685,6.351295657214641,93.47810024997752,-0.003940644512363,236,36,5,211.96610169491527,3.51271186440678,143,North,1,Normal,0.15155127723325534,1,0,0,Rule-Based Only,8.246444980557479,2.4037653387123887,100,29.724163824956836,Low Risk
6,2008-12-11,2.0272660627590238,8.676416555852233,59.58667308173089,0.0129412075535576,125,6,1,340.816,3.592,66,East,1,Normal,0.12801830224858413,1,0,0,Rule-Based Only,13.891264689317476,1.109430156328795,100,32.22298988374094,Low Risk
7,2008-10-25,0.1478405842847839,5.686461654701854,29.132822549136723,0.0965260603097963,15,6,0,83.0,2.4,14,North,1,Normal,0.0717402597610623,0,0,0,Normal,27.390595037942077,0.2353336695242898,0,13.75413093635211,Normal
7,2008-10-26,89.807981823659,4.248248163673432,65.62923227541569,0.0018717999759718,5589,1625,3,1400.5954553587403,2.954016818751118,3174,East,-1,Anomaly,-0.04243659445683545,1,1,1,Both Methods,54.77802724288949,53.35350479072113,100,65.72738981912502,Medium Risk
7,2008-10-27,13.095604750928205,7.674806351287496,241.22820893799127,0.0039015702538198,1079,150,11,193.7043558850788,3.0750695088044484,620,North,1,Normal,0.17647756442332746,1,0,0,Rule-Based Only,2.267413545374201,10.421919650361405,100,28.739186685277453,Low Risk
7,2008-10-28,94.64845349313524,17.992679372237045,480.40994642015113,-0.0040732128443408,3680,639,31,180.72608695652173,3.2255434782608696,1648,North,1,Normal,0.11129584738594706,1,0,0,Rule-Based Only,17.902455065755213,27.702134812573544,100,40.876761236021,Low Risk
7,2008-10-29,35.94855277501728,7.058820766420227,988.3173308713534,-0.0017932005981216,2882,741,33,228.8473282442748,3.124913254684247,1735,North,1,Normal,0.10823863452164317,1,0,0,Rule-Based Only,18.63578416849459,29.16456547318877,100,41.60903345254449,Low Risk
7,2008-10-30,12.979352335605336,8.921326248721947,398.416580167622,-0.0090528509403249,614,83,18,372.5977198697069,3.460912052117264,382,North,1,Normal,0.1424960092543025,1,0,0,Rule-Based Only,10.418518642684411,6.421247268448478,100,31.814571138454326,Low Risk
7,2008-10-31,34.60984871641721,8.676762333081637,303.14869240640985,-0.010070699105639,2265,670,22,236.8980132450331,3.163355408388521,1419,North,1,Normal,0.1441930059544877,1,0,0,Rule-Based Only,10.011462568170003,23.852748361069086,100,35.96891837435227,Low Risk
7,2008-11-01,99.64688747901045,4.2846890958872255,160.76559290157482,0.0003122317839111,4659,1727,21,3131.678257136725,2.635114831508908,3074,North,-1,Anomaly,-0.09432974982406905,1,1,1,Both Methods,67.22556123965404,51.67255000840477,100,71.53091812192821,Medium Risk
7,2008-11-02,108.85298778986792,8.481878789910029,146.1265513595589,0.0013073080779457,2137,376,15,151.68554047730464,3.14506317267197,1176,North,1,Normal,0.16270778548416337,1,0,0,Rule-Based Only,5.570349939590902,19.76802824004034,100,32.72718202980554,Low Risk
7,2008-11-03,13.748857645328316,5.8086512347510695,113.51536196152747,0.0054393545964166,1483,561,9,231.0296695886716,3.202966958867161,1010,North,1,Normal,0.16829210958851182,1,0,0,Rule-Based Only,4.230846422298142,16.977643301395194,100,31.35983403649787,Low Risk
7,2008-11-04,88.3282058723082,12.073524407344872,221.7052373379168,0.0032031197564026,5150,1777,13,210.4452427184466,3.244854368932039,2565,North,1,Normal,0.05699376857254834,1,0,0,Rule-Based Only,30.9278139467371,43.11649016641452,100,51.24302951497218,Medium Risk
7,2008-11-05,23.72782310347948,8.61440188929354,272.6279552355276,0.0010342647980278,1765,299,26,279.7065155807365,3.2515580736543908,1033,North,1,Normal,0.16317695661539444,1,0,0,Rule-Based Only,5.457810558145103,17.364262901327955,100,32.06997100440454,Low Risk
7,2008-11-06,15.764508575152098,6.715958127170361,135.2664161472477,0.0243388074287456,1596,328,14,245.44486215538848,2.968045112781955,935,North,1,Normal,0.1662596124691127,1,0,0,Rule-Based Only,4.718378483376496,15.716927214657925,100,31.28842104535273,Low Risk
7,2008-11-07,13.82560535163258,6.754355697087373,127.45931747072292,0.0161105971649137,1104,195,9,146.9048913043478,2.8206521739130435,643,North,1,Normal,0.1743064951639839,1,0,0,Rule-Based Only,2.7881846995613935,10.808539250294167,100,29.09622716235424,Low Risk
7,2008-11-08,76.40311018650964,6.430583684185773,438.26307382181216,0.0012296375276078,4953,1631,17,738.5031294165152,3.299818291944276,2814,North,1,Normal,0.02258386623262676,1,0,0,Rule-Based Only,39.18166604284554,47.30206757438225,100,56.41634991501833,Medium Risk
7,2008-11-09,11.89578544007834,6.370155212821757,140.353350924596,0.0053768324539957,1148,181,13,287.0662020905924,3.084494773519164,640,North,1,Normal,0.17012395317128126,1,0,0,Rule-Based Only,3.791444826617274,10.758110606824676,100,29.585250065014804,Low Risk
7,2008-11-10,16.856186318765513,9.068419176450028,1270.5773021396833,0.0103582325526548,1058,140,10,225.2608695652174,3.0860113421550093,671,East,1,Normal,0.10756975433669913,1,0,0,Rule-Based Only,18.796227463625385,11.279206589342747,100,37.21791537914838,Low Risk
7,2008-11-11,70.16668900537245,13.205847672464005,245.27813807017031,0.0004442492298168,3756,1692,5,193.5093184238552,3.1940894568690097,1770,North,1,Normal,0.10702929448344839,1,0,0,Rule-Based Only,18.92586676479366,29.7528996469995,100,41.901158294146704,Low Risk
7,2008-11-12,7.45347492412006,5.085207083476488,180.54586673723128,0.0034361303026884,893,308,6,227.96640537514,3.2866741321388577,544,North,1,Normal,0.16997414869800914,1,0,0,Rule-Based Only,3.827378202815467,9.144394015800975,100,29.199787605357976,Low Risk
7,2008-11-13,6.477533402781192,5.992998359378839,65.71088291794642,0.0044110383624273,721,142,2,119.8502080443828,3.234396671289875,416,East,1,Normal,0.17102264851755666,1,0,0,Rule-Based Only,3.57587611054416,6.992771894436039,100,28.536131028881087,Low Risk
7,2008-11-14,78.90276257047941,12.888821988422873,383.4046042168961,0.0001841268661538,4204,1858,20,177.72478591817318,3.0199809705042817,2092,North,1,Normal,0.07729300592334881,1,0,0,Rule-Based Only,26.058666074645547,35.16557404605816,100,46.820726548837314,Low Risk
7,2008-11-15,10.211775881637362,9.66138389363103,220.46626487935643,0.0099916360841455,626,137,7,195.05271565495207,3.84185303514377,329,West,1,Normal,0.15865928937640428,1,0,0,Rule-Based Only,6.541456679593072,5.530341233820811,100,29.653313648251736,Low Risk
7,2008-11-16,11.956055088669082,6.870039575692767,146.4438645493749,0.0021723599066705,718,152,3,136.60306406685237,3.4610027855153205,414,West,1,Normal,0.1716493649312491,1,0,0,Rule-Based Only,3.425546576512919,6.959152798789712,100,28.45256148795389,Low Risk
7,2008-11-17,13.73855235648552,10.862316624076511,81.41786055377248,0.0190031821312447,652,51,9,241.86503067484665,2.673312883435583,319,North,1,Normal,0.16069209525393235,1,0,0,Rule-Based Only,6.053850557161545,5.362245755589175,100,29.367486717478066,Low Risk
7,2008-11-18,8.207211984981525,5.877219161428588,217.9508197815446,0.0011623099997886,845,293,7,237.60236686390533,2.96094674556213,476,North,1,Normal,0.17386936956943955,1,0,0,Rule-Based Only,2.8930373657837727,8.001344763825854,100,28.44685487384835,Low Risk
7,2008-11-19,74.7247655670358,11.220793137559658,80.87778962615272,0.0023612167844112,3314,1238,1,211.75105612552807,3.3455039227519614,1522,East,1,Normal,0.12628193536782129,1,0,0,Rule-Based Only,14.30776443049141,25.584131786854936,100,38.54991516195943,Low Risk
7,2008-11-20,16.342436000675775,7.262799759203559,442.4374459775453,-0.0078728650361642,1087,279,18,227.52345906163757,3.1195952161913523,641,East,1,Normal,0.15885779744249617,1,0,0,Rule-Based Only,6.493840845022506,10.77492015464784,100,30.940650461173213,Low Risk
7,2008-11-21,17.98258735149141,5.432026915264828,350.18024533238304,0.0040588496303784,1702,471,17,200.11163337250292,3.537015276145711,979,South,1,Normal,0.15191907842106245,1,0,0,Rule-Based Only,8.158221056672325,16.45654731887712,100,33.193247358055444,Low Risk
7,2008-11-23,12.05228027089692,6.633379026499118,196.0970605667265,0.0030126582256294,981,172,13,198.1243628950051,2.981651376146789,551,East,1,Normal,0.17847308238373716,1,0,0,Rule-Based Only,1.7887516201631926,9.26206085056312,100,28.209891022722374,Low Risk
7,2008-12-03,37.22436846577423,9.355819023374684,303.13866695198755,0.0034536730389301,2730,1001,6,137.45018315018314,3.312820512820513,1489,North,1,Normal,0.1443243605610819,1,0,0,Rule-Based Only,9.979954734051184,25.029416708690537,100,36.247331544198225,Low Risk
7,2008-12-04,8.213477526903413,4.655060077423858,71.3785393139213,0.0013101632784541,997,305,5,215.5336008024072,3.0471414242728185,643,North,1,Normal,0.17111128431990175,1,0,0,Rule-Based Only,3.5546151724645,10.808539250294167,100,29.479442398805794,Low Risk
7,2008-12-06,193.06554581437288,33.813153251257894,281.8361090556817,1.1104708138594838e-05,3710,554,32,83.70242587601078,3.5474393530997306,1226,South,1,Normal,0.04580830529701979,1,0,0,Rule-Based Only,33.61085438639432,20.608505631198522,100,46.95755360099679,Low Risk
7,2008-12-07,21.14785288335092,6.626415065376924,166.99440975154272,0.0017008251966579,2021,707,13,198.27461652647204,3.1227115289460663,1107,North,1,Normal,0.16879237085411064,1,0,0,Rule-Based Only,4.110849496562197,18.608169440242055,100,31.70746710834161,Low Risk
7,2008-12-08,2.4153835457485973,6.752952109553132,25.83002254402058,0.0111161331201438,184,6,1,215.33152173913044,4.701086956521739,92,South,1,Normal,0.08432682922735946,1,0,0,Rule-Based Only,24.37147334018349,1.5464783997310474,100,37.57235627002451,Low Risk
7,2008-12-09,6.160107576803037,7.489845216383184,90.36398981495604,0.0019890712843883,538,49,3,233.41449814126395,3.1858736059479558,295,East,1,Normal,0.17095901909844347,1,0,0,Rule-Based Only,3.5911388046702144,4.958816607833249,100,28.03527355429342,Low Risk
7,2008-12-10,12.554792708137636,7.41436450702898,290.6321904770675,0.0030023092367808,1012,167,17,205.0128458498024,3.6383399209486167,646,West,1,Normal,0.1641475611591034,1,0,0,Rule-Based Only,5.224993089834822,10.858967893763657,100,30.327238518358328,Low Risk
7,2008-12-11,81.00852712251388,10.109874739425162,268.537089074181,0.0006809383952373,5559,1586,18,184.11476884331717,3.076092822450081,2879,North,1,Normal,0.05635824154143221,1,0,0,Rule-Based Only,31.080256870465643,48.394688182887876,100,52.63880048095479,Medium Risk
7,2008-12-12,71.08420737725872,10.70809621213002,331.1011668525684,-0.0018216256535855,3504,680,33,132.5799086757991,2.8427511415525117,1628,North,1,Normal,0.1278495296744353,1,0,0,Rule-Based Only,13.931747915661532,27.36594385611027,100,38.807359921858335,Low Risk
7,2008-12-13,12.17058934532479,5.271367732753585,277.0332878982616,0.0034387368772392,1386,505,13,101.2193362193362,3.0353535353535355,858,North,1,Normal,0.1676235122443117,1,0,0,Rule-Based Only,4.391221872840358,14.42259203227433,100,30.801258944488765,Low Risk
7,2008-12-14,40.70793745490152,10.414765073530065,463.84328432030014,0.0039301298522432,2228,380,44,193.86355475763017,3.534560143626571,1294,North,1,Normal,0.14030097358896382,1,0,0,Rule-Based Only,10.945038583032193,21.751554883173643,100,35.91040801230951,Low Risk
7,2008-12-15,12.789373503223048,7.319101287190248,201.8917363434798,0.0003666428116521,986,154,14,192.65922920892496,3.158215010141988,596,East,1,Normal,0.17779043915827247,1,0,0,Rule-Based Only,1.9524962353537734,10.01849050260548,100,28.480870743328254,Low Risk
8,2008-10-24,19.521630276023508,24.53592772700548,374.0021860431056,0.0639605642859129,2053,260,89,170.2411105698977,3.2878714076960547,622,East,1,Normal,0.11054930126551654,1,0,0,Rule-Based Only,18.081527973317876,10.455538746007733,100,36.65464867316087,Low Risk
8,2008-10-25,34.67948865775751,23.877499125119947,151.47877406402708,0.0833761039237974,4162,877,121,166.12349831811628,3.227534839019702,1410,East,1,Normal,0.053774813062242965,1,0,0,Rule-Based Only,31.69994001741151,23.701462430660616,100,46.77533561637091,Low Risk
8,2008-10-26,20.33999165138457,14.009891591577118,247.69514838137573,0.1363593676797794,2293,473,144,212.19930222416048,3.040994330571304,1020,South,1,Normal,0.07859156350948909,1,0,0,Rule-Based Only,25.747182997814882,17.14573877962683,100,42.160026193814154,Low Risk
8,2008-10-27,9.679085348490815,14.140440434927664,189.497871594344,0.2230175118808499,563,28,74,828.0550621669627,3.1740674955595027,256,South,1,Normal,0.010514195434270235,1,0,0,Rule-Based Only,42.07680002591342,4.303244242729871,100,47.11421107363918,Low Risk
8,2008-10-28,16.362637414450795,22.09347564695541,265.0248792333067,0.1201798059394672,1884,325,69,147.63428874734606,2.942144373673036,705,East,1,Normal,0.11324462392010953,1,0,0,Rule-Based Only,17.43500493693917,11.850731215330308,100,36.68018527230216,Low Risk
8,2008-10-29,56.81845011843834,21.664207946137736,609.5229219135784,0.0682383451146753,4491,703,279,183.997327989312,3.147628590514362,1748,North,1,Normal,0.015807926281163898,1,0,0,Rule-Based Only,40.807000681084276,29.3830895948899,100,52.74927273926461,Medium Risk
8,2008-10-30,27.10827215415849,26.72040807837636,195.69289510945595,0.0723008178207173,2499,163,140,251.0268107242897,3.3145258103241297,698,West,1,Normal,0.08051318970520988,1,0,0,Rule-Based Only,25.286245380299892,11.733064380568162,100,40.57638878529198,Low Risk
8,2008-11-01,31.13906986193396,18.667283845477208,194.37172939474036,0.0755812158469897,3812,1020,146,156.11096537250788,2.93704092339979,1567,East,1,Normal,0.06521691820397285,1,0,0,Rule-Based Only,28.955339275014413,26.340561438897293,100,46.062809997231525,Low Risk
8,2008-11-02,16.03145567276683,12.396412314047016,466.8056607290634,0.3025082714539135,1280,153,96,178.934375,2.9484375,465,North,1,Normal,0.036305676025974454,1,0,0,Rule-Based Only,35.89023593629086,7.816439737771054,100,44.89922790258819,Low Risk
8,2008-11-04,10.84441108914451,35.62966259730654,151.522286297183,0.0460987098396317,652,35,10,191.87269938650303,2.914110429447853,112,North,1,Normal,0.09787293007249986,1,0,0,Rule-Based Only,21.122190277701733,1.8826693561943184,100,36.03176247789945,Low Risk
8,2008-11-05,34.8798086137519,14.018937643937145,2378.8258180863545,0.0655967628505719,5242,1685,109,181.75295688668447,3.0906142693628387,2382,North,-1,Anomaly,-0.06812127420511671,1,1,1,Both Methods,60.93897317304607,40.04034291477559,100,65.47957231521693,Medium Risk
8,2008-11-06,8.675912348455864,12.625187125839116,204.6973119724859,0.3255209158113905,1108,52,80,155.06498194945848,2.8555956678700363,430,North,1,Normal,0.04816970276727417,1,0,0,Rule-Based Only,33.04442948733288,7.22810556396033,100,43.32924113465652,Low Risk
8,2008-11-07,7.38720744601339,32.15402742540387,176.05611993841586,0.4157820070470041,319,7,107,743.4858934169279,1.5141065830721003,112,North,-1,Anomaly,-0.10091385291718158,1,1,1,Both Methods,68.80488025600103,1.8826693561943184,100,59.873107467049095,Medium Risk
8,2008-11-08,14.795421489377976,18.30413672119966,171.9007430215039,0.1338558249278916,1988,387,105,173.10663983903422,3.147887323943662,806,South,1,Normal,0.10799143649181331,1,0,0,Rule-Based Only,18.695079192249946,13.548495545469827,100,37.73466348249243,Low Risk
8,2008-11-09,12.168852608657824,16.317514853060764,271.0348930345734,0.0839787210797121,1613,269,56,175.17730936143832,3.2300061996280225,620,North,1,Normal,0.14067859053352688,1,0,0,Rule-Based Only,10.854460168173054,10.421919650361405,100,33.03270999667688,Low Risk
8,2008-11-10,7.031177403417672,21.461655745162247,165.64583459158715,0.1034119265688806,856,91,19,177.20560747663552,3.3154205607476634,260,South,1,Normal,0.12448818889407204,1,0,0,Rule-Based Only,14.73802772929379,4.370482434022525,100,33.46163447315253,Low Risk
8,2008-11-11,24.257190926105046,23.141833885104905,101.57096273438388,0.0414908556992108,3047,608,45,153.00787659993435,3.2330160813915327,883,West,1,Normal,0.12298432185504155,1,0,0,Rule-Based Only,15.098758079230565,14.842830727853421,100,36.26008672157864,Low Risk
8,2008-11-12,67.88823569157474,25.72231201921592,215.6754407685959,0.1282728108826544,5427,718,239,144.86972544683988,2.8697254468398747,1533,North,-1,Anomaly,-0.008806730765519855,1,1,1,Both Methods,46.71128185726341,25.769036812909736,100,54.79790013185914,Medium Risk
8,2008-11-13,12.873316539286025,27.96406958354012,225.2917320943259,0.0543522143428611,1270,76,45,224.5267716535433,3.3165354330708663,390,South,1,Normal,0.1261425287499654,1,0,0,Rule-Based Only,14.341203688575737,6.555723651033787,100,33.80953275704631,Low Risk
8,2008-11-14,22.570096692208,31.66389134204705,130.22840237046344,0.0716230231341343,2257,146,135,61.52813469206912,3.1962782454585734,476,East,1,Normal,0.061649531664787316,1,0,0,Rule-Based Only,29.811042978361584,8.001344763825854,100,41.90585768013725,Low Risk
8,2008-11-15,21.870362460645072,16.599847331797733,291.1974389572359,0.0809452074672277,3240,890,94,202.21574074074076,3.022222222222222,1257,North,1,Normal,0.0996388523509456,1,0,0,Rule-Based Only,20.69860112724362,21.12960161371659,100,40.63170096705096,Low Risk
8,2008-11-17,23.144343334652053,13.456125978915669,204.0527715706084,0.1548636298829435,3270,379,147,200.74097859327216,3.068807339449541,1149,East,1,Normal,0.06745760075514412,1,0,0,Rule-Based Only,28.417870084053003,19.314170448814927,100,44.03747765423024,Low Risk
8,2008-11-18,25.12980588089229,19.10516269020033,231.40467821964123,0.1131165657774876,2838,277,175,217.48026779422128,3.240662438336857,859,North,1,Normal,0.07075869294697562,1,0,0,Rule-Based Only,27.62604200974358,14.439401580097497,100,42.42287139989616,Low Risk
8,2008-11-19,79.1257886928775,21.81411095334818,5050.755235912178,0.070829946196332,7295,1198,222,227.1226867717615,2.7320082248115147,2173,North,-1,Anomaly,-0.13666253493580105,1,1,1,Both Methods,77.37986344245924,36.527147419734405,100,72.82171857616322,Medium Risk
8,2008-11-20,12.635032553977904,27.77656459452048,130.30068117852633,0.0814290118720146,1185,106,52,169.45991561181435,5.0050632911392405,270,West,1,Normal,0.04459543645238989,1,0,0,Rule-Based Only,33.90178343224456,4.53857791225416,100,43.08553619418582,Low Risk
8,2008-12-01,22.488645105929937,33.73331003679723,344.7232290783927,0.0316653523374246,2195,161,52,125.07835990888384,3.183599088838269,375,South,1,Normal,0.10348808937188203,1,0,0,Rule-Based Only,19.775290368037705,6.303580433686334,100,36.463540292440435,Low Risk
8,2008-12-05,22.89302625666308,25.310518562629987,291.5827447981835,0.0600637978275945,2066,212,108,145.09680542110357,3.3610842207163603,546,East,1,Normal,0.10497035099074103,1,0,0,Rule-Based Only,19.419742478103522,9.178013111447301,100,37.00437451691359,Low Risk
8,2008-12-06,27.20760138689853,22.61295951415359,199.1630082317467,0.0502224541056464,3395,502,69,144.81944035346098,3.076877761413844,935,North,1,Normal,0.11358184542944127,1,0,0,Rule-Based Only,17.354116115048456,15.716927214657925,100,37.606289861188706,Low Risk
8,2008-12-10,9.312940112718463,19.62517980147594,444.3545131688556,0.1237985978871228,1178,172,47,206.96943972835317,3.173174872665535,458,South,1,Normal,0.11583720924875984,1,0,0,Rule-Based Only,16.813125350132147,7.6987729030089085,100,35.3312559008183,Low Risk
8,2008-12-11,10.78707455544614,20.23069537926847,164.48185462688636,0.1616052259398826,1406,189,77,353.9594594594595,2.852773826458037,530,North,1,Normal,0.09555011868357566,1,0,0,Rule-Based Only,21.67935959082395,8.909060346276686,100,38.066944881981144,Low Risk
8,2008-12-12,30.03843286910993,28.17726028969799,176.23160724398517,0.0832556503196636,3026,340,104,162.38631857237277,3.281890284203569,967,North,1,Normal,0.08493490382201418,1,0,0,Rule-Based Only,24.225615391558673,16.25483274499916,100,41.17651588202913,Low Risk
9,2008-10-24,13.49531112292514,29.11008509843924,198.0580135784381,0.0981606193162279,1228,109,34,125.9543973941368,2.6742671009771986,274,North,1,Normal,0.1047619670528937,1,0,0,Rule-Based Only,19.46972722334359,4.605816103546815,100,35.886317637558506,Low Risk
9,2008-10-25,6.651598925836986,9.140596551684132,195.7741432950299,0.1508664652944554,996,152,68,257.3333333333333,3.200803212851405,471,South,1,Normal,0.11154594879571683,1,0,0,Rule-Based Only,17.842463612571898,7.9172970247100345,100,35.90055606246345,Low Risk
9,2008-10-26,6.996008064425867,4.603056829454561,115.79118840429376,0.0782912135691667,1496,345,25,144.27941176470588,3.1490641711229945,760,North,1,Normal,0.14622101367595208,1,0,0,Rule-Based Only,9.52500737229713,12.775256345604301,100,32.95631777254964,Low Risk
9,2008-10-27,9.669560638897917,11.534858065836543,252.8731698581549,0.220680940662461,1360,155,89,200.7580882352941,3.5036764705882355,572,West,1,Normal,0.07199422691432461,1,0,0,Rule-Based Only,27.329676314616762,9.615061354849555,100,41.06860349602077,Low Risk
9,2008-10-28,6.147526383120079,6.198912985781557,86.59059061013814,0.069289167257116,1071,232,11,164.6283846872082,2.835667600373483,427,East,1,Normal,0.15420015975950868,1,0,0,Rule-Based Only,7.611061468692768,7.177676920490839,100,30.599949964469094,Low Risk
9,2008-10-29,6.186923268586473,9.146516569495414,65.49021117631564,0.0992316030475024,1000,117,28,167.268,3.157,367,West,1,Normal,0.14423499136391915,1,0,0,Rule-Based Only,10.00139159045497,6.169104051101025,100,31.542971808002743,Low Risk
9,2008-10-30,7.866733079770954,9.83472743349542,265.9462510100022,0.1710176651062518,1256,173,45,187.7125796178344,3.02468152866242,534,North,1,Normal,0.10365282536625658,1,0,0,Rule-Based Only,19.735775390080462,8.97629853756934,100,37.111962329432565,Low Risk
9,2008-10-31,5.230139929485812,8.599871945077577,364.82400842872426,0.0665220097981339,900,113,16,119.68777777777778,3.061111111111111,282,South,1,Normal,0.15478025156124386,1,0,0,Rule-Based Only,7.471915710986495,4.740292486132123,100,29.921030977026277,Low Risk
9,2008-11-01,34.34952585762578,14.756360594224391,899.5283512332023,0.0298400856678161,4594,1026,153,194.74597300827165,2.873313016978668,1902,North,1,Normal,0.03414846442792502,1,0,0,Rule-Based Only,36.40768307387406,31.971759959657085,100,51.196781526851304,Medium Risk
9,2008-11-02,10.410305662824928,8.884689255055962,244.95718548370823,0.1081371935573111,1676,369,51,235.0793556085919,3.236873508353222,702,South,1,Normal,0.12984233175696652,1,0,0,Rule-Based Only,13.453737444037884,11.800302571860817,100,34.676944364984145,Low Risk
9,2008-11-03,11.731913622157412,5.615835233369443,138.89016896163986,0.0627725530471817,2783,1058,32,157.37333812432627,2.981315127560187,1461,North,1,Normal,0.12677617400370883,1,0,0,Rule-Based Only,14.189212143986795,24.55874936964196,100,38.234293414403886,Low Risk
9,2008-11-04,22.471068808994342,10.015352487683636,206.74615063808017,0.1077208354179941,3388,578,123,190.46487603305783,3.229338842975207,1358,North,1,Normal,0.07685924983420184,1,0,0,Rule-Based Only,26.162710502619756,22.82736594385611,100,43.78819673727391,Low Risk
9,2008-11-05,20.150599307849227,16.36432916591063,1257.2933216365302,-0.0680280570235305,1936,254,133,219.2422520661157,3.228822314049587,754,South-West,1,Normal,0.040345715069771804,1,0,0,Rule-Based Only,34.921157779642925,12.674399058665323,100,45.629178654487795,Low Risk
9,2008-11-06,4.617764929109688,11.97873756255505,130.63152700388827,0.0905828605031797,511,54,17,183.2211350293542,1.974559686888454,185,East,1,Normal,0.10021309820404328,1,0,0,Rule-Based Only,20.56085762854229,3.109766347285258,100,36.05787040109246,Low Risk
9,2008-11-07,10.477128372477138,9.816554719163564,103.557004915087,0.1029368847431607,1823,334,59,211.84092155787164,3.172792100932529,717,North,1,Normal,0.13238454322317939,1,0,0,Rule-Based Only,12.843940960692219,12.05244578920827,100,34.43508192764818,Low Risk
9,2008-11-08,15.179749185466427,9.037233869143153,630.7784757177238,-0.0036006400156083,1983,571,64,179.0579929399899,2.9798285426122035,1000,North,1,Normal,0.13238366431379422,1,0,0,Rule-Based Only,12.844151783379226,16.809547823163555,100,35.6244628474805,Low Risk
9,2008-11-09,21.28055261287751,11.79395592054813,220.5850858304292,0.0703642180960999,3443,757,83,125.54923032239326,2.977926227127505,1365,North,1,Normal,0.11208739425131858,1,0,0,Rule-Based Only,17.71258789643358,22.945032778618256,100,39.592552142871355,Low Risk
9,2008-11-10,11.625837397712903,9.503526023017017,122.70631553626626,0.1039620853751862,1894,469,74,223.32893347412883,3.116156282998944,904,North,1,Normal,0.1262831422188183,1,0,0,Rule-Based Only,14.307474944937715,15.195831232139856,100,35.95269528050382,Low Risk
9,2008-11-11,9.73334221788494,4.118590896110648,193.8841292876004,0.069291701928928,2740,1394,58,187.55839416058396,2.8766423357664235,1700,North,1,Normal,0.08205955661682662,1,0,0,Rule-Based Only,24.91532064913631,28.576231299378048,100,44.60171814941266,Low Risk
9,2008-11-12,21.641894025084,10.930383378448628,848.097758245059,0.0609687427662149,3186,1270,176,189.58757062146893,2.842749529190207,1472,North,1,Normal,0.040927142734692334,1,0,0,Rule-Based Only,34.781691590421225,24.74365439569676,100,48.5767593941348,Low Risk
9,2008-11-13,17.264649746714444,11.52949166936978,315.60649904689643,0.0787815040092655,2265,439,129,188.0701986754967,3.1421633554083885,1067,North,1,Normal,0.10336257713699631,1,0,0,Rule-Based Only,19.805396801144227,17.935787527315515,100,39.38664528240099,Low Risk
9,2008-11-14,18.046160268583307,7.107026779891911,176.46758715743172,0.0566795428685652,4324,1988,93,199.4632284921369,2.9817298797409806,2059,North,1,Normal,0.03685478808045212,1,0,0,Rule-Based Only,35.758521244482786,34.61085896789376,100,51.53197536421483,Medium Risk
9,2008-11-15,9.11423673242113,5.113598122287632,1564.909770284206,0.0532587184765088,2111,853,45,175.86925627664613,3.114163903363335,1126,North,1,Normal,0.0656432853642464,1,0,0,Rule-Based Only,28.853067218419447,18.927550848882166,100,44.15842132143027,Low Risk
9,2008-11-16,59.55603107253149,16.426914888111874,1184.0403349993103,-0.0108357283138599,4038,608,225,263.3442298167409,3.1097077761267955,1769,North,1,Normal,0.01020742896064697,1,0,0,Rule-Based Only,42.1503836436848,29.736090099176334,100,53.509214346636476,Medium Risk
9,2008-12-01,16.62893035006667,11.060873519803716,548.5137730017196,0.0791764264668088,2324,448,138,202.45740103270225,3.1876075731497417,1095,North,1,Normal,0.08611132708886732,1,0,0,Rule-Based Only,23.943428492243903,18.406454866364093,100,41.57332796271297,Low Risk
9,2008-12-02,8.136727212897998,12.572259622659269,223.0610236793844,0.1681312856411738,1184,267,83,250.56334459459455,3.102195945945946,567,North,1,Normal,0.09350905442552265,1,0,0,Rule-Based Only,22.168946638709222,9.531013615733738,100,38.46722672328805,Low Risk
9,2008-12-03,10.76197381773635,9.562925762023086,182.7197872564496,0.1065394531221352,1822,427,77,309.5137211855104,3.0773874862788144,826,North,1,Normal,0.11761922695283827,1,0,0,Rule-Based Only,16.385675413866398,13.884686501933096,100,36.66400933241647,Low Risk
9,2008-12-04,7.393911915361031,7.824072437173333,152.1202024673869,0.0599335676820046,1543,479,27,203.09591704471808,3.0265716137394687,716,North,1,Normal,0.16002362406196008,1,0,0,Rule-Based Only,6.214195747756499,12.035636241385108,100,31.116006934224526,Low Risk
9,2008-12-05,16.168045651503146,5.541009471157269,365.5342535096598,0.0611813390014862,3180,1411,71,223.21666666666667,3.0361635220125787,1795,North,1,Normal,0.08045572766523779,1,0,0,Rule-Based Only,25.30002871436417,30.173138342578586,100,45.193298942826736,Low Risk
9,2008-12-06,12.573340596755324,7.329827673648695,201.90025133663627,0.0212707512606794,2192,1017,60,99.4169708029197,2.908759124087591,1122,North,1,Normal,0.12946599853627094,1,0,0,Rule-Based Only,13.544007933962227,18.86031265758951,100,36.48708213137849,Low Risk
9,2008-12-07,11.145135858317952,6.477224112753216,896.7788792019225,0.0242141496969061,1987,592,68,210.1726220432813,3.146955208857574,1047,North,1,Normal,0.11430905838617533,1,0,0,Rule-Based Only,17.17968062470727,17.599596570852245,100,37.9897394550667,Low Risk
9,2008-12-08,14.293844969086017,6.72946977623231,277.832129654704,0.0632793405872019,2753,1082,70,383.88557936796224,3.311660007264802,1529,North,1,Normal,0.09143379986819544,1,0,0,Rule-Based Only,22.666734862829852,25.70179862161708,100,42.7588170868192,Low Risk
9,2008-12-09,9.115293902277411,14.845662515650972,216.8737617919619,0.2092275327538853,1179,105,93,283.7082273112807,3.040712468193384,478,South,1,Normal,0.07525507934388309,1,0,0,Rule-Based Only,26.54750049223479,8.03496385947218,100,40.28249121098544,Low Risk
9,2008-12-10,11.83617114034571,7.064611737057842,719.9432370858518,0.0199858546867248,2517,863,58,268.41716328963054,2.945967421533572,1302,North,1,Normal,0.11342123803166643,1,0,0,Rule-Based Only,17.39264077267983,21.88603126575895,100,39.16782820277965,Low Risk
9,2008-12-11,17.056363701609225,6.245838768002948,191.44343870468583,0.0606808256518629,3815,1365,62,167.34941022280472,3.092005242463958,1920,North,1,Normal,0.08840399124078924,1,0,0,Rule-Based Only,23.39349055202316,32.274331820474025,100,44.76532823113009,Low Risk
9,2008-12-12,8.2556617155299,6.0037516475687855,170.25264484290773,0.0652359630125837,2226,1136,41,227.9240790655885,3.041329739442947,1195,North,1,Normal,0.11928624621848,1,0,0,Rule-Based Only,15.985809981990215,20.087409648680453,100,38.01475740316522,Low Risk
9,2008-12-13,15.789271683042571,5.352156637563665,327.4758063864004,0.0954641885590842,2701,1345,100,191.98741206960383,2.99333580155498,1679,North,1,Normal,0.060706436653709894,1,0,0,Rule-Based Only,30.03726177599473,28.223230795091613,100,47.07443858677026,Low Risk
9,2008-12-14,21.6260783337265,9.2319835167483,680.8103650116789,0.1624680497268627,3191,781,188,269.8392353494202,3.207458476966468,1679,North,1,Normal,0.014662778034938206,1,0,0,Rule-Based Only,41.08168568771677,28.223230795091613,100,52.59665054263129,Medium Risk
